stamp_sec,stamp_nanosec,x,y,z,qx,qy,qz,qw
4,588000000,0.21757223729334557,-2.0098578457923915,2.7050113652966967,0.6248753197928099,0.6246573902201459,0.33146272831035334,-0.33085712822644003
4,654000000,0.21757223729334557,-2.0098578457923915,2.7050113652966967,0.6248753197928099,0.6246573902201459,0.33146272831035334,-0.33085712822644003
4,720000000,0.21757223699427675,-2.009857848619975,2.705011362886626,0.6248753197871594,0.6246573898113937,0.3314627286933081,-0.33085712862517913
4,753000000,0.21757223679988197,-2.0098578504579043,2.70501136132008,0.6248753197829215,0.6246573895048296,0.3314627289805242,-0.33085712892423336
4,819000000,0.2175722360067017,-2.009857851233284,2.7050113607616106,0.6248753196509123,0.6246573894581614,0.33146272926672715,-0.330857128974936
4,852000000,0.21757223300240397,-2.0098578520001276,2.7050113605342574,0.6248753195770688,0.624657389381516,0.33146272980702784,-0.3308571287178176
4,885000000,0.21757223104961043,-2.0098578524985755,2.705011360386478,0.6248753195216861,0.6246573893240321,0.3314627302122534,-0.3308571285249787
4,918000000,0.2175722297802946,-2.0098578528225666,2.705011360290421,0.6248753194801491,0.6246573892809191,0.33146273051617264,-0.33085712838034953
4,951000000,0.2175722289552393,-2.009857853033161,2.705011360227984,0.6248753194489963,0.6246573892485843,0.3314627307441121,-0.3308571282718776
4,984000000,0.21757222911321628,-2.0098578533574387,2.7050113599171475,0.624875319438552,0.6246573891785271,0.33146273085121003,-0.33085712831657765
5,17000000,0.2175722292159013,-2.0098578535682194,2.7050113597151038,0.6248753194307187,0.6246573891259841,0.33146273093153344,-0.3308571283501026
5,50000000,0.2175722323496127,-2.0098578541897196,2.7050113587316216,0.6248753192163787,0.6246573891805274,0.3314627307434951,-0.33085712884032165
5,83000000,0.21757223438652507,-2.0098578545936947,2.7050113580923583,0.6248753190556239,0.6246573892214349,0.33146273060246634,-0.33085712920798593
5,116000000,0.21757223488525151,-2.0098578547042805,2.705011357919976,0.6248753189889299,0.6246573892318532,0.3314627305603614,-0.3308571293564601
5,182000000,0.2175722352094237,-2.009857854776161,2.7050113578079276,0.6248753189389094,0.624657389239667,0.3314627305287827,-0.33085712946781587
5,215000000,0.2175722354201356,-2.009857854822884,2.705011357735096,0.624875318901394,0.6246573892455272,0.3314627305050987,-0.3308571295513328
5,248000000,0.21757223555709831,-2.0098578548532533,2.7050113576877557,0.6248753188732574,0.6246573892499224,0.3314627304873357,-0.3308571296139704
5,314000000,0.2175722356461241,-2.0098578548729935,2.7050113576569843,0.624875318852155,0.6246573892532188,0.3314627304740135,-0.3308571296609487
5,347000000,0.21757223570399087,-2.0098578548858246,2.705011357636983,0.6248753188363283,0.6246573892556911,0.33146273046402186,-0.3308571296961825
5,380000000,0.21757223574160428,-2.009857854894165,2.7050113576239823,0.6248753188244581,0.6246573892575452,0.331462730456528,-0.3308571297226077
5,413000000,0.217572235766053,-2.009857854899586,2.7050113576155317,0.6248753188155556,0.6246573892589359,0.3314627304509077,-0.3308571297424267
5,446000000,0.21757223578194468,-2.00985785490311,2.7050113576100387,0.6248753188088787,0.6246573892599789,0.33146273044669244,-0.3308571297572909
5,479000000,0.21757223579227425,-2.0098578549054005,2.7050113576064683,0.6248753188038709,0.6246573892607612,0.3314627304435311,-0.3308571297684391
5,512000000,0.2175722357989885,-2.009857854906889,2.7050113576041475,0.6248753188001152,0.6246573892613478,0.33146273044116,-0.33085712977680026
5,545000000,0.21757223580335272,-2.0098578549078567,2.705011357602639,0.6248753187972984,0.6246573892617878,0.3314627304393816,-0.33085712978307114
5,578000000,0.21757223580618945,-2.0098578549084856,2.7050113576016583,0.6248753187951858,0.6246573892621179,0.33146273043804786,-0.3308571297877743
5,611000000,0.21757223580803337,-2.0098578549088946,2.705011357601021,0.6248753187936014,0.6246573892623654,0.3314627304370476,-0.33085712979130166
5,644000000,0.2175722358092319,-2.0098578549091606,2.7050113576006067,0.624875318792413,0.624657389262551,0.33146273043629737,-0.3308571297939471
5,677000000,0.21757223581001095,-2.0098578549093333,2.7050113576003376,0.6248753187915217,0.6246573892626902,0.3314627304357347,-0.33085712979593124
5,710000000,0.21757223581051732,-2.0098578549094457,2.7050113576001626,0.6248753187908532,0.6246573892627947,0.3314627304353127,-0.3308571297974193
5,743000000,0.21757223581084645,-2.0098578549095185,2.705011357600049,0.624875318790352,0.624657389262873,0.3314627304349962,-0.33085712979853543
5,776000000,0.2175722358110604,-2.009857854909566,2.705011357599975,0.6248753187899759,0.6246573892629317,0.33146273043475877,-0.3308571297993725
5,809000000,0.21757223581119944,-2.0098578549095967,2.705011357599927,0.6248753187896937,0.6246573892629759,0.33146273043458085,-0.3308571298000003
5,842000000,0.21757223581128982,-2.0098578549096167,2.7050113575998957,0.6248753187894823,0.6246573892630088,0.3314627304344473,-0.3308571298004711
5,875000000,0.2175722358113486,-2.0098578549096295,2.7050113575998753,0.6248753187893237,0.6246573892630336,0.33146273043434715,-0.33085712980082427
5,908000000,0.2175722358113868,-2.009857854909638,2.705011357599862,0.6248753187892047,0.6246573892630521,0.331462730434272,-0.3308571298010891
5,974000000,0.2175722358114116,-2.0098578549096437,2.7050113575998536,0.6248753187891154,0.6246573892630661,0.3314627304342157,-0.33085712980128773
6,7000000,0.21757223581142776,-2.0098578549096473,2.705011357599848,0.6248753187890486,0.6246573892630767,0.3314627304341735,-0.3308571298014368
6,40000000,0.21757223581143825,-2.0098578549096495,2.7050113575998442,0.6248753187889984,0.6246573892630845,0.33146273043414176,-0.33085712980154847
6,73000000,0.21757223581144508,-2.0098578549096513,2.705011357599842,0.6248753187889607,0.6246573892630903,0.331462730434118,-0.3308571298016323
6,106000000,0.21757223581144952,-2.009857854909652,2.7050113575998402,0.6248753187889325,0.6246573892630947,0.33146273043410013,-0.33085712980169507
6,139000000,0.2175722358114524,-2.0098578549096526,2.7050113575998394,0.6248753187889111,0.6246573892630981,0.3314627304340868,-0.3308571298017423
6,205000000,0.21757223581145424,-2.009857854909653,2.705011357599839,0.6248753187888955,0.6246573892631005,0.33146273043407676,-0.3308571298017776
6,238000000,0.21757223581145546,-2.0098578549096535,2.7050113575998385,0.6248753187888835,0.6246573892631023,0.33146273043406926,-0.3308571298018041
6,271000000,0.21757223581145624,-2.0098578549096535,2.705011357599838,0.6248753187888744,0.6246573892631039,0.33146273043406366,-0.3308571298018241
6,304000000,0.21757223581145674,-2.0098578549096535,2.705011357599838,0.6248753187888678,0.6246573892631049,0.33146273043405944,-0.3308571298018389
6,337000000,0.21757223581145707,-2.0098578549096535,2.705011357599838,0.6248753187888628,0.6246573892631057,0.3314627304340563,-0.3308571298018501
6,370000000,0.2175722358114573,-2.0098578549096535,2.705011357599838,0.6248753187888592,0.6246573892631062,0.3314627304340539,-0.33085712980185855
6,403000000,0.21757223581145746,-2.0098578549096535,2.705011357599838,0.6248753187888563,0.6246573892631067,0.3314627304340521,-0.33085712980186477
6,436000000,0.21757223581145757,-2.0098578549096535,2.705011357599838,0.6248753187888542,0.624657389263107,0.3314627304340508,-0.3308571298018695
6,469000000,0.21757223581145763,-2.0098578549096535,2.705011357599838,0.6248753187888525,0.6246573892631072,0.3314627304340498,-0.3308571298018731
6,568000000,0.21757223581145768,-2.0098578549096535,2.705011357599838,0.6248753187888513,0.6246573892631073,0.331462730434049,-0.33085712980187565
6,601000000,0.21757223581145768,-2.0098578549096535,2.705011357599838,0.6248753187888505,0.6246573892631075,0.33146273043404845,-0.3308571298018777
6,634000000,0.21757223581145768,-2.0098578549096535,2.705011357599838,0.6248753187888498,0.6246573892631077,0.331462730434048,-0.3308571298018792
6,667000000,0.21757223581145768,-2.0098578549096535,2.705011357599838,0.6248753187888494,0.6246573892631078,0.3314627304340476,-0.3308571298018803
6,700000000,0.21757223581145768,-2.0098578549096535,2.705011357599838,0.6248753187888489,0.6246573892631078,0.3314627304340474,-0.3308571298018811
6,799000000,0.21757223581145768,-2.0098578549096535,2.705011357599838,0.6248753187888487,0.6246573892631078,0.3314627304340473,-0.33085712980188176
6,832000000,0.21757223581145768,-2.0098578549096535,2.705011357599838,0.6248753187888485,0.6246573892631078,0.3314627304340471,-0.3308571298018822
6,865000000,0.21757223581145768,-2.0098578549096535,2.705011357599838,0.6248753187888483,0.6246573892631078,0.331462730434047,-0.3308571298018826
6,898000000,0.21757223581145768,-2.0098578549096535,2.705011357599838,0.6248753187888483,0.6246573892631079,0.3314627304340469,-0.33085712980188287
6,931000000,0.21757223581145768,-2.0098578549096535,2.705011357599838,0.6248753187888482,0.6246573892631079,0.3314627304340469,-0.3308571298018831
6,964000000,0.21757223581145768,-2.0098578549096535,2.705011357599838,0.624875318788848,0.6246573892631079,0.33146273043404684,-0.3308571298018832
6,997000000,0.21757223581145768,-2.0098578549096535,2.705011357599838,0.624875318788848,0.6246573892631079,0.3314627304340467,-0.33085712980188325
7,30000000,0.21757223581145768,-2.0098578549096535,2.705011357599838,0.624875318788848,0.6246573892631079,0.3314627304340468,-0.3308571298018834
7,63000000,0.21757223581145768,-2.0098578549096535,2.705011357599838,0.624875318788848,0.6246573892631079,0.3314627304340467,-0.3308571298018834
7,96000000,0.21757223581145768,-2.0098578549096535,2.705011357599838,0.6248753187888479,0.6246573892631078,0.3314627304340467,-0.3308571298018835
7,129000000,0.21757223581145768,-2.0098578549096535,2.705011357599838,0.6248753187888479,0.6246573892631079,0.3314627304340468,-0.3308571298018836
7,162000000,0.21757223581145768,-2.0098578549096535,2.705011357599838,0.6248753187888478,0.6246573892631079,0.3314627304340468,-0.33085712980188353
7,195000000,0.21757223581145768,-2.0098578549096535,2.705011357599838,0.6248753187888478,0.6246573892631079,0.3314627304340468,-0.33085712980188353
7,261000000,0.21757223581145768,-2.0098578549096535,2.705011357599838,0.6248753187888478,0.6246573892631079,0.3314627304340468,-0.33085712980188353
7,294000000,0.21757223581145768,-2.0098578549096535,2.705011357599838,0.6248753187888478,0.6246573892631079,0.3314627304340468,-0.33085712980188353
7,327000000,0.21768457160374258,-2.009605794990907,2.7051078604954015,0.6248880628713881,0.6246734202750053,0.33142129845969365,-0.3308442984397064
7,360000000,0.217123959901458,-2.0100245092027724,2.7043954013245393,0.6248293303402582,0.6246220542114813,0.3315969328372102,-0.33087621774937
7,393000000,0.21754050559168944,-2.0088833297390667,2.7038084454861755,0.6248171227584313,0.624642997179219,0.3315437608798095,-0.3309130154655591
7,426000000,0.21743157256369527,-2.007673968746795,2.702463309191385,0.6248093392445012,0.6245966283172524,0.3316023433577736,-0.3309565339545411
7,459000000,0.21662145328053997,-2.005725468771534,2.701008975116883,0.6248089385182041,0.6245659741465016,0.3317337169748482,-0.3308834769344609
7,525000000,0.2168616851797731,-2.001222067863379,2.697355764710276,0.6247562667412738,0.6245529214113418,0.3317786140468248,-0.33096254589489876
7,558000000,0.21674036025942361,-1.9966083862501955,2.693243764358593,0.6247075303131123,0.6244918080381048,0.3319004847485694,-0.3310476574257179
7,591000000,0.217341535734089,-1.99036057465303,2.6892821518657755,0.6247057856207243,0.6245196538671514,0.33180430154257323,-0.33109483358018815
7,624000000,0.21734429081128487,-1.984066370165558,2.6844295840526122,0.6246825226028744,0.6244765279866765,0.33185778256081294,-0.3311664598084099
7,657000000,0.21669547899658123,-1.9771333230711368,2.6793157098443228,0.6246428073762612,0.6244532549150887,0.33200063248250045,-0.3311420777404676
7,690000000,0.21619936587750338,-1.96952124758266,2.6733422485538068,0.6245982742934908,0.6244106171368605,0.33215248918223933,-0.3311541950306546
7,723000000,0.21614942101780357,-1.9603264721677984,2.6671663282019464,0.6246027994660378,0.6244484604289154,0.3321320181772049,-0.3310948288159791
7,756000000,0.21581848402032222,-1.950724368483335,2.6603064309610334,0.6246087698054889,0.6244304185103553,0.33219429453203964,-0.3310551129365274
7,789000000,0.215984359232874,-1.9405302709845134,2.6532083393622683,0.6246485042274664,0.6244937412213861,0.332086648515472,-0.33096868616149616
7,822000000,0.21584542517140315,-1.9304553481430127,2.6460989989344506,0.6247252532698842,0.6245591484335904,0.3319740468089039,-0.3308133314727615
7,855000000,0.21663991545682565,-1.9190930219907005,2.6401910702702733,0.6248901445548968,0.6247338452100684,0.3315492134259174,-0.3305980171807724
7,888000000,0.21430268797640337,-1.9116812413927047,2.6343314218099945,0.6250313054870134,0.624592826389574,0.33184700045871485,-0.3302987082482111
7,921000000,0.2123827719749231,-1.9046016450756373,2.62856351074275,0.6252211130141502,0.6244687832813062,0.3320549846712693,-0.3299648249487745
7,954000000,0.21309662659471423,-1.8958670046362391,2.623934569433363,0.6254125845809557,0.6245785650047913,0.3317089892416926,-0.3297421138413769
7,987000000,0.21733315941023323,-1.885506446205885,2.6195018022175898,0.6255079697668763,0.6249007860039376,0.3307303225193765,-0.3299336920898058
8,20000000,0.21981077721976394,-1.8762550973706715,2.614507852020889,0.6256296682165545,0.6250868194473544,0.3299986490948992,-0.3300831380061332
8,86000000,0.21882929258293946,-1.8659264311277357,2.6066705713130096,0.6257072561676941,0.6253193148302194,0.32981610527563326,-0.3296779045980687
8,119000000,0.21836002120207926,-1.8555602282685286,2.6008154679511106,0.625865520039753,0.6255627285696505,0.32949458778921464,-0.32923690568871394
8,152000000,0.21836477129420298,-1.8461784821777227,2.595131892990211,0.6259785512577027,0.6257656754140425,0.3292081196807997,-0.32892276718881464
8,185000000,0.21848811274547586,-1.8372388833289228,2.589816435041655,0.6261038285276911,0.6259882602788122,0.3288767810699363,-0.32859208263308926
8,218000000,0.21853732367043888,-1.8293659058458929,2.5840493037198176,0.626241231447867,0.6261806071059639,0.3285626897057823,-0.32827781870295075
8,251000000,0.21842149090356194,-1.8215874261520844,2.578195840295453,0.6264211447680864,0.6263798266419686,0.3282122921530326,-0.32790479326028454
8,317000000,0.21790320745027428,-1.8113203306696763,2.571112323914396,0.6267751923300923,0.6267441219064137,0.3275852475088829,-0.3271583248977144
8,350000000,0.2175714637918739,-1.8024393296435157,2.56495098723752,0.6271291059934438,0.6271254209167224,0.3269275120220003,-0.32640648391077115
8,383000000,0.21810527991045509,-1.7941868723015015,2.56034667268432,0.6274519974560817,0.6275832873382482,0.3261406232090064,-0.325692342917257
8,416000000,0.21774694543799408,-1.7887674733658359,2.555155172301205,0.6276894256560368,0.6277892518780821,0.32575038221175795,-0.3252281178416871
8,449000000,0.21756256400189028,-1.7838587822450602,2.550592811889408,0.6278552628446521,0.6279310275969946,0.3254763160288868,-0.32490854282939335
8,482000000,0.21776298613826162,-1.7778350776827248,2.5477481831315467,0.6280585307283592,0.6281422233587856,0.32505884399145524,-0.3245251564303687
8,515000000,0.21779886018854602,-1.773477211136239,2.543990796607154,0.6281346504800542,0.6282077729647206,0.32491679577634497,-0.32439317297908593
8,581000000,0.2179248072079723,-1.7679409660313894,2.5397182441339803,0.628169643591177,0.6282436610016713,0.32483260972818234,-0.3243402178869116
8,614000000,0.21771409156114113,-1.7633272056511384,2.5358812672037425,0.6282093335838472,0.6282626181983616,0.32479441292798295,-0.32426486874690136
8,647000000,0.2176815358140895,-1.758863511775782,2.532743283831971,0.6282514926856212,0.628330558277831,0.32469509078784947,-0.32415099797907204
8,680000000,0.21742121055761676,-1.7547700004615296,2.529884839668694,0.6283344805319785,0.628379883419393,0.32459468544615044,-0.3239950506852744
8,713000000,0.21749507114076,-1.750666277756924,2.5271953373175258,0.6284087301682081,0.6284598540814722,0.3244414029271192,-0.3238494337233857
8,779000000,0.21741837314703655,-1.7458100011135822,2.5232563988648344,0.6285000761459326,0.6285181894298503,0.324305281544657,-0.323695264411793
8,845000000,0.21730408724103917,-1.7405418374238413,2.518183298034727,0.6285887489317317,0.6286125829618202,0.324145800590861,-0.32349946710592764
8,878000000,0.21748093963091847,-1.735068739855817,2.514339693873623,0.628692721994855,0.6287730052875655,0.32387940618957783,-0.3232523772203845
8,911000000,0.21763842508586229,-1.7301825990684485,2.510651207508685,0.6287864457626955,0.6289113383075822,0.32364113067594175,-0.32303955285395175
8,944000000,0.21769846420368438,-1.7261805980849272,2.506665133622007,0.6288600982589025,0.6289793616369626,0.32349343039096584,-0.32291165966320856
8,977000000,0.218308977973236,-1.7209009177776058,2.5041440404566373,0.6289710110257856,0.6291764432011562,0.3231284229515554,-0.32267707214920677
9,10000000,0.21799114287529034,-1.7171257615066975,2.5011091871466844,0.6290359508182983,0.6292047826377336,0.32306067759717827,-0.3225630367453375
9,43000000,0.21768799141662115,-1.7135682455677372,2.498297348439088,0.6290656745279638,0.629195488110172,0.323068240990624,-0.32251562215760127
9,76000000,0.21767605836457782,-1.7098622798559664,2.495740430741347,0.6290627323152649,0.6292335497897334,0.32304148176897207,-0.3224739054366593
9,142000000,0.21799002659311506,-1.703983285654938,2.4932909299426846,0.6291981131889186,0.6293807284041085,0.32273031605882324,-0.32223403943343826
9,175000000,0.21783590240841338,-1.700585526089121,2.489678211686568,0.6292483926826904,0.6293876192142418,0.3226861798192804,-0.3221665942330437
9,208000000,0.21720246871156706,-1.6981107158446436,2.485855603687375,0.6292831752331808,0.6293304395951539,0.3227740709626397,-0.32212230950622006
9,241000000,0.21706083685222127,-1.694747207169616,2.4830490668564495,0.6293485459159652,0.6293873134190301,0.3226796576191466,-0.32197803654818785
9,274000000,0.21745122192279942,-1.6903133459119175,2.481243113216375,0.6294714060677533,0.6295602255936493,0.3223579100732859,-0.32172200594106437
9,307000000,0.2172311014277194,-1.6868990472137897,2.4787095984291807,0.6295906031965782,0.6296299535437809,0.3221952093511535,-0.32151522675946687
9,340000000,0.2172064221941937,-1.6844689301837565,2.4752706204428088,0.6296249359117624,0.6296535126414543,0.3221427720178772,-0.32145439572826684
9,373000000,0.2177305046696147,-1.6807621382641664,2.4730231326790584,0.6297093389718345,0.629811744706582,0.3218526460731202,-0.32126965131651886
9,406000000,0.21767795015915353,-1.6775529740188175,2.4704153192845224,0.6298202859810412,0.6298921341628019,0.32166283403997437,-0.3210846117209015
9,439000000,0.21752654496400503,-1.6744239907783853,2.4679224086544007,0.6299415411721648,0.6299749061750669,0.32147360514718765,-0.3208737968252059
9,505000000,0.21723820550846737,-1.670308761778899,2.4643080240953523,0.630085544445603,0.6300687156565928,0.3212685790168401,-0.3206121026537209
9,538000000,0.2170151853530799,-1.6664709409334508,2.4610556081700246,0.6302234303988438,0.6301762536145271,0.3210535599754369,-0.3203450152316588
9,571000000,0.21712624720177548,-1.6632467466206562,2.4575370903062543,0.6302900962614817,0.6302794386863518,0.32088143152119314,-0.32018327662265444
9,604000000,0.21733945156832143,-1.6599079815392859,2.4545619719479244,0.6303902337951608,0.6304196143051577,0.3206263865219631,-0.31996559705832045
9,637000000,0.21757819914631132,-1.6560936693432997,2.4518760839135343,0.6305409929469483,0.6306163886762897,0.32026010353964335,-0.3196474505249938
9,670000000,0.2177681968653201,-1.6509335327539474,2.449969067535836,0.6308037949496839,0.6309052271601171,0.31969281834541174,-0.31912641463452335
9,703000000,0.21763872984182614,-1.645888185210207,2.4466794749770697,0.6310234201642901,0.6311043337722627,0.3192898065429557,-0.318701714045896
9,736000000,0.21801966961058883,-1.6402837847603302,2.4426087540757697,0.6311691751126747,0.6313238276921299,0.31888882879033886,-0.3183796661981879
9,769000000,0.21771929042714164,-1.6350491986591278,2.437677705179888,0.6313177958939395,0.6314274848435687,0.318664758523022,-0.31810366808197477
9,802000000,0.21748940147776238,-1.6291965511253674,2.43265060979999,0.631470100841914,0.6315630054561227,0.3184031551706882,-0.3177941356590511
9,835000000,0.217714849093649,-1.6224785807641036,2.4278971769535276,0.6316867626570906,0.6317996074078638,0.3179254737582242,-0.31737120710405103
9,868000000,0.21768543598220766,-1.6168296857558542,2.4225254895406256,0.631848381983876,0.6319396308317992,0.3176259662743019,-0.317070450715363
9,901000000,0.217789696190479,-1.6100443012952694,2.4179822896036103,0.632031915809975,0.6321708552864082,0.31720530702333477,-0.3166645864637474
9,934000000,0.2175307474921993,-1.6038397660251502,2.4128559990062826,0.6322170670192953,0.6323099426878441,0.31690742404409966,-0.3163153507709491
9,967000000,0.21775370140301176,-1.5967059912965498,2.4084191196588822,0.6324242207992893,0.6325440057481394,0.31644268469639514,-0.3158982637506061
10,0,0.21765394508819935,-1.5899489893288057,2.403661250187241,0.6326227056001644,0.6327367255939418,0.3160608767429787,-0.3154968631163301
10,33000000,0.21725043944208122,-1.5844508538178452,2.3977101189121437,0.6327528983573434,0.6328060707083746,0.3159044822354124,-0.3152532388391676
10,66000000,0.21751321573689025,-1.5781810546177202,2.3927225250736104,0.6328822603995788,0.6329966577342243,0.31556080294299504,-0.31495500538139326
10,132000000,0.2175680438956799,-1.5708933753193752,2.387143854812788,0.633102386887545,0.6332202636213062,0.31510968362165853,-0.3145144714389385
10,165000000,0.21778212996115276,-1.5646349523967789,2.382862397626999,0.6333369127428924,0.6334778145382843,0.3145892839558613,-0.3140442578128754
10,198000000,0.21803320153340877,-1.5596253395191375,2.3791194924114234,0.6335358483787081,0.6337217913011074,0.31411276286413015,-0.3136274736929931
10,231000000,0.21794758001801212,-1.5553748833287822,2.375935296651335,0.6337465664632267,0.6339388741765067,0.3136875579711058,-0.3131882968407639
10,264000000,0.2180362159647082,-1.5510294346735014,2.373611323406466,0.633987490883563,0.6341691024605184,0.3131955853927787,-0.3127266157174022
10,297000000,0.21760097083379137,-1.5483939141074883,2.370369176345074,0.6340976421941029,0.6342368075140715,0.31306518581266524,-0.31249646652453444
10,363000000,0.21729758799091203,-1.5447036860548988,2.366243913361521,0.6341693042807842,0.6342605075572318,0.3130045171329313,-0.3123636891760142
10,396000000,0.21768221155139578,-1.539695976386425,2.363811609650278,0.6342815439091308,0.634432399385859,0.31267624105659136,-0.3121153984417809
10,429000000,0.21756779976586027,-1.5361754370916836,2.3607847414215235,0.6343705674328731,0.6344995709749368,0.31252775919720727,-0.31194659372829847
10,528000000,0.21761987936988506,-1.5310516004349628,2.356274654358797,0.6345631360854459,0.6346927582332781,0.312129412474351,-0.31156052194726785
10,594000000,0.21790103986130266,-1.5251177966970975,2.3521694635443082,0.6348404044255161,0.6350029809644079,0.31149711797694657,-0.31099585297431087
10,627000000,0.21815648238097046,-1.5204622836484685,2.348406090568936,0.6350770742228102,0.6352723397888768,0.31094552199098335,-0.3105141646519785
10,660000000,0.21794125988089583,-1.5170029547320214,2.344845138856154,0.6353011113607694,0.6354593264765295,0.3105445545664848,-0.31007422002944807
10,693000000,0.21793122978394203,-1.5130996020279648,2.342216875142212,0.6355581137739305,0.6357123350443773,0.3100218510746439,-0.3095515513525982
10,726000000,0.2179152380148402,-1.5095265943294822,2.339801898596229,0.6358181658545413,0.6359665160095063,0.3094948420959729,-0.3090223182879942
10,759000000,0.21764616877599202,-1.5070031121200698,2.3368600016472834,0.6360235243213407,0.63614521668511,0.309133481678687,-0.3085933089095228
10,792000000,0.21787060819321663,-1.5027319490185294,2.3354008440736638,0.6363331798638429,0.6364855352430655,0.3084406793194665,-0.3079457662830664
10,858000000,0.2179093181831251,-1.4983978484664524,2.332370687418216,0.636665168097478,0.6368159898742339,0.30774952648178716,-0.3072671276302517
10,957000000,0.21768975004524743,-1.4938742470546362,2.3269332194526755,0.6370800711637805,0.6372172945192496,0.30692914799656285,-0.30639451790399963
10,990000000,0.21748179977647702,-1.4901906819036528,2.3225888642215518,0.6375571978883818,0.6376691993105857,0.30598884626697753,-0.3054007819759392
11,23000000,0.2178750320545387,-1.4852404447827001,2.320453420380592,0.6382072205255721,0.6383941028701119,0.3045103412561982,-0.30400323215012437
11,56000000,0.21786163161287364,-1.4819997606615904,2.317989907441616,0.6389449771656818,0.6391267190826992,0.30296332001409615,-0.3024559138707117
11,89000000,0.21785774277529257,-1.4793607389431607,2.315691433442879,0.6397833198996745,0.6399555301614286,0.30119732890983664,-0.3006898602406395
11,122000000,0.21763430294143182,-1.4779334178763093,2.3126896719144097,0.6406606815404751,0.6407920600406568,0.2993949962311651,-0.2988345079616578
11,155000000,0.2177203051515823,-1.4752936584828606,2.310886550925838,0.6416978357426013,0.6418345298452224,0.297150035555416,-0.2966044171468777
11,188000000,0.2176931472185616,-1.4733343075041845,2.3088515608672595,0.6427938263084336,0.6429218079195665,0.29478345034374764,-0.29422842004917654
11,254000000,0.21784462072398053,-1.4710284773023832,2.3063590685869397,0.6443131438933685,0.6444594606035491,0.2914060523481232,-0.29088672864142345
11,287000000,0.21531052899899206,-1.4662593528971373,2.3106353204708197,0.6456871924568863,0.6468111629936227,0.287759824488137,-0.2862125998878066
11,320000000,0.21547174613433337,-1.467116059920748,2.3072289862478117,0.6472076655082106,0.6480488712685268,0.28461165482947753,-0.28310970327812296
11,353000000,0.21586710526938235,-1.4670742476148542,2.3048631630239886,0.6487401172697336,0.6493958717878465,0.2812465533396212,-0.2798600332029193
11,419000000,0.2158927025622953,-1.4668906875788936,2.3017737438452985,0.650503156279014,0.651000415085761,0.2773108546656707,-0.2759398360400378
11,452000000,0.21612538620054303,-1.4662637057659906,2.299080569831204,0.6520634611314184,0.6524513033311579,0.27370348857579796,-0.2724095075070374
11,485000000,0.21651792313342777,-1.4651956465094877,2.296901554403542,0.653453308652997,0.6537381282559847,0.2704152081858273,-0.2692598155251331
11,518000000,0.21697779249816035,-1.4643908099090615,2.2948937630872432,0.6546175609877606,0.6548321823552421,0.26758028389591265,-0.2665922982167513
11,551000000,0.21669419545538626,-1.4632227641809687,2.293852101597105,0.6556483658996225,0.6558298980939835,0.2651127225148797,-0.2640598595393446
11,584000000,0.2168314084972947,-1.4625354776499626,2.292519631344772,0.6565651666290894,0.6566961913198416,0.26286240115801496,-0.26186953303653526
11,617000000,0.21691232051536147,-1.4621193805408579,2.291287229679653,0.6574245056547608,0.657497096438056,0.2607513735068986,-0.25980629082911977
11,650000000,0.21650023578148997,-1.4614139258071703,2.2906632156439324,0.6582709849958834,0.6583134665169883,0.25869917540712106,-0.2576381702283482
11,683000000,0.21637210315676575,-1.4613581692490953,2.2895793989950146,0.65908595130829,0.6590824767596004,0.25668872440836515,-0.2555912681960863
11,716000000,0.21626583862790374,-1.460534888342762,2.2887487893084395,0.659924125843936,0.6599062995353528,0.25455998273607433,-0.2534226492484119
11,749000000,0.21631548042918297,-1.4600805064551658,2.2860618421599077,0.6606377562332992,0.6606139976169079,0.2526936338415303,-0.2515806602416062
11,815000000,0.216674243992379,-1.456511806380763,2.281573141031631,0.6614688549681602,0.6614682992783543,0.2504240020374896,-0.249412233381685
11,848000000,0.21699297443692034,-1.4526809180444964,2.276554945581581,0.6622029913278522,0.6622227429448512,0.24839564069143696,-0.24748301494957756
11,881000000,0.2171994603039824,-1.4486208710861739,2.270905870407695,0.6628695429765865,0.6629110541005155,0.24654200072670474,-0.24570296136397793
11,914000000,0.217052193341435,-1.4435906544288593,2.2648922726634804,0.663544434336835,0.6635843385770989,0.24472828166592112,-0.24387020607005183
11,947000000,0.21713478290453764,-1.4382035495634737,2.2578740531641377,0.6641950025558672,0.6642490216123014,0.24291697950451147,-0.24209414890764486
12,13000000,0.21761023483179254,-1.430037329921855,2.246529680662478,0.6649744806008608,0.6650425608798097,0.24068084514790436,-0.24000013155606909
12,46000000,0.21773184156329686,-1.421689414171339,2.2359773227415127,0.6656958545655247,0.6657711077170059,0.23863847715097117,-0.23801163535972852
12,79000000,0.21694211520204432,-1.4152369572245413,2.225367981189702,0.6665041507119052,0.666204061592182,0.2369932009286012,-0.23617491000421253
12,112000000,0.218881964035011,-1.4123551446360798,2.2137766281386515,0.6669299186538439,0.6667556323325198,0.23545980801332533,-0.23494699225052243
12,145000000,0.21876675148855465,-1.4022120648986083,2.2014525817782444,0.6674776861720995,0.6673643515376358,0.23379234187896938,-0.2333227413644852
12,178000000,0.21860272606692116,-1.390876463260002,2.188988332938815,0.6681195861230843,0.6679916587435869,0.23196453273787618,-0.23150770622035174
12,211000000,0.22186798643483796,-1.3869753648243994,2.170519042566153,0.6689017378204057,0.6678548152986337,0.23058739869411005,-0.23101918185889367
12,244000000,0.22414309134574364,-1.3814536635286976,2.149726270610544,0.6698728256923373,0.6675582006513028,0.2291928593811502,-0.2304497328070716
12,277000000,0.22125769613792412,-1.3679661096280904,2.139234935468338,0.670364364425845,0.6685896785404333,0.22729399603815803,-0.2278966871679771
12,310000000,0.21963335501022493,-1.3539254790771835,2.1265460013287276,0.6709483887142261,0.6695741716964222,0.22518268752414156,-0.22536957540501987
12,343000000,0.21903311791580476,-1.3394155317454368,2.1122344443874272,0.6715960414747713,0.6705315217879543,0.22287469250170022,-0.22287464370452728
12,376000000,0.2182205853227518,-1.3260034129911422,2.0956634664552776,0.6722230409052969,0.6713922393432146,0.22075216810467696,-0.22049291259091208
12,409000000,0.21794179782192938,-1.31121213782548,2.0779498223475157,0.6729534127427987,0.672303869923346,0.21829745591524438,-0.21791611116400944
12,442000000,0.21797098021658418,-1.2965209381840863,2.0586105285435443,0.6737317711544276,0.673210007844859,0.21569742026089822,-0.21528680583685686
12,475000000,0.21746369287109385,-1.2826404000504041,2.0378554020023714,0.6745232775211958,0.6740843307884603,0.21316572186593577,-0.21257713444515128
12,508000000,0.21728465095715788,-1.2685178512008253,2.016190938502082,0.6753252385024205,0.674962820886197,0.2105287947086189,-0.20985385214842406
12,541000000,0.2173029851982929,-1.2536318268620519,1.9942957521561042,0.6761496633749089,0.6758496243769987,0.20777242346772234,-0.2070737501322091
12,574000000,0.21695647581872496,-1.2393211143730523,1.9719839455347454,0.67697182078993,0.6767222607535408,0.2050579732005231,-0.20422380684894997
12,607000000,0.21793760129568163,-1.224169680444306,1.9495192597310353,0.6779196299299058,0.6776165167612105,0.2018285207621355,-0.2013109032692264
12,640000000,0.21894492457750747,-1.21019281004101,1.9282238506061207,0.6786031772400714,0.6787000304705146,0.1986874903750503,-0.1984622826822947
12,673000000,0.2182993403013342,-1.193186689569131,1.9054478412828755,0.6793058068684765,0.679770198393354,0.19568424267848503,-0.19535551002819498
12,706000000,0.22881276954056698,-1.1668757409853194,1.8889209408338254,0.679964930330957,0.6812167296722734,0.19112736961293703,-0.1925143873051298
12,739000000,0.22280752265214038,-1.143195358934111,1.8707223140116584,0.6809483536439888,0.6821318993831583,0.18819131742120643,-0.1886516354573607
12,772000000,0.2165660089850431,-1.1270910659513387,1.8471255996231677,0.681753956772128,0.6827563978146465,0.18613881285919723,-0.1854928193113805
12,805000000,0.21745959500574463,-1.1202657562082454,1.8168042816390484,0.6822708119218593,0.6830689534681623,0.18452347104124636,-0.18405008188611843
12,904000000,0.21839825648733563,-1.1011371262278837,1.7714556855326897,0.6831730903059153,0.6838277959297676,0.1813187941239652,-0.18104576518972487
12,937000000,0.21780592329647458,-1.0870947489559784,1.732906263183092,0.6839931719147926,0.6845468481556304,0.1784398901118208,-0.178067849627648
12,970000000,0.2187726535994125,-1.072875755520622,1.6990266758415213,0.6848197602523921,0.6853450877379965,0.17517828632807758,-0.17503306739131355
13,36000000,0.21851256656918372,-1.055476602841936,1.6598124522862434,0.6858737457298397,0.6863273638668069,0.17114247936420868,-0.17100352710757222
13,69000000,0.21772658611177984,-1.0405894106942342,1.6255517961055659,0.6867985056466099,0.687200274394568,0.16756055062398795,-0.167293327386958
13,102000000,0.21793899298436864,-1.0275253351852918,1.5940161059359896,0.6875581433974811,0.6879072492647358,0.16449090334410232,-0.16428681801615977
13,135000000,0.21921208574897083,-1.0113794649984211,1.5651783027372712,0.6882735772370193,0.6886081447874198,0.1613461423726773,-0.16144884066242346
13,168000000,0.2191110451917706,-0.9995430402395569,1.5369262897374427,0.6888347322721636,0.6891152246407825,0.15903440382163767,-0.15916964906952924
13,201000000,0.218789757628755,-0.989191996060744,1.5094240223738904,0.6892756487280294,0.6895450972117839,0.15715081417058527,-0.1572585787398197
13,234000000,0.2186404961949951,-0.9779401715642779,1.4830451960869344,0.6897327597701061,0.689935971823214,0.1552787285571586,-0.1553885174069911
13,267000000,0.21790593474398834,-0.9671506517970603,1.4574644483084285,0.6901256587020422,0.690347480286141,0.15355279853161208,-0.15352025835947142
13,300000000,0.2188490070212591,-0.9552193316821593,1.4319910565234795,0.6905589230202522,0.6907534202266877,0.1515382182167283,-0.15173745319446216
13,333000000,0.2183932448309369,-0.9437950445603298,1.4068062819797305,0.6909520051725264,0.6911595375733411,0.14974243867513873,-0.14987001777904946
13,366000000,0.21815610881038922,-0.9333163496575971,1.381677063854379,0.6913001330415117,0.6915437360373702,0.14806240551402522,-0.14815164959481425
13,399000000,0.21794353197864508,-0.9224981686982681,1.3565776529858253,0.6916509117859766,0.6919225370050883,0.14636750532577852,-0.1464198497293926
13,432000000,0.21799283013683968,-0.9118354649502247,1.3314713050644338,0.6919904023009317,0.6922774167781839,0.1447060646890198,-0.14478057944536918
13,465000000,0.2175664390431014,-0.902547502259584,1.3061330441011278,0.6923059478373729,0.6925735943313933,0.14328217428538204,-0.14326377614716515
13,498000000,0.2175696720722518,-0.8918081581418309,1.2809108761604802,0.6926216888431275,0.6928924081582071,0.1417385522732114,-0.14172328552608748
13,531000000,0.21784759355656727,-0.8810550304184745,1.2556642837495946,0.6929405672812228,0.6932136969339835,0.1401261811580907,-0.14018842303538015
13,564000000,0.2171962785509839,-0.8718919712277422,1.2303346863577178,0.6931992690832378,0.6935021027150685,0.13884366639831627,-0.13875173214528314
13,597000000,0.21714994006816418,-0.8619131827467816,1.2051540626150963,0.6934711771882524,0.693799503518747,0.13742402917923913,-0.13731209535369915
13,630000000,0.21679885434048185,-0.85243481439391,1.1801001896365064,0.6937440101541952,0.6940813555937306,0.13606232730862003,-0.13585787897544688
13,663000000,0.21707932348692566,-0.8422680715342458,1.155785280633076,0.6940728463257003,0.6944225418272072,0.13430875787181584,-0.13416920270506005
13,696000000,0.21694903373583785,-0.8334908476668418,1.1320195359872987,0.6944266194913711,0.6947688239806201,0.132504340997267,-0.13232743851239936
13,729000000,0.2172221055945529,-0.8253807436386404,1.1089227897798914,0.6947946980253346,0.6950928143542587,0.13063873904044085,-0.1305366879114214
13,762000000,0.21793630909855832,-0.8165673874009144,1.0865701846013236,0.6951470586168459,0.6954896452165614,0.12852543667864927,-0.12863099323044752
13,795000000,0.2176232890338157,-0.8098677082553345,1.0645504574502542,0.6954870272538028,0.6958304505344752,0.12670206740969636,-0.12674527661718235
13,828000000,0.21756534817589435,-0.8025509339462717,1.0431770048883282,0.6958634437936518,0.6961864128110073,0.12467727598438456,-0.12471617001052603
13,894000000,0.2174233249147875,-0.793219317704736,1.0152991595030605,0.696317580159048,0.6966550202242022,0.1220899617919441,-0.12209689425823116
13,927000000,0.21719659121007828,-0.7858318070933049,0.9902253445609371,0.6967340595427614,0.6970826136731113,0.11968991245828535,-0.11963195577877947
13,960000000,0.21712989056604204,-0.7786218071898108,0.9673903361634169,0.6971656229123491,0.6975215529160701,0.11713627186957416,-0.11705926387641194
13,993000000,0.21691506979923592,-0.7728668989567826,0.9461395149507997,0.6975973432278016,0.6979640403746954,0.11453668453924142,-0.11439183956953308
14,26000000,0.21734977084468476,-0.766535738255431,0.9259725624094903,0.6980904982583089,0.698439385810648,0.11148044948831977,-0.11146385051572992
14,59000000,0.21742483098934884,-0.7614039693945776,0.9060097520274951,0.6985558779901823,0.6989072930079667,0.10849896918288315,-0.10851845369287999
14,92000000,0.2172589259040959,-0.7560331872262622,0.8860441489287347,0.6990213802172406,0.6993791915774978,0.10545828123786517,-0.10543437440391498
14,125000000,0.2173917476283274,-0.7505783935557238,0.8656102995224819,0.6994788125756932,0.699846255416619,0.10232227122950424,-0.102346286437127
14,158000000,0.21716789573751671,-0.7475083115294288,0.8443957705969108,0.6998715032770888,0.7002894775626607,0.09945014217465337,-0.09941929258008748
14,191000000,0.2177963093406189,-0.74296487135824,0.8223189085282607,0.7003281953317373,0.7006981861493162,0.09627160058262366,-0.09640668893655639
14,224000000,0.21750207478034903,-0.7389233566026449,0.7998324554447394,0.7007167830952413,0.7011340113745901,0.09325515079300303,-0.09333040679760962
14,257000000,0.21728272764292178,-0.7346104982570297,0.7771547784169475,0.7011117401433735,0.7015549971581155,0.09016368740059108,-0.09018549367795116
14,290000000,0.217523419696859,-0.7299723965029559,0.7540855509640889,0.7015208489047622,0.701959028078804,0.08690851736880222,-0.08699960378851994
14,356000000,0.21768345465062586,-0.7251260596885196,0.7214577168542049,0.7019671831600406,0.7024719561438083,0.0829245718114344,-0.08305865390036031
14,389000000,0.2175109487914827,-0.7212373997818137,0.6918938192564127,0.7023743057690152,0.7029379245012901,0.07915951397472197,-0.07926146756525872
14,422000000,0.21741880553570542,-0.7183534058028266,0.6644407237223633,0.7027496812250776,0.7033345146665355,0.07566935531197827,-0.07574691203943922
14,455000000,0.21736070417771972,-0.714004155918716,0.6377660099360724,0.7031025311454139,0.7037132451272965,0.07219793632624527,-0.07226311174834175
14,488000000,0.21770336861925277,-0.7095888278506357,0.611078181383537,0.7034500400659923,0.7040316057010498,0.06883239227440201,-0.06899015204315809
14,521000000,0.21749701178587566,-0.7063729736916198,0.5845420900864421,0.703715982775227,0.7043384040608613,0.06586058649460665,-0.06598190129332211
14,554000000,0.2191466397079086,-0.6979516585974517,0.5569667905335824,0.7040856613420525,0.704621204286199,0.06204630148538858,-0.06263063495427458
14,620000000,0.21871031519938794,-0.6948917642839004,0.5186475853770875,0.704346853067491,0.7049335943671666,0.05875509247859454,-0.05926193731512053
14,653000000,0.21754911689177037,-0.6915660683081007,0.48425077544331885,0.7045537392841795,0.7052364674690708,0.05575371905630946,-0.05600960831693997
14,686000000,0.21720640347879816,-0.6888440472398634,0.45221939165516734,0.7047578059161136,0.7054731739738412,0.052946673653836214,-0.05311012664807191
14,719000000,0.21756501214369142,-0.6856808294102776,0.4217095830630363,0.7049551023066933,0.7056673314410393,0.05023954296185564,-0.05047682033989169
14,752000000,0.21818143592106637,-0.6818297182354018,0.39205096438576587,0.705154790655209,0.7058202619280838,0.0476320732369411,-0.04801733714951742
14,818000000,0.21799457106892176,-0.6773907734622443,0.3536503361939255,0.7053061729999585,0.7060215250680438,0.04495791318151574,-0.045338664637477634
14,851000000,0.2181304384733222,-0.6724002724914323,0.3188710199136786,0.7054682066253848,0.7061811406849215,0.04233789161749139,-0.042782109755037066
14,884000000,0.21723836806122204,-0.6710264856487838,0.2870734701975846,0.7055545758666806,0.7063312618290443,0.04042273596428187,-0.04068035709947579
14,917000000,0.21735318840396173,-0.6686646894180261,0.2563342062698664,0.7056873010103871,0.7064213162907215,0.03841692915380133,-0.03871042026575763
14,950000000,0.21808545305974664,-0.6634624106897526,0.2261039432816693,0.7058279171301204,0.7065213688457823,0.03604102413234142,-0.03654519590219691
14,983000000,0.21798176605064992,-0.6632872626732985,0.19749311267634667,0.7059208522029794,0.7065932765169964,0.03439423695785487,-0.03491029175016566
15,16000000,0.21474398757338936,-0.6641568807820484,0.17227212764983066,0.7055286857735715,0.7071286417483993,0.0331018954009689,-0.03320575387706883
15,49000000,0.21374190193012288,-0.6632006184095989,0.1454150954298046,0.7054113518026508,0.7074074946586552,0.03139672699048959,-0.03136410022631489
15,115000000,0.21523845395978786,-0.6611522383948512,0.10970915386097348,0.7057246679080933,0.7073038289300854,0.028847039051417358,-0.029014393407723653
15,148000000,0.21679309074663264,-0.6584888830161343,0.07810788775343391,0.7060057823484402,0.7072224867110427,0.02616076292121327,-0.026604587277306854
15,181000000,0.2175091956233826,-0.6563896662686145,0.04973003147081686,0.7061940482853262,0.7072164086412489,0.023512960538765906,-0.024125882401666
15,214000000,0.21759109789216768,-0.6546737626512193,0.02413506254588029,0.7063552858794941,0.7072197094719853,0.02091692897329449,-0.02156327263624906
15,247000000,0.21810362928766594,-0.6530934375669816,0.0001913487293162524,0.7064833788079076,0.7072372567714359,0.01826641792805941,-0.019053505678856324
15,280000000,0.21829756879243342,-0.6525950495629699,-0.022323580718273544,0.7065694400327979,0.7072747635796868,0.01571389834155376,-0.016586398462232244
15,313000000,0.21795725429587187,-0.6535654519995909,-0.04379115472893574,0.7066428906557013,0.7073064930282541,0.013243057431889207,-0.014070232254039913
15,346000000,0.21757930653248775,-0.6547086244295942,-0.06479637728567006,0.7067047522401567,0.7073391450544461,0.010561794419983775,-0.011321463397205479
15,379000000,0.21750231031670425,-0.6537586281885002,-0.08624071184405922,0.706762477612033,0.7073675111078923,0.007295794582656336,-0.008048344558615559
15,412000000,0.21822307963326545,-0.6529287536797287,-0.10767275891561412,0.7068153007023619,0.7073740302651708,0.003634639955760048,-0.004571804001824162
15,445000000,0.21803169705574438,-0.6535697707448856,-0.1283750361902526,0.7068418440954518,0.7073711103628605,-6.903790361379742e-05,-0.0008455137625377288
15,478000000,0.21768436250756526,-0.6544003059972794,-0.14871895632506651,0.7068177629212542,0.7073782571658129,-0.003912936609790351,0.003056179827614665
15,511000000,0.217550354687963,-0.6561710144577271,-0.1690860751713001,0.7067796499875769,0.7073587595101346,-0.007691981712212656,0.00685165126526401
15,544000000,0.21732772158023345,-0.6577505654528762,-0.18997841399108212,0.7067115917599665,0.7073285747132468,-0.011463338095831561,0.010658580858725243
15,577000000,0.21720704381446865,-0.6590354270849788,-0.21122935885446673,0.7066376390163989,0.7072653881152503,-0.015201160948110642,0.014416747391267788
15,610000000,0.21737650446491968,-0.6601180102045993,-0.2325781873336396,0.7065551467747725,0.70718019849314,-0.0187972017170226,0.017962645487022064
15,676000000,0.21701504339990918,-0.6632142379543606,-0.2610145605900751,0.7064117661166625,0.7071016846874204,-0.02262785348111801,0.021854163241520196
15,709000000,0.2172437676068159,-0.6652581462152218,-0.28777447488242347,0.7062991866136171,0.706963354220611,-0.026341293381186806,0.02550315747298986
15,742000000,0.2173471753644819,-0.6682015701124215,-0.3133720997237867,0.7061687067926713,0.7068350537420912,-0.029679524070486435,0.028793926427823226
15,775000000,0.2175150839053033,-0.6719920262562598,-0.3386224729336812,0.7060409306392713,0.7067032162337922,-0.03269729824759185,0.03174358382656118
15,808000000,0.2175054593251689,-0.6766806681817374,-0.36365359463656977,0.7059372932916256,0.7065525599824709,-0.03537807125413185,0.034415258195281524
15,841000000,0.2173698505625201,-0.6809588374485065,-0.38940944843466363,0.7057936122415359,0.706434649675008,-0.03792635404094697,0.03697369776954828
15,874000000,0.2177410077324277,-0.6851453556433026,-0.4158368642670614,0.7056937164262278,0.706266000477574,-0.0404336386956761,0.03936795686567422
15,940000000,0.21731449262908734,-0.6909261269842241,-0.45078906231649407,0.7055185861406705,0.7061305722225482,-0.0430498332579621,0.04206960231791765
15,973000000,0.21738688492530772,-0.6957843201613654,-0.4827767040933073,0.7053671830042317,0.7059778891370817,-0.0455222085228167,0.044498154135091346
16,6000000,0.21712078821273142,-0.7006294288840635,-0.512456993606493,0.705212535374678,0.7058443887307354,-0.047699580722849896,0.0467303846187607
16,39000000,0.2170036163777414,-0.7052549401544588,-0.5413887381240701,0.7050560674057303,0.7057158312634779,-0.049775231886918785,0.04882144620008855
16,138000000,0.2168045614430091,-0.7138968017341665,-0.5867264758438689,0.704866645730787,0.7055037598099494,-0.05254566938407424,0.051637285552535925
16,171000000,0.21680597889166603,-0.7214242256272002,-0.6243728347879363,0.7046756719612024,0.705312283725754,-0.05508327719682449,0.05415359955577433
16,237000000,0.21669614192347325,-0.7300475715731872,-0.6639023294858295,0.7044349402004656,0.7050997771015453,-0.05792952085626043,0.05700780621530617
16,270000000,0.21643144730688774,-0.73684924018907,-0.6965844435474163,0.7042227973120728,0.7048486021234378,-0.060657766015143603,0.05982754593535596
16,336000000,0.2167417890397641,-0.7451940731741649,-0.7293980645319343,0.7039661902807975,0.7045780293792554,-0.06369199471171105,0.06280711159756228
16,369000000,0.21729546229775837,-0.751623566801291,-0.7560287375300576,0.7037409368648255,0.7042837111107523,-0.06658626741102754,0.06556994004077896
16,402000000,0.21748817981601973,-0.7571355897098069,-0.7780580319192881,0.703498266632904,0.7040212046791385,-0.06925491769004478,0.06817689185038509
16,435000000,0.21750760237142286,-0.7622565235147034,-0.7969722544624602,0.7032523645473223,0.7037643444048691,-0.07179144903554358,0.07069545351973959
16,468000000,0.21779948736230398,-0.7658686416458396,-0.8148515882960304,0.7029993386660839,0.7034661809909746,-0.07450872977956222,0.07331924183772158
16,501000000,0.21812810407771127,-0.7713218550356453,-0.83043267229441,0.7028014318274121,0.7031724250521464,-0.07685933457062283,0.07557334686901285
16,534000000,0.2178455031957206,-0.7754594999856697,-0.8453666131462829,0.7025164067099803,0.7029315002667167,-0.07922621645908567,0.07798211885848305
16,567000000,0.21806266501760674,-0.7799896418178653,-0.8599623019023802,0.7022911055945722,0.7026379751831775,-0.08154490794437279,0.08023407518992046
16,600000000,0.21823375914669613,-0.784589182215129,-0.8749582192401244,0.7020516857702991,0.7023473996930195,-0.08384605698703787,0.0824705970589615
16,633000000,0.21777416092844099,-0.7875291745904567,-0.8908506532304268,0.701705279491354,0.7020904673822094,-0.08630903073812043,0.08502604047018665
16,666000000,0.22109276253046484,-0.786079393940725,-0.9100931114249764,0.7015914666993459,0.7013707690020029,-0.09009511975493201,0.08792796847729538
16,699000000,0.22637380026630236,-0.7873204909379385,-0.9285803994556279,0.7017766239102508,0.7003906938208915,-0.09390126965789325,0.0902496409901806
16,732000000,0.23039901413129338,-0.7909565563464874,-0.9457050426907438,0.7019974014191692,0.6994486373298374,-0.09721966358068786,0.09230162052437223
16,765000000,0.22810833469714392,-0.798015098701554,-0.9623467160056682,0.70146564347695,0.6994906866185064,-0.09879754460616365,0.0943280209441088
16,798000000,0.2254976295910286,-0.807339369250011,-0.9771493139983872,0.70099623519548,0.6995373813029526,-0.10004151920011213,0.09614273159061124
16,831000000,0.2236589735896093,-0.8176002934354469,-0.9912459684335777,0.7006089270307978,0.6995380609133673,-0.10118887357861162,0.09774683914179501
16,864000000,0.22276313163364803,-0.823231242226025,-1.0075062382317772,0.7001687883701954,0.6993665312447565,-0.10318587491237796,0.10001398894883057
16,897000000,0.22269814636818935,-0.8294413067259225,-1.023803523351282,0.6997358292778859,0.6990863792725717,-0.10557061954606144,0.10248340270022434
16,930000000,0.22161789930297227,-0.8373814390848968,-1.039450523899033,0.6992816898603554,0.698821040363965,-0.107819493188063,0.10502013454257503
16,963000000,0.2212024207416199,-0.8440436988368022,-1.0560179107427035,0.6988265384625467,0.698493872237187,-0.11028756885970299,0.10763099805618952
16,996000000,0.2204675654422426,-0.8527238134081337,-1.0717341491889552,0.6984217580912,0.6982071226169392,-0.11237864759418598,0.10993134819819965
17,29000000,0.22068542393731178,-0.8585683851907657,-1.0890571572715788,0.698009432286471,0.6978392343227208,-0.1148096123398353,0.11234762299832553
17,62000000,0.22112024624081544,-0.8622968348589004,-1.107194811557017,0.6975732407933327,0.6974328229637897,-0.11741247095347095,0.11486227773488827
17,95000000,0.2209298327677573,-0.8695574372826252,-1.1237861673317433,0.6972060460635934,0.6971162546659239,-0.11943109655959867,0.11691394265654301
17,161000000,0.22038786571128094,-0.8799645528770441,-1.145483907766153,0.6967905463286114,0.6967572127846857,-0.1216369574548,0.11923410401697447
17,227000000,0.21995927122229175,-0.8913552003559624,-1.1713460555938606,0.6963284250411702,0.6963368679855981,-0.12411904173779359,0.12180375298726623
17,260000000,0.22012038191965866,-0.9008118541391479,-1.194389174051723,0.6959033734685137,0.6959330164711981,-0.12647184121264016,0.12409917308639144
17,293000000,0.2201667494981911,-0.9085283707818524,-1.2157344430445478,0.6954924501155659,0.695533052834675,-0.1287220092929489,0.1263117910977046
17,359000000,0.22001799594040122,-0.9196216325525699,-1.242385968164026,0.6950614062017443,0.6951311839783857,-0.13097568972584375,0.12855989798728473
17,392000000,0.21486315856722665,-0.9320565242482683,-1.26068804445284,0.6940280650693081,0.6956411759979847,-0.13223504866826674,0.13008570657837115
17,425000000,0.2126042924386964,-0.9428672496126358,-1.2810730964423689,0.6932600184067971,0.6958272761952249,-0.13373519303800324,0.1316428757070796
17,491000000,0.21529861995341493,-0.9550967589270105,-1.3125311370838975,0.6931420885460818,0.6950488104581415,-0.13615016122457357,0.13388177532891027
17,524000000,0.21685041444640235,-0.9658443810622616,-1.3397822235222754,0.6929684236871649,0.6944005424362346,-0.13829953802270964,0.13592603951963783
17,590000000,0.21751607936216205,-0.9800871649549439,-1.3688328150887665,0.6927448753038926,0.6938137120935617,-0.140341649837007,0.13795394873715502
17,623000000,0.21793483441795058,-0.9913784101152903,-1.3937797759653292,0.6925023676684778,0.6932847484378855,-0.14225187415291246,0.1398611191752527
17,656000000,0.21796762228447336,-1.0015684641819784,-1.4151156012360637,0.6922513236162245,0.6928369431057233,-0.14393923844879392,0.14158591333280077
17,689000000,0.21829005192110007,-1.01032417545504,-1.4348567040735665,0.6919693291490262,0.6924306438394814,-0.14563221002408036,0.14321141851329552
17,722000000,0.2182662076147978,-1.019161755201615,-1.4521975663125803,0.6917179546368168,0.6920730992158448,-0.14708000046609251,0.14466710074418568
17,788000000,0.21847496775182057,-1.0285810915277773,-1.4730795437344604,0.6913884152608756,0.6916594923682714,-0.14885956425047733,0.1463900132901089
17,821000000,0.21870416026245454,-1.035784621592266,-1.4906631661413692,0.6910648950339807,0.6912652813315835,-0.15056382111361352,0.14802755638362647
17,854000000,0.21842164914548912,-1.0431097472290582,-1.5045362106569717,0.6907817827092992,0.6909560158446881,-0.15190976947869167,0.14941129402400746
17,887000000,0.21802375059448137,-1.049526318390237,-1.5166033553710903,0.6905055582653828,0.6906790376777592,-0.15314068510031167,0.15070657412383773
17,920000000,0.21821226902148072,-1.0541995802184636,-1.5282214104563354,0.6902304804316025,0.6903607329506118,-0.1545042726630101,0.15202753701855257
17,953000000,0.21801376775219813,-1.0593679188557836,-1.5379951481912417,0.689985311163973,0.6900899294776381,-0.15564222235147238,0.15320462862785453
17,986000000,0.21845189273751758,-1.0636146425946167,-1.5479015335079385,0.6897184838605589,0.6897984343310279,-0.15694185449466064,0.1543884300177041
18,19000000,0.21832411073038077,-1.0681268822622467,-1.556747766390414,0.6894595367438637,0.689529929478376,-0.15810038262414666,0.15555800384609367
18,52000000,0.21805334728206077,-1.0734849118498178,-1.5650400719835649,0.6892272386051042,0.6892995044974823,-0.15908958295017547,0.15659665150011176
18,118000000,0.2180716897990115,-1.0792599834643912,-1.578461102443479,0.6888910371146338,0.6889779394004443,-0.16053431182934214,0.15801035639514788
18,151000000,0.21807958414128487,-1.084953046574106,-1.5902884206576742,0.6885843027878302,0.6886888086206786,-0.1618334388372698,0.1592774965553264
18,184000000,0.2177734216707805,-1.0917618081953167,-1.5998331357075126,0.6883500099894239,0.6884627258768415,-0.16279024180511978,0.16028935085906337
18,217000000,0.21741258926362714,-1.0981307980064159,-1.6090197223127136,0.6881289179524268,0.6882468588242455,-0.16367923892521452,0.16125743499461906
18,250000000,0.21758149580856903,-1.1033300624387414,-1.6188556560851746,0.6878855548546803,0.6880083508016754,-0.16472169568634565,0.16224899266141016
18,283000000,0.21792970309605808,-1.1081691716599738,-1.6285827626159928,0.6876547155472048,0.6877499639551019,-0.16579085743314212,0.16323103521399474
18,316000000,0.21780472737773574,-1.1139194456193144,-1.6373536971567095,0.6874458666671004,0.6875496194785352,-0.16664166783102513,0.164086122812793
18,349000000,0.2173634748961269,-1.119066374077881,-1.6462835948981724,0.6872239346053927,0.6873443171044501,-0.16748227529046192,0.16501739578974728
18,382000000,0.2169286150696852,-1.1250377347971625,-1.654470038868997,0.6870274145091393,0.6871832032865101,-0.16817512240036717,0.16580019613800226
18,415000000,0.21715716943786273,-1.1294791673377982,-1.6642959544648335,0.6867910739286582,0.6869511974247079,-0.16916738169388099,0.1667287320755407
18,448000000,0.21668591431739972,-1.1351299831983368,-1.67287364921477,0.6866045058261231,0.686766514635316,-0.16986860385330615,0.1675430224743905
18,481000000,0.21680954348382891,-1.1403921211276602,-1.6818629023919494,0.6864129342992107,0.686567086247341,-0.17067667186996535,0.16832229022911951
18,514000000,0.21730892981495648,-1.1446185818782013,-1.691834682069838,0.686187116091122,0.6863230059390953,-0.1716911714238599,0.16920435834923533
18,547000000,0.21712059476142043,-1.1497573954005955,-1.700687726018519,0.6859875625373029,0.6861310188243084,-0.17246551497134044,0.17000275055691577
18,580000000,0.21692920161127718,-1.155123654226887,-1.7094524295351814,0.6857973788875705,0.6859475822179415,-0.1731981412418715,0.17076379426172056
18,613000000,0.21688234439609883,-1.1604298559205941,-1.7180903203609166,0.6855940939642164,0.6857706888007903,-0.173961768603016,0.17151269273026307
18,646000000,0.21696707380104158,-1.1655871370317927,-1.7268935296606753,0.6853858346005578,0.6855837257312037,-0.174768349183473,0.1722708241841963
18,745000000,0.2170553683960499,-1.1728966284763311,-1.7400044509175019,0.685107108377881,0.6852925254667454,-0.17590941841416696,0.1733732421762319
18,778000000,0.21652372234582304,-1.1798016336588917,-1.7490091894579685,0.6849016289063107,0.6850885634281254,-0.17664699386974678,0.17423908441636005
18,811000000,0.216422908587808,-1.1844930052735165,-1.7574772465942075,0.6846574417491519,0.6848751597245115,-0.17753368403502573,0.1751342173385411
18,844000000,0.2163174657513066,-1.1885131732205965,-1.764878095726134,0.6844459377327506,0.6846593597203204,-0.17834708803370675,0.17597623606155965
18,877000000,0.21632636019743479,-1.1924421513376835,-1.7711596702883505,0.6842548423509655,0.6844803805450865,-0.17906558662485994,0.1766845637139921
18,910000000,0.21623389390284647,-1.1960657343618986,-1.7768510808768931,0.684077556477293,0.6843088747981765,-0.17972557772018752,0.1773639684650031
18,943000000,0.21616877865950823,-1.199207303362168,-1.7823768796765336,0.6838969671730458,0.6841359295835466,-0.18039511266083616,0.17804654299494457
18,976000000,0.2161445375146902,-1.202555745143497,-1.7874420381927756,0.6837387023899861,0.6839796121770603,-0.18099317334413023,0.17864699321006813
19,9000000,0.21660901010977118,-1.2052852854740292,-1.7928989649762392,0.6835545859724096,0.6838154474209408,-0.1817267066358434,0.17923438832957397
19,42000000,0.21653912009316445,-1.2088449854043661,-1.797197376265471,0.6834308393252941,0.6836804857436551,-0.1822118606311851,0.17972790300274905
19,75000000,0.216754297324539,-1.211756715513061,-1.8017641266991617,0.683286015985406,0.6835365776395382,-0.18279291290176267,0.18023517520314344
19,108000000,0.2168278160021473,-1.2142246595413027,-1.8059579578219755,0.6831504325144407,0.6833800219837234,-0.18335452120843562,0.1807715454967508
19,174000000,0.21680485382995235,-1.2169374831609825,-1.8095893361723274,0.6829978541546908,0.6832238157649199,-0.18393565956213992,0.18134724131662805
19,207000000,0.2168469889291088,-1.2191615222577972,-1.812320639544577,0.6828625134052186,0.6830868400516712,-0.18445493643385183,0.18184480514800014
19,240000000,0.21683597927737663,-1.2203419658282688,-1.8151046319202488,0.6827172407299198,0.6829223047973795,-0.1850296913661033,0.1824234308780665
19,273000000,0.21706330657470516,-1.220623230779292,-1.818136926940588,0.6825477977904034,0.6827405243435003,-0.18571382956440208,0.18304167191969473
19,306000000,0.21710240375786627,-1.221808506348531,-1.8197529515961326,0.6824296793729625,0.6826149751352508,-0.18617401849336987,0.18348232413517973
19,339000000,0.21695680372264867,-1.223113921095108,-1.8209416800924452,0.682329120514585,0.6825113689574038,-0.1865349570820806,0.18387471911078443
19,372000000,0.21686154037354383,-1.2239674698209444,-1.822366469214774,0.6822150472345858,0.6824017585150527,-0.18693666227473807,0.1842963743535288
19,405000000,0.21653653406179285,-1.2257158635942362,-1.822672576825409,0.6821469478967167,0.6823419181360403,-0.18712690494675055,0.1845767311300999
19,438000000,0.21667603502641208,-1.2268987220284833,-1.8236500834859188,0.6820485325862703,0.68227063309109,-0.18746153470625226,0.18486415397251899
19,471000000,0.21638819281162056,-1.2279138071171594,-1.824569110930431,0.6819604710592866,0.6821817161077118,-0.18774216544943115,0.18523202053989377
19,537000000,0.2167096349080511,-1.2286589655042564,-1.8266471776945363,0.6818091410604787,0.6820428825496908,-0.18831774923304304,0.1857154459205849
19,570000000,0.21639113359379497,-1.2302251332133727,-1.8274394482635743,0.6817115042346779,0.6819484806456991,-0.18862361208966788,0.1861097195241607
19,603000000,0.21631232282309865,-1.2309655839650913,-1.8289653710182046,0.6815875981464095,0.6818180728025555,-0.18906879691121148,0.1865889913348721
19,636000000,0.21676756469125633,-1.2312503711649443,-1.831029870338328,0.6814312439361326,0.6816741284416897,-0.18967879984713637,0.18706628581726809
19,669000000,0.2165257528249835,-1.2328590329169022,-1.8315291985222024,0.6813479614108797,0.6815863251405664,-0.1899555152979164,0.18740848185319572
19,702000000,0.21636663966441314,-1.233651854260741,-1.8328212567412572,0.6812290336545322,0.6814717171354849,-0.190353726010164,0.18785303150221824
19,735000000,0.21656740398247046,-1.2340296617707347,-1.8346235029151476,0.681085819181343,0.6813366186635231,-0.19088268589463903,0.18832503605172743
19,768000000,0.21666481447640112,-1.2348318521227415,-1.8360165162123292,0.6809604380408515,0.6812240786476459,-0.19132834375343508,0.18873288364894228
19,801000000,0.2162263757520066,-1.2363885933516727,-1.8365427514254733,0.680876563231451,0.6811470644176703,-0.19155714673516439,0.18908104561801245
19,834000000,0.21657859048876837,-1.2372442663453889,-1.8381456230261413,0.680749697185769,0.6810474272158042,-0.19201672929927108,0.1894302703725781
19,867000000,0.2162283399802781,-1.2387302801112279,-1.8389068320139554,0.6806728028955906,0.6809630042380791,-0.19225335038263178,0.18976978559286928
19,900000000,0.21617953068837908,-1.2396516995600648,-1.8404420645895885,0.6805653850538742,0.6808581094049042,-0.19262174872700072,0.19015744382327968
19,933000000,0.2163571413906788,-1.2406127587670506,-1.8420938465049819,0.6804431999419934,0.6807658349948202,-0.1930338843600528,0.1905068215192707
19,966000000,0.2160590247063422,-1.2420251543708705,-1.8433716198485985,0.6803580772382986,0.6806777839303787,-0.1932982062811924,0.19085713151126335
19,999000000,0.21612978901106067,-1.2433662733346045,-1.8449738451199367,0.6802620953649131,0.6805819995516665,-0.19364476332932998,0.19118924951764749
20,32000000,0.21611976263737026,-1.2446531216212118,-1.846877907822937,0.6801378113913672,0.68047080948788,-0.19406196943193868,0.19160372379175616
20,65000000,0.2159836421528106,-1.2460640495014268,-1.848943921578719,0.6800404155903291,0.6803452155080112,-0.19442662895861076,0.19202527659368426
20,98000000,0.21612500955362862,-1.2473439648730325,-1.8515265292820104,0.6799252567866708,0.6802233222259888,-0.1948611467605322,0.19242403843228278
20,131000000,0.21605852282606325,-1.2492131107268474,-1.8535095998992257,0.6798269338374687,0.6801498708553089,-0.1951606579075583,0.1927272964832483
20,164000000,0.21595750905677005,-1.2510446778104989,-1.8555042764641536,0.679743043482747,0.6800680218582202,-0.1954358902831151,0.19303288132312088
20,197000000,0.21611749135342662,-1.251953208124079,-1.8586559550384043,0.6796145922310383,0.679941040463801,-0.19590671992143457,0.19345476114396373
20,230000000,0.21606548376235984,-1.254019329277161,-1.8604904735874288,0.6795309460733026,0.6798869311079545,-0.19614897821045005,0.1936931402614101
20,263000000,0.2159740625857821,-1.2556785542094255,-1.8627277889508722,0.6794491668351088,0.6798009436818242,-0.19642738736007556,0.19399945399735666
20,296000000,0.2162264957820667,-1.2565629799103228,-1.8656706338139497,0.6793358482377732,0.6796749435073621,-0.19687809382167773,0.19438053565229274
20,329000000,0.21585109222076848,-1.2588423031374232,-1.866802643219723,0.6792920153257918,0.6796321863690092,-0.19697753640785237,0.19458237154633967
20,362000000,0.21614381404822874,-1.260183902516469,-1.8689587611703327,0.6792081485790858,0.6795463062054398,-0.1973125844907769,0.19483545013134393
20,395000000,0.21621091693311323,-1.2614106522845205,-1.8709187227390325,0.6791390304386891,0.6794452978249471,-0.19761117236160644,0.19512582903408185
20,461000000,0.21619152493678043,-1.2631083796329419,-1.873434499542277,0.6790548965056353,0.6793323788675906,-0.1979452866614031,0.19547283709599197
20,494000000,0.21634956205275618,-1.265041242468009,-1.8752702824586747,0.6789855240036865,0.6792601445841391,-0.1982150163576792,0.195691393431849
20,527000000,0.2164034475058505,-1.2662351429135719,-1.8775809885376495,0.6788932234228009,0.6791609687373924,-0.19855553351000377,0.1960103819873924
20,560000000,0.21664158847204287,-1.2677332998509943,-1.8794286131240356,0.6788183971432817,0.6790855977488799,-0.1988538664920612,0.19622811829865272
20,593000000,0.21626691862709113,-1.2690964609693127,-1.8810810510998413,0.6787619445881945,0.6790146120542119,-0.19901994312650603,0.19650048710790335
20,626000000,0.21631051990006495,-1.270562578143635,-1.8828110589945224,0.6787174116630967,0.6789757341163329,-0.19917222655330216,0.1966343097130646
20,659000000,0.21619550340758764,-1.2716179834217172,-1.884836796543391,0.6786661134530455,0.6789363290629065,-0.19931494688798912,0.19680274255243713
20,692000000,0.21629218127609134,-1.273237510483592,-1.8864115432054422,0.6786496187944895,0.6789323435730819,-0.19936835945833786,0.1968192699085836
20,725000000,0.21627758445186723,-1.27457481445312,-1.888178578185298,0.6786208610977601,0.678905271589689,-0.19946365542597283,0.19691523367879446
20,758000000,0.2162727752049718,-1.2755345266016858,-1.890347900365339,0.6785549764104009,0.6788561581913367,-0.1996670797689398,0.19710534678420846
20,791000000,0.21598196004127526,-1.2770813902252829,-1.8917081964515363,0.678520968793242,0.6788305518077434,-0.19972836269508712,0.19724846761233603
20,824000000,0.21597836228653675,-1.2783279531010106,-1.8935631025061062,0.6784684215491831,0.678781095464092,-0.19990136343381867,0.19742408743217632
20,857000000,0.21592394390209058,-1.2798688438886572,-1.894940058776574,0.6784182579551739,0.6787625715326995,-0.20001612577556455,0.1975438892730372
20,890000000,0.21591972947308985,-1.2804881811611408,-1.8973871952119747,0.6783370786476176,0.6786704208375824,-0.20030783881015746,0.1978434667184104
20,923000000,0.21569073769888947,-1.2823040660041725,-1.8984035916067377,0.6783053870675434,0.6786522023950412,-0.200359482973458,0.19796228843423408
20,956000000,0.2158300200852607,-1.2830673920649693,-1.900755094109728,0.6782298122830033,0.6785640457370434,-0.20065304451489216,0.19822591478018864
20,989000000,0.2158594138682795,-1.284504334308438,-1.9021854669924767,0.6781748832402865,0.6785302009337715,-0.20081176320232186,0.19836892378186152
21,22000000,0.21578080655484994,-1.285871268011713,-1.9039557478997726,0.6781149904110826,0.678488292226886,-0.20098035544016266,0.1985462007140084
21,55000000,0.2158595277129886,-1.28664630041179,-1.9061021119934867,0.678043902730056,0.678401086455267,-0.20125426367344493,0.19880933886557595
21,88000000,0.21580841036479492,-1.2886223149280769,-1.907374261390967,0.6780132281548034,0.6783880990185095,-0.20132906771887815,0.19888251820761704
21,121000000,0.2157699590761091,-1.289981961317527,-1.9088828305803696,0.6779779404149563,0.6783321826196791,-0.20147084260837234,0.19904989804516104
21,154000000,0.21584036733199352,-1.2911549994165483,-1.9110208842175518,0.677921518535488,0.6782669036619569,-0.20168855304754202,0.19924394513497407
21,187000000,0.21598320185314618,-1.2924047406186117,-1.9126978608217167,0.6778673820077374,0.6782192137310601,-0.20188367617754244,0.19939280786688357
21,253000000,0.2161204195242542,-1.2939072752524088,-1.9151214582679947,0.677804315852734,0.6781408456137601,-0.2021412660824872,0.19961265357744945
21,286000000,0.21607420180703452,-1.295394119057924,-1.9172937350273507,0.6777470172257457,0.6780805158852686,-0.2023400117986481,0.19981069601924617
21,319000000,0.21628332862942626,-1.2966768337740273,-1.9190676848046822,0.677694513877967,0.6780238118111029,-0.2025568921192949,0.19996140110486452
21,352000000,0.21617026413128818,-1.2977310601216756,-1.921088582146263,0.677639567520515,0.6779517835881963,-0.20275730063366257,0.20018859283171841
21,418000000,0.21606268748871288,-1.2994782407278247,-1.9231576637953234,0.6775689823963034,0.6778771026248197,-0.20298896183958678,0.20044547688262912
21,484000000,0.21585002171933237,-1.3014766330473346,-1.9251832335078585,0.6774334241444885,0.677736936420219,-0.20342060934607167,0.20093943504668935
21,517000000,0.21605782882648644,-1.302632179857051,-1.9271851112448428,0.677239801650654,0.6775434724878003,-0.20409476496937673,0.20155996840010407
21,550000000,0.21589822499057099,-1.3043300615272493,-1.9285307667444265,0.6770393361598425,0.6773528353554644,-0.20472756529234584,0.20223129762136574
21,583000000,0.21612521947570307,-1.305028447287424,-1.9303681272190731,0.67676739471105,0.6770657856178144,-0.20568271496691673,0.20313157353200442
21,616000000,0.21621498924603935,-1.305682997743598,-1.932188738340938,0.6764476937124462,0.6767331125573651,-0.20677255847259607,0.20419579109822533
21,649000000,0.21607712980165622,-1.3065183573702643,-1.9334937549946891,0.6760812706961391,0.6763827511950928,-0.20793433489137067,0.20538695594641446
21,682000000,0.21602984581221318,-1.307520985734496,-1.9343982192677052,0.675671899472458,0.676001717342246,-0.20922116035831126,0.20667769224552676
21,715000000,0.21595338944647807,-1.30849213555424,-1.9353888186104755,0.6752087642605202,0.6755668365163862,-0.21066980201654625,0.20813651429610572
21,748000000,0.215570283051979,-1.3097324539978443,-1.9358923383076663,0.674719688242012,0.6750899745173778,-0.21216315291741067,0.2097466689815877
21,781000000,0.21543404511635572,-1.3103860133803802,-1.9368143822794495,0.6741501702185543,0.6745209863950514,-0.21394519106261203,0.2115902694551991
21,814000000,0.21546918825810446,-1.31128898223952,-1.9375431748041858,0.6735339696941128,0.6739052099116465,-0.21588295483332742,0.21353760683884537
21,847000000,0.21573575239782677,-1.311704220992735,-1.9387316696940586,0.6728140677105854,0.6732131608029149,-0.21812546760506707,0.21570014092381906
21,880000000,0.21559652230753074,-1.3129445759378386,-1.9395756671315525,0.6720428067769313,0.672500280380311,-0.2203980777730805,0.21800579364255107
21,913000000,0.2159903591279409,-1.313980833778733,-1.9407081782912412,0.6712426640142768,0.6716442136576172,-0.22296655350575145,0.22048413159459965
21,946000000,0.21587329659707083,-1.3153235492694413,-1.9410072638078748,0.6703732799027032,0.6708004003179803,-0.225528964825502,0.22307661139273904
21,979000000,0.21632721293951182,-1.316163527092246,-1.9421519122974629,0.669431461722294,0.669797183760116,-0.22847535089075466,0.2259032198059981
22,12000000,0.21588812576487687,-1.3169784246757588,-1.9425029323668142,0.6683772346626079,0.6688274501506299,-0.23138466460455095,0.2289166902949878
22,45000000,0.21624186703965337,-1.317295131891975,-1.9434417976922034,0.6672767650906797,0.6676816095393491,-0.2346638882395468,0.2321117114868609
22,111000000,0.21595114351552033,-1.3179212018853952,-1.9435025759814684,0.6657265462766319,0.6662056438008596,-0.23891374426812956,0.23642848506525754
22,144000000,0.2160542606769877,-1.3187247329913256,-1.943304119890321,0.6642244022463257,0.6646919608881323,-0.24310416428359855,0.24060529067161857
22,177000000,0.21600310945761156,-1.3196648588438233,-1.9432598692867975,0.6626928846591849,0.6631889219531399,-0.2472259039640419,0.2447405704616275
22,210000000,0.21610131472551458,-1.3206813787787073,-1.9441313010982508,0.6611476191922756,0.6616454636269657,-0.25136056156671954,0.24885130939399658
22,243000000,0.2156894184482458,-1.3222085720791636,-1.9451789696503496,0.6595935949653952,0.6601709704557481,-0.25527418132016355,0.2528748140868569
22,276000000,0.21533353013188336,-1.3241154587458468,-1.9470178261872584,0.6580427055116472,0.658720607023451,-0.2590905790697443,0.2567859642637666
22,309000000,0.21512907979158724,-1.3267039533464688,-1.9496363135502874,0.6565311766102705,0.6572860066621024,-0.26278930028544667,0.26054501192770135
22,342000000,0.2150869125351865,-1.3306592430802644,-1.9524882080739703,0.6551178478527099,0.6559002716394037,-0.2662614103337048,0.26404601957858903
22,441000000,0.21532972771940384,-1.3416700016022869,-1.96074397037478,0.65345866723766,0.6542364386534183,-0.2703504212036446,0.268099053159621
22,474000000,0.2156258713883998,-1.3519746550775382,-1.969001547957573,0.652133255258424,0.6528955128319313,-0.27359686746723877,0.2712829165688375
22,507000000,0.21563432750595007,-1.36258549225215,-1.9767369201908656,0.6511059566394327,0.6518764844856666,-0.2760421376082425,0.27371302575495005
22,540000000,0.21545795457382644,-1.373004951850962,-1.9851912921597026,0.6502570035293107,0.6510586715804814,-0.27799932851931664,0.27568969669494375
22,573000000,0.21600400792123303,-1.3834120356093553,-1.995090053186622,0.6495781911421685,0.6502907620589714,-0.279745308270519,0.27733131967713787
22,606000000,0.21600304470840165,-1.394222787528923,-2.0052481446886516,0.6489725540067414,0.6496669569448495,-0.28118348588965536,0.27875314610409047
22,639000000,0.216089563249505,-1.4056173455260064,-2.015405292468186,0.6484821733213048,0.6491415786052376,-0.2823706717977357,0.2799158543542561
22,672000000,0.21611319553222808,-1.4175471147121266,-2.0263479335476102,0.6480306465693437,0.6486738149637289,-0.2834427172798476,0.2809604757049232
22,705000000,0.21594782958185071,-1.4305202276115672,-2.0368280604385194,0.6476631687183426,0.6483218447465584,-0.2842635662531449,0.28178969181142743
22,738000000,0.21242191980169742,-1.4447811507127688,-2.044508249164849,0.6471345201502783,0.6485009539342433,-0.2844034751593321,0.2824501529359488
22,771000000,0.21307242924105751,-1.4571715172391506,-2.0582864001162813,0.6467488636683727,0.6480349527241616,-0.2853948617765158,0.2834014471787785
22,804000000,0.21345271082211004,-1.4709994847544383,-2.0720431062744984,0.6464331375853204,0.6476449606494029,-0.28620440743070513,0.2841957788994597
22,837000000,0.21420835255821116,-1.4858291311489973,-2.0866122004078513,0.6461990072476572,0.6472365322581665,-0.28699209295789163,0.28486356896278375
22,870000000,0.21442632777965093,-1.5017207806362416,-2.1007661853592685,0.6459928947530051,0.6469446258152428,-0.28757317316375236,0.285407605248947
22,903000000,0.2143909978373094,-1.5173604546823798,-2.1158100534249304,0.6456589905681864,0.6465942702234319,-0.288345274946773,0.2861770780977543
22,969000000,0.21421698328995398,-1.5389809948290438,-2.1360435016059225,0.6451629624406473,0.6461246819292253,-0.28942549601905077,0.2872638674647267
23,2000000,0.21441393745838805,-1.5587017105070924,-2.153671832416981,0.6447473274350208,0.6456440422854258,-0.2904581444836537,0.28823379525976217
23,35000000,0.21440799036077973,-1.5764872551282911,-2.169768638541798,0.6442944257905767,0.6451516279593416,-0.2915157515985223,0.28927951259387746
23,68000000,0.21777261574752843,-1.5908318989798762,-2.189128629363995,0.6439301459849525,0.6438743804341841,-0.2936831732828232,0.29074033611252603
23,134000000,0.22387847786264656,-1.6101802070680153,-2.2105326550807485,0.6442250899347821,0.6415917152476881,-0.29634565304838917,0.29242667173733505
23,167000000,0.2209809062522041,-1.6282360958818436,-2.2230076972751145,0.6433149827744726,0.641473034142437,-0.29732124702925633,0.29369755782257373
23,200000000,0.21915281188220764,-1.6446524666928721,-2.231944504368775,0.642580585806665,0.6413216848798143,-0.2981779724655637,0.2947653032220808
23,233000000,0.2183559086536036,-1.656864479564869,-2.242019781071609,0.6417569269476266,0.6408802218183035,-0.2995059260909873,0.2961702014606482
23,266000000,0.2168729331624057,-1.668467333392475,-2.248968345495095,0.6409804834888962,0.6405193955890516,-0.30060901311815624,0.29751158782929005
23,299000000,0.21618760421447542,-1.679430428422178,-2.2544403608896846,0.640286698564352,0.6400806448202493,-0.3017515869800753,0.2987903805731747
23,332000000,0.21578356829241468,-1.6899918652698278,-2.2590506546396,0.6396129336181213,0.6396098547618344,-0.30292781439106464,0.3000487762151657
23,365000000,0.21521880040320912,-1.699473926461178,-2.2641557384866102,0.6388720944382027,0.639056167168125,-0.3042376821239119,0.3014781831715179
23,398000000,0.22004100970651472,-1.7109339798047214,-2.269108844832118,0.6386577827116677,0.6380342408567679,-0.3058940531773372,0.30241919963336406
23,431000000,0.22172542522785121,-1.7209015999521773,-2.274833400237328,0.638114536894803,0.6371625942253268,-0.30753774010511287,0.3037337727922642
23,464000000,0.22017250288724716,-1.7301677484455642,-2.2810891806198548,0.6372028861819207,0.6365291059941917,-0.3090810385340963,0.3054047980670082
23,497000000,0.2189918628097532,-1.739733677240896,-2.2877567745770833,0.6362678832501972,0.6358098934354877,-0.31072034031177775,0.30718370769036607
23,530000000,0.2179614436421959,-1.750302709743493,-2.2939061916713914,0.6353549340181892,0.6350992554847092,-0.3123136035365829,0.3089227355626398
23,596000000,0.21671577097465275,-1.7670256846391372,-2.3034525845105422,0.6341711313543128,0.6341791859540287,-0.31436315032231654,0.31115839371436754
23,629000000,0.21582272799040209,-1.7833701316181583,-2.3138328389928744,0.6329789610356013,0.6331856188074192,-0.31649061484007496,0.3134442498115222
23,662000000,0.21531330987494463,-1.799678956169727,-2.3254257562316627,0.6318076250432189,0.6321404752123465,-0.318655721260133,0.3157151815224295
23,695000000,0.2148628513440463,-1.817087009526236,-2.335889210545271,0.6307378842255167,0.6311813839795014,-0.32061791713509247,0.31777969276276113
23,728000000,0.21430947257673727,-1.834793187078102,-2.346998425384591,0.6295319416021906,0.6301307295015369,-0.3227752073368668,0.320063999489289
23,761000000,0.21452077064999692,-1.8523089021290242,-2.3602463465831436,0.6280514681831518,0.6286518542111739,-0.32566696119292265,0.32293843050527127
23,794000000,0.21456479762638794,-1.8706430701750203,-2.37187634678393,0.6264084043278277,0.6270515226797609,-0.328800334959961,0.32605097549719947
23,860000000,0.21451902094769415,-1.8956996245138995,-2.3864318880695983,0.6239995204706841,0.6246323757714489,-0.33339634821613573,0.33061438048974356
23,893000000,0.21087473097936715,-1.916994518733665,-2.3961825035490736,0.6211177090271096,0.6228193434108568,-0.33776101963945315,0.3350020158421457
23,926000000,0.20929199627493403,-1.938616378076582,-2.40534357313212,0.6183191383237027,0.6206275547832552,-0.3422754774588182,0.33963271184726807
23,959000000,0.2105475207319173,-1.9587815893340936,-2.418557972478931,0.6154604093894889,0.6175873742674857,-0.3476731019584817,0.34484450668972916
23,992000000,0.21152943911551841,-1.979175989323989,-2.4279171318490116,0.6125834517253033,0.6144216257186159,-0.35292843598265716,0.35024148754315454
24,25000000,0.21281846363370643,-1.9983255657704833,-2.438022019193812,0.6094383170915215,0.6109052291358759,-0.35875228099303996,0.35591647834483303
24,58000000,0.2131879466954672,-2.0171645449227693,-2.446815100734333,0.6060360001731896,0.6073287536254389,-0.3646326052997059,0.36182207597961963
24,91000000,0.21322346767795602,-2.0363637104933874,-2.4545079505878564,0.6024669153918845,0.6036978021181064,-0.37054989528725996,0.3677979807972799
24,124000000,0.21340860355735264,-2.056071529334652,-2.461355647713378,0.599006592476992,0.6001267881181781,-0.3762265959038585,0.3734869326852776
24,157000000,0.2139603875376564,-2.076163201582436,-2.469438807509533,0.595730372459829,0.5967268484221184,-0.38156033554717383,0.3787269491839836
24,190000000,0.21349945291004827,-2.097086767312577,-2.4760254287278367,0.5928233932223548,0.5938529616022413,-0.3860170336684169,0.38326222637042734
24,223000000,0.21294178238119388,-2.1186509867081464,-2.4836804508635613,0.5901961139565366,0.5912837787064756,-0.3899463176120587,0.3872904717263127
24,256000000,0.21308977056474115,-2.1413802162461866,-2.491025236145347,0.5878756061844406,0.5889427326380898,-0.3934807991829535,0.3907960977292381
24,289000000,0.2134995547711699,-2.16502162658036,-2.4995636959923058,0.5857255782180025,0.5867107335475342,-0.3967782169047665,0.3940344004667294
24,355000000,0.21346048628620123,-2.198204640242413,-2.5109170860049526,0.5832237095989212,0.5842196126063199,-0.4004719106028384,0.39769309476769515
24,421000000,0.21361997727583987,-2.2367141598010587,-2.523378638401427,0.5806340192938669,0.5815958784987717,-0.4042891853697781,0.4014481589756423
24,454000000,0.2135211491433328,-2.2696490197916575,-2.5334951922347164,0.5782911811266311,0.5792633717242245,-0.4076514534781133,0.4047882761234948
24,487000000,0.21340857059061552,-2.2985765838025296,-2.542099924032449,0.5762106547262154,0.5771798657254192,-0.4105981332265026,0.4077423904527032
24,520000000,0.21327364858954784,-2.324468381222769,-2.5497138163259,0.5743010796414113,0.5752819218327941,-0.4132636292158065,0.41041704777269755
24,586000000,0.21320887785998457,-2.354491264652519,-2.5584824749165116,0.5722451781819692,0.5732332067181537,-0.41611672703778385,0.4132626480127033
24,619000000,0.21328374058129052,-2.3800158255145876,-2.5659620447466818,0.5704199767181382,0.5713882027041368,-0.41865227962071566,0.4157725829582718
24,652000000,0.2128253410302381,-2.4020689689740746,-2.5713947086448923,0.5688205520338052,0.5698637652604196,-0.42074698882939204,0.417935928125561
24,685000000,0.2124797732111262,-2.4217248094627406,-2.5759526175313945,0.5674085278219877,0.5685133711021524,-0.42258567805455016,0.41983503204964584
24,718000000,0.2124332910429403,-2.439270477629094,-2.5802220942692236,0.5661633100381492,0.5672712494346154,-0.4242453462587857,0.42151906494167013
24,751000000,0.2106492040295663,-2.455108678264396,-2.581232772923322,0.56526250034873,0.5663936591570644,-0.42511138445506014,0.42303290578024216
24,784000000,0.211476323639533,-2.469608403137987,-2.585858838140846,0.564231893617427,0.5653280409069666,-0.4265831732443131,0.42435053045094223
24,817000000,0.2117922919187092,-2.4828513800965055,-2.587915223794183,0.5634312836184433,0.5645374659857626,-0.42767808045227934,0.42536348884113345
24,850000000,0.2126862642758735,-2.494953327696449,-2.5912067442025943,0.5626917887609694,0.5636926913687801,-0.42880866230290293,0.42632338862933244
24,883000000,0.2130641907316082,-2.505870775637776,-2.5930468324812503,0.5620875011946208,0.563036779048188,-0.4296832709197741,0.427105974122949
24,916000000,0.21363144212735108,-2.5156888640799964,-2.595493759261795,0.5615261369244129,0.5623858203462987,-0.4305393018966694,0.4278393345012762
24,949000000,0.21343860436750875,-2.5241767527513748,-2.597396730643202,0.5609954736393061,0.5618733987250296,-0.43122056068500136,0.4285221002514428
25,15000000,0.21311988277003555,-2.5329901917727686,-2.599627006532523,0.560480367048871,0.5614084809639596,-0.4318483347289845,0.42917279905220623
25,48000000,0.21334742555610248,-2.5398910485245243,-2.6026285114533496,0.5600286372755926,0.5609218911377638,-0.4324863673909948,0.42975586033772595
25,81000000,0.21352025878886577,-2.5450433372044245,-2.6049772559951236,0.55967534940639,0.5605400385933372,-0.432987239379794,0.43020973830781706
25,147000000,0.21354876898324826,-2.548705209281687,-2.6055696916729216,0.5594710925326941,0.5603344542359888,-0.43326826131658414,0.4304602301630597
25,180000000,0.2135673006095969,-2.551085426131908,-2.6059547748634904,0.5593178169798716,0.5601801829423566,-0.43347896363399274,0.43064803533087026
25,246000000,0.21357934616672353,-2.5526325670845518,-2.60620507893736,0.5592028137022372,0.5600644327871857,-0.4336369542727946,0.43078885334149863
25,279000000,0.21358717577885583,-2.55363820870377,-2.606367776585375,0.5591165350313052,0.5599775939176866,-0.4337554269362762,0.4308944466665527
25,312000000,0.21359226502674183,-2.554291875756262,-2.606473530056585,0.5590518112864622,0.559912450001205,-0.4338442700022226,0.4309736303037723
25,345000000,0.21359557227399542,-2.554716759239808,-2.606542272459053,0.5590032596970723,0.5598635839334682,-0.4339108963568066,0.43103301156182083
25,378000000,0.21359772198471025,-2.5549929335041126,-2.6065869550206564,0.558966841341898,0.559826929712355,-0.4339608625039559,0.4310775439105152
25,411000000,0.21359911929667488,-2.5551724467759107,-2.606615998685699,0.5589395249527314,0.5597994364196976,-0.4339983350784394,0.43111094114966114
25,444000000,0.21360436237849958,-2.555288389337037,-2.606637528105529,0.5589193181866806,0.5597781597588807,-0.4340268585766977,0.43113605004538924
25,477000000,0.2135073251504308,-2.5555178553685445,-2.6063233779922728,0.5589234937927191,0.5597952569590151,-0.4340042550891082,0.43113119225739055
25,510000000,0.2132691025759144,-2.556179145914353,-2.606555395761592,0.5588941252973939,0.5597970203042544,-0.4339957790704264,0.43117550546800876
25,543000000,0.21259291328747432,-2.55746791481359,-2.605748118719882,0.5589055797379923,0.5599349097092223,-0.43384922679522553,0.4311290969487548
25,576000000,0.2126120703309881,-2.5597079773928972,-2.6057263130058432,0.5589477693526141,0.5599807310554664,-0.4337818446420112,0.43108268724375437
25,609000000,0.21288281410335042,-2.562987204750022,-2.6062107292092955,0.558999595039971,0.5599903959680348,-0.43375438270049993,0.43103056116338234
25,642000000,0.212998831908426,-2.567227013890884,-2.6076327929810623,0.5589977610851389,0.5599642572968122,-0.43377710896067384,0.4310440272101578
25,675000000,0.21308499868695968,-2.5724871455103204,-2.6090147898161655,0.5590084816229591,0.5599458122466365,-0.43378336738836787,0.4310477873719532
25,708000000,0.2129529671783844,-2.57878098001094,-2.610826782333409,0.5589830353202141,0.5599459873340804,-0.4337986153881263,0.4310652140685985
25,741000000,0.212979644722108,-2.5860895061082347,-2.612748893612449,0.558987934909777,0.5599357403269776,-0.43380109732041905,0.43106967336311525
25,774000000,0.21279507436693545,-2.59433237254866,-2.61408644091529,0.5590296011474287,0.5600071624089491,-0.43371545814946566,0.43100903059428225
25,807000000,0.21320120171106566,-2.6039129613726453,-2.617197486238707,0.5590294285636721,0.559912917658697,-0.43379909292534224,0.4310475259363516
25,840000000,0.21315593177422193,-2.614437611117141,-2.6207051569387994,0.5589612931023293,0.5598692825667557,-0.433892339621331,0.43109870896290764
25,906000000,0.21308480737302737,-2.631186748896154,-2.6246982122039575,0.5589789836353785,0.5598768379371147,-0.43387199456545783,0.4310864351000719
25,939000000,0.21302012160737163,-2.6476255705422487,-2.628605434708371,0.55900019109589,0.5598969692781661,-0.4338473902465673,0.43105755082601865
25,972000000,0.21337935497700738,-2.664285366457475,-2.6339147426231824,0.5589682761152986,0.5597659280066755,-0.43397520178564125,0.43114046014568025
26,5000000,0.21309326053439198,-2.6814348438116267,-2.6382417750364486,0.5589482492892324,0.5597700992575361,-0.4339689249394903,0.4311673257339587
26,38000000,0.2130875727215095,-2.6988241474464787,-2.6423263679287454,0.5589803441482233,0.5597839673897029,-0.43394183563915917,0.43113497653460553
26,71000000,0.2129156653984594,-2.7166323350959507,-2.64558994505841,0.5590676858102145,0.5598811137127918,-0.4338130419447491,0.43102518004077034
26,104000000,0.21280535484141685,-2.734508767978244,-2.6500244165639693,0.5590694067118939,0.5598969542658004,-0.43380314200152104,0.43101233517417964
26,137000000,0.212882414326823,-2.7526125662278176,-2.654615809325704,0.5590533096625828,0.5598393260016464,-0.43385520288435653,0.4310556680377935
26,203000000,0.21275336611969276,-2.7771922422719806,-2.6612234021534134,0.5589207991392523,0.5597117965147128,-0.43402303000800346,0.4312241349396902
26,236000000,0.21230095560251225,-2.7994506447765093,-2.6662974078609096,0.5587919203735168,0.5596660626469275,-0.4341122690676662,0.43136066799313644
26,269000000,0.21191056441714795,-2.820291949098656,-2.670568455794514,0.5586749105124493,0.5596160189498479,-0.4341885358651753,0.4315003719834847
26,302000000,0.20963528758952515,-2.839320310054927,-2.672275683156976,0.5584074211051946,0.5600264233375575,-0.4340470423832751,0.4314565125441036
26,335000000,0.2075437564981048,-2.857754205724037,-2.6745299780684073,0.558105260246307,0.5602239195949318,-0.43393481153899965,0.431703900531031
26,368000000,0.20912327007617937,-2.876313141066783,-2.682497751768511,0.5577272931325781,0.5595203873190715,-0.43469992203855445,0.4323345700369082
26,401000000,0.20988657706924663,-2.8948145270855856,-2.688441784983718,0.5573544085953631,0.5589536053055809,-0.43532832625813406,0.43291590256364754
26,434000000,0.21053323430060644,-2.913150738528257,-2.69458479094308,0.5568562327404708,0.5582856087018352,-0.43611878054770975,0.43362279048510677
26,467000000,0.21093363287221656,-2.9311165415656824,-2.7010902436535478,0.5562023427366846,0.5575022607619271,-0.4370658299997939,0.43451541218483314
26,500000000,0.21141859106895447,-2.947512732533646,-2.712120337675721,0.5549870073082054,0.5562604727703722,-0.4387107392416174,0.43600068282794896
26,533000000,0.2171947909987745,-2.964415691001274,-2.7224755086965056,0.5544327631964231,0.5542099167424027,-0.4409078587245609,0.43709946167168934
26,566000000,0.2165030704985656,-2.984686376185782,-2.725097213629681,0.5538671840664476,0.5536929641441247,-0.4415447003878275,0.43782818711341615
26,599000000,0.21499203266783495,-3.004269846709901,-2.724913541777848,0.5533593235490981,0.553383865120289,-0.44193830498221176,0.4384635577277364
26,632000000,0.214676198346049,-3.022908486320655,-2.7279703950936107,0.552659498667951,0.552724764410758,-0.4427589418936778,0.43934875977104115
26,665000000,0.21398667613457467,-3.0411527994971577,-2.7303892325251384,0.5519178379171982,0.552093288380336,-0.4435566948101587,0.4402694170655968
26,698000000,0.21385447902808152,-3.059200360966699,-2.7338756431270084,0.551105128780127,0.5512925623312743,-0.4445408107933636,0.4412970828020921
26,731000000,0.2135681801456417,-3.0771845727929574,-2.73545339513997,0.5503546860539346,0.5505884767557313,-0.445415145208268,0.44223002749855894
26,797000000,0.21328660939721716,-3.100960718813063,-2.739332002603414,0.5492430297968653,0.5495212665734721,-0.4467377268809908,0.4436032858131827
26,830000000,0.213628084910919,-3.122544597329514,-2.744946572029905,0.5480508746184615,0.5482797716676407,-0.4482707555662585,0.4450650070653443
26,896000000,0.21293037884609817,-3.149025745912411,-2.747114926308379,0.546775365369936,0.5471042646872872,-0.44971294382668003,0.4466227620042414
26,929000000,0.20306027758926132,-3.170008400584354,-2.737452083899977,0.5453291719403227,0.5479364365474577,-0.4495236958517473,0.4475602781775229
26,962000000,0.20013636478088415,-3.190984026029536,-2.7339173766979394,0.5441143284780895,0.5477643541763911,-0.45023295158188453,0.44853550489166766
26,995000000,0.2042375507661196,-3.2131205754894827,-2.7414063650015286,0.5428738576889174,0.5457634018187965,-0.4523536374492856,0.450340394101538
27,28000000,0.20690198557146433,-3.233504096240551,-2.747057363365724,0.541595814570402,0.5439163109538869,-0.45435469563374464,0.4520960416479054
27,61000000,0.20803947521214256,-3.2524280375390866,-2.749966025337008,0.5403558220258912,0.5423657583263993,-0.4560615010706906,0.45372114457990775
27,94000000,0.209282036203687,-3.2709468879909833,-2.7539140413819823,0.5389882243248444,0.5406528932902358,-0.45796209430144086,0.45547432770583934
27,127000000,0.21038899017567533,-3.288950820683897,-2.7573807602967184,0.5375894126691819,0.538890853668049,-0.4598788390989942,0.4572807940072346
27,193000000,0.21092136309499976,-3.312363912064317,-2.7593153749392147,0.5357613782557215,0.5368634499968309,-0.46218753151089076,0.4594780379331526
27,226000000,0.21140952452778383,-3.3338007639062486,-2.7619680316054196,0.5338581741556476,0.5347536824200254,-0.4645563577916288,0.4617589625126913
27,292000000,0.21112920150713693,-3.3599314589083162,-2.763279314618625,0.5315828289130068,0.5324495461919136,-0.46716964443673287,0.4644025194610026
27,325000000,0.2111289988757573,-3.3836875439185974,-2.7639886851164612,0.529525002042627,0.530324950004883,-0.4695529148264553,0.4667748705661584
27,358000000,0.21139957088983782,-3.40640362000752,-2.7667830177357784,0.5274080451558475,0.5281089244764986,-0.472035774071927,0.46917368403340803
27,391000000,0.2119313411957016,-3.4281231031090234,-2.7683732572861337,0.5255014569010685,0.5260095418398822,-0.47431826079462436,0.47136436879023247
27,424000000,0.2115030950589608,-3.4488586901581475,-2.7687787792515635,0.5236608256036694,0.5242303936821445,-0.47631110047282765,0.47338099838746267
27,457000000,0.21132797040946982,-3.4692977215389793,-2.769861392949725,0.5218561046787756,0.5224314883653092,-0.4782876853904821,0.47536558139785196
27,523000000,0.2111731720956297,-3.49625857903722,-2.771693466932361,0.5197637363517211,0.5203440613528647,-0.48056460004259816,0.4776456650849064
27,556000000,0.2106316363140202,-3.520462927198995,-2.771980474221495,0.5179513459542593,0.5186577578867904,-0.48242808917139746,0.4795661291067719
27,589000000,0.21057526640460444,-3.543650248888497,-2.773474081231816,0.516231384405643,0.5169710798848444,-0.4842771538044166,0.4813748005664864
27,622000000,0.21010130590762693,-3.5658980585605384,-2.7736714393846116,0.5147327610277805,0.5155932515025017,-0.4857797509670904,0.482940801009966
27,655000000,0.20733044544689486,-3.5853216011306825,-2.7741997579580864,0.5129005264394515,0.5147750994295098,-0.48739552400280634,0.4841335044876586
27,688000000,0.20657388911743718,-3.6063904808150493,-2.7747911087550556,0.5114041227015249,0.5137688620229941,-0.4889059837388902,0.48526108309217364
27,721000000,0.2084915217511248,-3.6295847945167097,-2.775914190757154,0.5104008135380016,0.51216053662064,-0.4902169689585021,0.48669283702695193
27,754000000,0.20962999155456993,-3.652177951398713,-2.7763011608278685,0.5094099505131584,0.5107469219443678,-0.49143071119848347,0.4879907172615974
27,820000000,0.20990881815124748,-3.6824623240354306,-2.7767596641307204,0.508015062908117,0.5091313740667145,-0.49294314560586755,0.4896049376789347
27,853000000,0.2102870478465917,-3.709712403271703,-2.7773077780286446,0.5066520145732153,0.5075408992191657,-0.4944319355739766,0.49116497516951907
27,886000000,0.2108746636334585,-3.7351458718665507,-2.7781999385880702,0.5052764137528801,0.5059193408496134,-0.4959734977097273,0.49269834161371007
27,919000000,0.2110138794823967,-3.758862879648982,-2.777254615980161,0.5040047194241714,0.5045003165403266,-0.49732784180685113,0.49408874827566385
27,952000000,0.21085276472187137,-3.781955675966839,-2.7778419570052524,0.5025215870621688,0.5029742935954075,-0.49883415640017637,0.49563433993948053
27,985000000,0.21113236492268828,-3.8042790378294917,-2.777981194193193,0.5010140478265701,0.5013299879474974,-0.5004289937133727,0.49721623999626036
28,18000000,0.21118317890257263,-3.825703070679705,-2.7769645956563176,-0.4994796820884083,-0.4997384328520229,0.5020066002951008,-0.49876940480709314
28,51000000,0.2110565089716399,-3.846550056578592,-2.7759544157554403,0.4978668144619783,0.49813444120948236,-0.5036213886348743,0.5003560836523123
28,117000000,0.2109676866304509,-3.8731395771887787,-2.7737203447311263,0.49583438948353853,0.49607441348789566,-0.5056334087572786,0.5023875898513237
28,183000000,0.21100825573174847,-3.90328731101162,-2.7706422997726046,0.4934080766296377,0.49359602519785817,-0.5080369362653008,0.5047869899429699
28,216000000,0.21097164873983193,-3.9293921812663752,-2.767983329387575,0.49106285047430875,0.491234987304273,-0.5103271543756804,0.5070617907504348
28,249000000,0.2106809926993398,-3.952801855381164,-2.7652391000989764,0.4887796420513387,0.4890073706754734,-0.5124828442056923,0.5092421696364801
28,282000000,0.21046157544383093,-3.974607649707591,-2.7625680517226656,0.48654105107312645,0.4868078240663118,-0.5145778433047287,0.5113761738958262
28,315000000,0.21058250633360648,-3.9956979162961623,-2.759919898908264,0.4843483867441491,0.48457908351227547,-0.5166804864373044,0.5134501212539092
28,348000000,0.21063189932973703,-4.016113150757262,-2.7568910810965,0.4821883705022521,0.48240350816899535,-0.5187253959413528,0.5154659971948838
28,381000000,0.2106257036099053,-4.036165063148532,-2.754294788778628,0.4799546391550755,0.48016851547528544,-0.5208106876423826,0.5175306452155761
28,480000000,0.21071306412656554,-4.067605721150812,-2.749398508918173,0.4768289239794678,0.4770027503469495,-0.5237204732536304,0.5204031315365256
28,546000000,0.21054057243540653,-4.100218060654943,-2.7442642103097725,0.4734235664245756,0.47362482233173336,-0.5267953377473105,0.5234847911379725
28,579000000,0.21036780348733036,-4.1275915269676275,-2.7400228027091647,0.4703021729796274,0.47054800770883476,-0.529575206160885,0.5262609044490605
28,645000000,0.2109528037531776,-4.156841826528196,-2.732714156715989,0.46716506108933287,0.4672691463142441,-0.5324100840263015,0.5291085456002993
28,678000000,0.2112390228876586,-4.182889870996787,-2.726936405250375,0.4642506299260864,0.46427738418524694,-0.5349960748062592,0.5316926396793848
28,711000000,0.21120904424781006,-4.20640146878798,-2.7211186574405373,0.46161206245761444,0.46163299944133657,-0.5372739302167769,0.5339906380544893
28,744000000,0.21146343679455548,-4.2286916255459515,-2.7158111491359347,0.45917584809348094,0.4591105854110946,-0.5394074719234753,0.5361106137022842
28,777000000,0.2113642206838021,-4.249803154909243,-2.7106657149191355,0.4568087772368517,0.4567501621667354,-0.5414125698132765,0.538124018836009
28,810000000,0.21155646477133855,-4.269910504781359,-2.7048767500395576,0.4546245715842926,0.4544825360808775,-0.5432868967946731,0.5400013621098624
28,843000000,0.21159338401152972,-4.289897988457685,-2.6999837600239536,0.4523221559882953,0.4521437830351,-0.5452295178802091,0.5419367486127171
28,876000000,0.2117414870920496,-4.309465690772765,-2.6948168511927357,0.450024897275499,0.44977049139307235,-0.5471671433756164,0.5438678277986101
28,909000000,0.21199047804488144,-4.329616735896853,-2.6915971179104745,0.44742195930145945,0.44706860484474764,-0.549362076557916,0.5460261548103612
28,942000000,0.21191229798142763,-4.349178881187497,-2.6894669270496343,0.4445736642214972,0.4442392949452651,-0.5516848265669623,0.5483151995367138
28,975000000,0.21601632336383286,-4.369569553050466,-2.68950715246167,0.44204421093045176,0.4404514704218411,-0.5544003079230404,0.5506720588162709
29,8000000,0.22033639219060047,-4.388312752103835,-2.687646405437551,0.4398868620597726,0.43677750715040803,-0.5568850035000591,0.5528146621711664
29,41000000,0.22428500477726232,-4.405907640543556,-2.6848566666054987,0.43794942761355166,0.43327005016417747,-0.5591735752135818,0.5547993108021626
29,74000000,0.2217483721460053,-4.421025796583153,-2.674835677705098,0.435992122901754,0.43203667327695827,-0.5603778133599089,0.5560862235349548
29,107000000,0.21943561818497065,-4.433746003454391,-2.6636861032150367,0.4343309692737046,0.43104964457645634,-0.5613389635093089,0.557181641017155
29,140000000,0.21881259071599507,-4.446847339753672,-2.6564489010393624,0.432597889340181,0.42964292589284947,-0.5625514003527087,0.5583922853423555
29,173000000,0.21787757461413115,-4.459141586040746,-2.6509120013393925,0.43077094814763683,0.42817041767836517,-0.5637968009734382,0.5596781672258065
29,239000000,0.21696015256450837,-4.4724097500227025,-2.643142795487377,0.42876769228496736,0.42648378048753655,-0.5651625408727876,0.5611249000248492
29,305000000,0.21674539498804674,-4.486328248533717,-2.637856929580567,0.4264008294337868,0.4242869149892261,-0.5668932195981914,0.5628454708005571
29,338000000,0.21666008410623128,-4.49710662387094,-2.6331232224210073,0.42435031243772464,0.422342842930237,-0.5683943790384581,0.5643413552426371
29,371000000,0.21633625421969854,-4.504849171555184,-2.6283656402256432,0.42256741315647384,0.4207038274237865,-0.5696626594802368,0.5656231301168004
29,404000000,0.21633428871696292,-4.511210126159893,-2.625805592549928,0.42084433552094974,0.4190455872333507,-0.5709195747859367,0.5668700734793043
29,437000000,0.21617190864917912,-4.515373065204995,-2.6228449173390933,0.41933794152475673,0.4176160940580876,-0.5719898384099963,0.5679613662364306
29,470000000,0.21581204754688416,-4.51811317349932,-2.619988157833633,0.41797575574299617,0.41636905143471215,-0.5729257937728347,0.5689368290488818
29,503000000,0.2155273338877986,-4.520254020973706,-2.61813829778297,0.416656892635098,0.4151517628176955,-0.5738353179656036,0.5698763686137012
29,536000000,0.21529448847376886,-4.5217886909310705,-2.6162817111873156,0.4154599235231565,0.41404110325191035,-0.574658331066527,0.5707283235479976
29,569000000,0.21531563258793313,-4.523345301474296,-2.6152591136806977,0.41430940672600985,0.41292076936817684,-0.5754782003023331,0.5715496432502802
29,602000000,0.2153531693237294,-4.524822729037105,-2.6150236709399794,0.4131591077783813,0.4117863332704197,-0.5762993565615104,0.5723727972381847
29,635000000,0.2155828220078959,-4.525970895975771,-2.614390395937839,0.4121481361938184,0.41074420452933236,-0.5770436957480332,0.5731000658479977
29,668000000,0.23066853643417148,-4.51729282784273,-2.6174262715811936,0.4144026189772364,0.4062667146248801,-0.5765440180722756,0.5751650382262375
29,701000000,0.2548357767201851,-4.539610974852733,-2.651069534816125,0.41323038928437567,0.39682263258045924,-0.5797581448690099,0.5793556223096842
29,734000000,0.2697876016790276,-4.553564695306637,-2.6721694122747337,0.4121603047777852,0.3897333856524968,-0.5821733657512197,0.5824997368954102
29,833000000,0.28025877681347294,-4.564316187172084,-2.685095632129718,0.4110295936898576,0.383880524513995,-0.5842636337483416,0.5850866792956361
29,866000000,0.28620374350922806,-4.572454287759078,-2.693297224963486,0.4099438763948676,0.3794590369604307,-0.5859003021391823,0.587092576540214
29,899000000,0.2900107623779862,-4.579511738724582,-2.6981776496000416,0.4089832994573977,0.3759977927597397,-0.5872255219270344,0.5886633222838557
29,932000000,0.2936131341142164,-4.5866814028280425,-2.7007055206480515,0.40826606481308,0.3730851351071659,-0.5883086665516951,0.5899315342853578
29,965000000,0.2941727254386415,-4.592581900456361,-2.7005673216193102,0.4075894754793065,0.3711675347451677,-0.5890540295312503,0.590864477628073
29,998000000,0.2945499961815622,-4.598725535869913,-2.698819690605886,0.40709188471153757,0.3697065159088729,-0.5896269859474613,0.5915516097003227
30,31000000,0.2948876258829567,-4.605887655222486,-2.6963305621346145,0.40668408411780427,0.36850498125174125,-0.5900951653340103,0.592114710480447
30,64000000,0.29512043906560487,-4.614473193157203,-2.6937199098399223,0.4062777386347117,0.36745106608400996,-0.5905254027470053,0.5926194916082973
30,97000000,0.29490686397295407,-4.623720633070868,-2.6902349256569966,0.4059101676581306,0.3666448279591006,-0.5908813524006323,0.5930157951587713
30,130000000,0.28500860707363634,-4.617879147939639,-2.6691063076036197,0.40689924042753917,0.3696310826211146,-0.5894034707647196,0.5919538998522916
30,163000000,0.26021365687343656,-4.617116151825865,-2.6358360677390302,0.40597081628249415,0.37774668923120114,-0.5879496354634989,0.5889060716787784
30,196000000,0.24476377221967605,-4.622580841353935,-2.6139673021118712,0.40505516391361934,0.3834603746437893,-0.5870587022118532,0.5867286727460066
30,262000000,0.23480265660051655,-4.637473089680628,-2.595820466900513,0.4041382053466174,0.387486534027784,-0.5865479387792147,0.5852247537828564
30,295000000,0.22789602470531778,-4.65310595607438,-2.5806704699815275,0.4033809238526748,0.3905203299052301,-0.5861488871910652,0.5841294242264713
30,328000000,0.22331397436181316,-4.670149692007508,-2.567908284093752,0.402704775173054,0.3926855980262809,-0.5859092070109431,0.5833843384042549
30,361000000,0.21989559717848725,-4.687510329244664,-2.5552993773809947,0.40219638042006217,0.39440624464043383,-0.5856717805630987,0.5828124494360777
30,394000000,0.21824985073485442,-4.70726766814958,-2.5459306309850342,0.4015180729888597,0.39525724728763556,-0.5857869247254007,0.5825878683517803
30,427000000,0.21666379279443315,-4.726829499916256,-2.535029936886936,0.40100990084446847,0.3959971079069666,-0.5858044904273122,0.5824177615330984
30,460000000,0.2155607145764905,-4.747174123154178,-2.5251809564146868,0.4004258254551125,0.3963503866354727,-0.585952656136169,0.5824302654305249
30,493000000,0.21491698383292054,-4.7682701215547,-2.5164567685068375,0.3997294600895562,0.39633551831881997,-0.5862634077127911,0.5826059838625501
30,526000000,0.2144969930548874,-4.789286510982198,-2.5075051667672175,0.3990438864124336,0.3961434740200078,-0.5866133720559847,0.5828542497342943
30,559000000,0.2142842093436027,-4.809999409340233,-2.4986149190839404,0.39838634931019606,0.39582510671084326,-0.5869911886703961,0.5831399025996759
30,625000000,0.20844197331544617,-4.831318483926181,-2.4878675692072894,0.39707278748550584,0.39632429645914746,-0.5876657744563565,0.5830173162156188
30,658000000,0.20814593529724246,-4.855991548168542,-2.4789770344539437,0.39600239251016206,0.39566387992327484,-0.5882784483401212,0.583575758979781
30,691000000,0.20903314167402726,-4.880503276162828,-2.4708636680104377,0.3949851901263147,0.3946219194174699,-0.5888538113157527,0.5843897921721966
30,724000000,0.20929904864256949,-4.90216559072029,-2.4613305100605753,0.3941157042792274,0.3937804557354179,-0.589314526104289,0.5850796130816492
30,757000000,0.2097344443210851,-4.923105785292272,-2.4528415233829737,0.39319818096349934,0.39282937170603877,-0.589871875480738,0.5857742276072504
30,823000000,0.20982985328649484,-4.948684540065629,-2.441937438419056,0.3920071342739812,0.3916511159489288,-0.5906254244803988,0.5866015837104502
30,856000000,0.2100076371150908,-4.9713224762663355,-2.4325659282067558,0.39083316526040274,0.39045090343539834,-0.5913808206185207,0.5874234026182316
30,889000000,0.2102196674468934,-4.990927843618216,-2.4233917580311077,0.3897799976528714,0.389353673018468,-0.5920707700225293,0.5881559946321085
30,922000000,0.2099291255587042,-5.008870069209617,-2.414803625950845,0.3886996767232382,0.38832931369521284,-0.5927386723882496,0.5888750051544642
30,955000000,0.20951845863298563,-5.024870000477298,-2.4057819533151066,0.38771780117929094,0.3874215610473006,-0.593314945486016,0.5895394949851065
30,988000000,0.20923193274864066,-5.040292289155184,-2.397711232864138,0.38669927836820994,0.3864579329623249,-0.5939288914476264,0.5902223361274856
31,21000000,0.20945246563832337,-5.055651358017328,-2.3907322861659233,0.38564205510327204,0.3853532610838519,-0.5946306386363889,0.5909293300409502
31,54000000,0.20922669444868314,-5.06969579672511,-2.38357322332895,0.38463005223322755,0.3843848966400202,-0.5952615278156557,0.5915840495286169
31,87000000,0.20918583680754727,-5.083307737572906,-2.3766905829159564,0.38363252461612574,0.3834008995690535,-0.5959141623500811,0.5922129240204906
31,120000000,0.20934058365398395,-5.096597601398528,-2.3707684501155644,0.3825884984461749,0.3823287198776982,-0.5966226754380223,0.5928677541969695
31,186000000,0.20945803545041192,-5.111616859945546,-2.363552280842684,0.3813832732109226,0.38108832759768924,-0.5974205194142697,0.5936389546403634
31,219000000,0.20926737028712067,-5.123911229578999,-2.356508919138153,0.3803351327967037,0.38006047993678044,-0.5980651937078681,0.5943208244928896
31,252000000,0.20915274207353424,-5.135429388993453,-2.350574291776895,0.3792934440952048,0.379034433201148,-0.598719605807498,0.594982533639431
31,318000000,0.20901869026485836,-5.150065798312728,-2.3438932634546426,0.3780024311683334,0.37776451879523365,-0.5995326260540926,0.5957925483479283
31,351000000,0.20900234791951594,-5.163506124874696,-2.3376802193655557,0.3768114760347086,0.3765726348294636,-0.6002925872224278,0.5965358094464602
31,384000000,0.2091842331041997,-5.176905931116504,-2.3315838438806704,0.3757086123273545,0.3754202202801469,-0.6010165253833849,0.5972284596734678
31,417000000,0.20919278405631303,-5.190097560996385,-2.3254056992938508,0.37472897212186057,0.3744192117514733,-0.6016383941092248,0.5978458781806333
31,450000000,0.20872801885486753,-5.202479144876605,-2.318624633121468,0.3739289076774071,0.3737009970864952,-0.6020829071385925,0.5983484851750538
31,483000000,0.20886701250882947,-5.215154102127963,-2.3119641017994095,0.37332462909218445,0.373066528707868,-0.6024930646563119,0.5987087718683346
31,516000000,0.20899496282922428,-5.2278926383892514,-2.305337961157317,0.3728699023308555,0.3725718737689824,-0.602806042808024,0.5989850662296837
31,549000000,0.20869055088827954,-5.241202780309943,-2.299548602721382,0.3723353077151484,0.37208041871053693,-0.6030961739949788,0.599330948269381
31,582000000,0.20881329099508572,-5.253436701847324,-2.29239798878043,0.3719326576253007,0.3716507265490205,-0.6033883405857157,0.5995534555755496
31,615000000,0.20863447470906193,-5.265583001775207,-2.285183789540586,0.3714419688770122,0.3711816122942094,-0.6036731533804417,0.5998614826267427
31,648000000,0.20826627143448062,-5.277718558838693,-2.278246193087078,0.37084526963132775,0.37064705087033656,-0.6039762042441734,0.600256024026407
31,681000000,0.20845724044570488,-5.290235029448069,-2.271722647454344,0.370203031904834,0.3699630668261715,-0.6044020587731821,0.6006456490342549
31,714000000,0.20832651407995384,-5.3026833195784295,-2.265293960950526,0.3694817653607173,0.36926227120816624,-0.6048292296452649,0.6010908442946291
31,747000000,0.20853660587293127,-5.314333234499194,-2.2582796772162674,0.36884622375418696,0.36857982842225506,-0.6052694123325151,0.6014568245494842
31,780000000,0.20826199639725596,-5.325626361171384,-2.252101974257524,0.3680585239705692,0.3678417100607077,-0.605714314434472,0.6019431605736525
31,813000000,0.20821679196686005,-5.335939737139633,-2.2458173670834016,0.3673531032718123,0.3671428374792869,-0.6061444748782463,0.6023675870918043
31,846000000,0.20825613361110995,-5.345708691179967,-2.2404213619611033,0.36660551786987466,0.3663870377966153,-0.606615030054696,0.6028093712889033
31,879000000,0.20842103724252464,-5.354155556470687,-2.235721560133193,0.3658986899759283,0.3656464689713178,-0.6070929314971185,0.6032072454214568
31,912000000,0.2082697612511873,-5.360597939538719,-2.2315496631534155,0.3652336677038478,0.36500735336946233,-0.6074783904829879,0.6036091492497562
31,978000000,0.20854234182832715,-5.368174152528075,-2.2280441581893458,0.3643738679575751,0.36407642389398404,-0.6080377321595238,0.6041276009126773
32,11000000,0.20836312722871858,-5.373130287427431,-2.2240776372241746,0.3637953817161101,0.3635308766936702,-0.608359991624657,0.6044802250883056
32,44000000,0.20822111739704563,-5.377523380724533,-2.221190145329973,0.36331852972104783,0.3630787445858387,-0.6086187406569263,0.6047782235766136
32,77000000,0.20828663035942002,-5.381597230869039,-2.2193896418058396,0.3628088472234468,0.3625503712588784,-0.6089330093769076,0.6050847533756126
32,110000000,0.20830438295782555,-5.384337796922436,-2.2173575399314043,0.36234311501179395,0.3620836442160202,-0.6092189700378157,0.6053553899494573
32,143000000,0.2082687174048491,-5.386570655932161,-2.215454459010164,0.3618566814270262,0.3616065317412856,-0.6095075220410883,0.6056410148627573
32,176000000,0.20828593387822775,-5.388540864950566,-2.213799427686604,0.36133699251597146,0.3610837101760442,-0.6098168726774092,0.6059517422063905
32,209000000,0.20818079805537165,-5.390705100651977,-2.212553737936096,0.36071926429297446,0.36048368605593967,-0.6101570240653985,0.6063345037511183
32,242000000,0.20836378461124744,-5.392684405460764,-2.2113143107053115,0.36014054278284285,0.3598665191421284,-0.6105257798859846,0.6066738414825695
32,275000000,0.2083353262813706,-5.39435218643131,-2.209894708237488,0.3595794246947025,0.35931076923208133,-0.6108549559367066,0.6070046385800039
32,341000000,0.20800696528265744,-5.396115271008979,-2.2077397603286237,0.3589184610491351,0.3587223396808799,-0.6111852126893954,0.6074112751026396
32,374000000,0.20810656724666937,-5.39787249833834,-2.2058321903834917,0.3583259194274369,0.3581230735908867,-0.611554251728332,0.6077431997326653
32,407000000,0.20799433166748765,-5.399765083350575,-2.204379164036127,0.3576962172042841,0.35752512227100214,-0.611905179478762,0.6081128632662813
32,440000000,0.20804841281340947,-5.401495325664669,-2.2028467783266676,0.3571315521672052,0.3569569624130567,-0.6122454960295036,0.6084358914652171
32,473000000,0.20794120424417145,-5.4034940218450505,-2.201757079052636,0.35651075444988306,0.3563578295944493,-0.6125813798254413,0.6088129699172541
32,506000000,0.20811042402634272,-5.405333582295872,-2.2004573234002023,0.3559718235665882,0.3557894566774196,-0.612925520709747,0.6091142991315751
32,539000000,0.20800702973626328,-5.406898084229865,-2.1989806752205165,0.35545452365549496,0.35529964864354413,-0.6132162711621671,0.6094095881003079
32,572000000,0.20792703574256938,-5.408138012849889,-2.1973043116093,0.3549933177277043,0.3548643902244715,-0.6134735895069191,0.6096729975132467
32,605000000,0.20804028099386557,-5.410113642440409,-2.196256434212736,0.35446299634841233,0.3543101956954497,-0.6137978215050984,0.6099774616832601
32,638000000,0.20797037185266165,-5.411832839654189,-2.195015592559923,0.3539623997351436,0.3538253519053777,-0.6140727259855582,0.6102728300714688
32,671000000,0.2081147367851958,-5.4135384339121035,-2.193740347772942,0.35349381413894465,0.3533321429415919,-0.6143770361154989,0.6105238550816331
32,770000000,0.20804113456156847,-5.416285006661111,-2.19151466837851,0.35281416881861305,0.35266805187715683,-0.614758240868604,0.6109171079206587
32,803000000,0.20791385808191315,-5.418306056066777,-2.18933729813916,0.3522447366558558,0.3521295073080181,-0.6150638744152302,0.6112486286042573
32,836000000,0.20772028142975357,-5.420283705352829,-2.1875248003065533,0.3516958639626712,0.351627297757941,-0.6153423889705137,0.6115733865032549
32,869000000,0.20769764844945932,-5.422219996624448,-2.1859396852794704,0.3511820036768531,0.3511275931852218,-0.6156311376895993,0.6118651125080379
32,902000000,0.20773327892432342,-5.424121937133869,-2.184448381633361,0.35070536758086585,0.3506500001417047,-0.6159086148356423,0.6121330743570654
32,935000000,0.20774540788452123,-5.42593768875673,-2.183018105945401,0.35025342477549,0.35020061800370716,-0.6161700872336672,0.6123858989079655
32,968000000,0.2078008364049228,-5.427678219298587,-2.181620608228897,0.3498272624498964,0.3497606223233704,-0.616416096578872,0.6126333237730761
33,1000000,0.20769029128253158,-5.429111855785583,-2.1799901362585645,0.3494489565431609,0.34940667211404586,-0.6166098732149864,0.6128561564567025
33,67000000,0.20783268103198266,-5.4317533928231105,-2.178457320200839,0.3489398575190318,0.3488648776415941,-0.6169197686239224,0.6131429458647629
33,100000000,0.20793850626428223,-5.433938682313075,-2.1770026266251383,0.34847862131503865,0.3483779315015012,-0.6171979774364036,0.6134020899683323
33,133000000,0.2079378583262081,-5.435880329282393,-2.175641134658811,0.3480390124086479,0.34793483429653693,-0.61744604174218,0.613653470992847
33,166000000,0.2077516208856922,-5.437537769946416,-2.1741394497181323,0.3476342120625624,0.34757154586150363,-0.6176452904069395,0.6138882392986638
33,199000000,0.20777970446882724,-5.439181034235793,-2.1726480385779086,0.34727745125851334,0.3472190840391805,-0.6178602808753886,0.6140732471317811
33,265000000,0.20768301826923063,-5.441272943931655,-2.1706622896681727,0.34686158577117365,0.34682869398676724,-0.6180780862667526,0.614309674855092
33,298000000,0.20759677378802216,-5.443226827103384,-2.1689233758946536,0.3464722723207255,0.3464609815126304,-0.618278133598304,0.6145355175385844
33,331000000,0.20756422182736295,-5.445285797928016,-2.1675913847687136,0.34607035661797186,0.34607531888538917,-0.6184988704582312,0.6147571302315885
33,364000000,0.2075626048216204,-5.447210079049689,-2.1662712964762454,0.3456975697951588,0.34570978178992284,-0.6187075934736517,0.6149624791729394
33,397000000,0.2075774910410754,-5.449337720322043,-2.165237901685859,0.3453002666996272,0.3453106464897484,-0.6189289827970813,0.615187123964545
33,430000000,0.20781155749263447,-5.451705269245739,-2.164407629546825,0.34490303159817337,0.3448623471040299,-0.6191935055853903,0.615395208776575
33,463000000,0.2079523573783239,-5.453588134682733,-2.1630909767218816,0.3445830205164913,0.3445076022746119,-0.6194041352117748,0.6155611839852173
33,496000000,0.20788422451752503,-5.454976676341427,-2.1614044521487235,0.344329828442515,0.34426633137158835,-0.6195422629320384,0.6156988279749646
33,529000000,0.20773382531733736,-5.456047720164798,-2.159479858970058,0.3441271036219596,0.3440929372868533,-0.6196278353108151,0.6158229719408819
33,562000000,0.2078563031818929,-5.457853662200776,-2.15822745984843,0.34385692879700674,0.34378767441917507,-0.6197895203722066,0.6159816538441187
33,628000000,0.2078539132595878,-5.460103071214405,-2.156471805741904,0.3435311200939813,0.34345919993799856,-0.6199707052410551,0.6161643223587627
33,661000000,0.20776256469316307,-5.4618064525084495,-2.1545295694212663,0.3432769394518682,0.34322410326668246,-0.6200973130560624,0.6163095651683428
33,694000000,0.20788935990260293,-5.464352695871668,-2.153583804722982,0.34291040293650166,0.34282905801251434,-0.6203250254253241,0.6165043028002719
33,760000000,0.20779634263516872,-5.466561020528764,-2.1514536908505817,0.3426092948937113,0.3425502775946159,-0.620484654763976,0.6166660129881615
33,793000000,0.20785561845785078,-5.469190417000147,-2.1501754414349348,0.3422398980323068,0.3421636565123905,-0.6206988244997553,0.6168702080839447
33,826000000,0.20773740095118343,-5.471061402885434,-2.148517541937103,0.34195632515832936,0.34190969444273656,-0.6208443143964004,0.6170218552141805
33,859000000,0.20770314245940422,-5.4729859581128615,-2.147021477574687,0.3416884577791331,0.34164671297560467,-0.6209809624500024,0.6171783904254516
33,892000000,0.2077610312291917,-5.474959636158596,-2.1456960156797766,0.341417803598435,0.3413619410852947,-0.6211402726958352,0.6173254167777671
33,925000000,0.20769713158150677,-5.4766187088180285,-2.144117209345767,0.3412012340838793,0.3411604316035247,-0.6212523068933751,0.6174438022584683
33,958000000,0.20773381604302177,-5.478482251852254,-2.1428596594955684,0.34095797827632635,0.3409042430553894,-0.6213870909451028,0.6175840326006937
33,991000000,0.2076694487727208,-5.480176425805986,-2.141443983116094,0.34074596172588567,0.3407077671490046,-0.6214953370627914,0.6177005366527121
34,24000000,0.20770055475697838,-5.4819764128940385,-2.140292405940629,0.3405170779262946,0.34047041205087963,-0.6216225869930239,0.6178295699450964
34,57000000,0.20789527315846137,-5.484085090605948,-2.139264539166507,0.3402810466251362,0.3401922440188667,-0.6217948624314478,0.6179394755726219
34,90000000,0.20777309024705076,-5.485706162867585,-2.1379829540113295,0.3400654971046797,0.3399988618171131,-0.621892386364223,0.6180664134413282
34,123000000,0.2077502488185281,-5.487341326989033,-2.1366479926953663,0.3398753900378478,0.33981838105457235,-0.6220001215673058,0.618161820168738
34,156000000,0.20768614249435444,-5.489122545672071,-2.1354752178937684,0.3396601523581273,0.33961788715578484,-0.6221071794108596,0.6182825640023817
34,189000000,0.20764308379037422,-5.490684962519854,-2.134084566971267,0.3394853298408193,0.33945980558775424,-0.6222010596802766,0.6183709182569431
34,222000000,0.20765608321775864,-5.492467909772517,-2.132805416528905,0.33930154218219255,0.33926959546924823,-0.6222961718145359,0.6184804601666023
34,255000000,0.20770330939159512,-5.494329649234821,-2.131639078434537,0.3391008680122541,0.33905863545653336,-0.6224163650117314,0.6185852500676627
34,354000000,0.2076050703160944,-5.497106205627709,-2.129390662054871,0.33885125401692084,0.33883242851386064,-0.6225371760378,0.6187243954212901
34,387000000,0.20752306654793576,-5.499181386431417,-2.1271383804200528,0.33868486122616637,0.33868737526856674,-0.6226130074168241,0.618818607998563
34,453000000,0.20760082957193896,-5.50235753044331,-2.1252820377096313,0.33840649725683913,0.33838138971515336,-0.622766090718715,0.6189842275532776
34,486000000,0.20751910440022897,-5.504553423242901,-2.1232976290733814,0.3382008905627724,0.3382008389081313,-0.6228724441180669,0.6190882558591867
34,519000000,0.2075355254179751,-5.5070266688619025,-2.121985344614867,0.3379405248042875,0.33793500245602787,-0.6230151314115059,0.6192320097042394
34,552000000,0.20771134595145335,-5.509511218948446,-2.120793500474794,0.33770044518133785,0.3376504573838261,-0.6231804169072289,0.6193518757024569
34,585000000,0.20761755675630517,-5.510967611663163,-2.1189570649000036,0.3375832924611395,0.3375500764033531,-0.6232306360307756,0.6194199228987248
34,618000000,0.2075162870847555,-5.5124445079886115,-2.117290824514301,0.3374641084941886,0.33745161049742983,-0.6232783133678843,0.619490540796386
34,651000000,0.20755027344985533,-5.514498874241156,-2.1163031586689254,0.3372570551587688,0.3372384103903791,-0.6234019818005818,0.6195949502619533
34,684000000,0.2074792959639515,-5.516170570063955,-2.1150470891957065,0.3371016944155182,0.337102163784491,-0.6234786508640396,0.6196764887509917
34,717000000,0.2074492676581121,-5.517824395191441,-2.1137636127309816,0.33696531847672484,0.3369712894609413,-0.6235432165505977,0.6197568727465992
34,750000000,0.20747385471299498,-5.519415770774187,-2.112509282022592,0.33684199106361207,0.3368401727230413,-0.6236103762264403,0.6198276129367992
34,783000000,0.20766299123062026,-5.521244811808494,-2.111556413718181,0.3366912562262462,0.33664283931786054,-0.6237261387501694,0.6199002343575988
34,816000000,0.20754638097167355,-5.522681951765061,-2.110378683685066,0.3365591007366675,0.33653541074760784,-0.6237820825631205,0.6199740337284143
34,882000000,0.2074626243597622,-5.524505692185686,-2.1090922828888847,0.3363915010092373,0.3363860779287519,-0.6238557350697639,0.6200719203810383
34,915000000,0.20735294581470254,-5.5250484961362805,-2.1082686295009125,0.33627474467322044,0.3363007550985275,-0.6239013649869147,0.6201356182179714
34,948000000,0.20749595304081514,-5.525182463299944,-2.1084351419809724,0.33612128167936106,0.3361156830977193,-0.6240051595814858,0.6202147147509978
35,14000000,0.2073604611872667,-5.523867388939353,-2.1090479772247304,0.3359786200040427,0.3360091700274896,-0.6240603273597175,0.6202942143638766
35,47000000,0.20751167513234803,-5.5228667810320875,-2.110101157809058,0.3358137880221909,0.33581270291140314,-0.6241754819353674,0.620373996947226
35,113000000,0.2074835732148887,-5.5202145171714925,-2.1120282439923557,0.3356419998767531,0.33565144472736186,-0.6242595509523352,0.6204696355309881
35,146000000,0.2076592827955421,-5.517259756114317,-2.1144034586867146,0.3354810877750647,0.33544786297013046,-0.624365337770946,0.6205603080798872
35,179000000,0.20759299694778222,-5.513100726221172,-2.1165375271706703,0.3354080119674453,0.33539351441995247,-0.6243934867417155,0.6206008618327907
35,212000000,0.207474892107134,-5.508972788447501,-2.119124931744624,0.3352947761231214,0.33531654064123234,-0.6244331641976294,0.6206637206467598
35,245000000,0.20751474694707248,-5.50509497572828,-2.1215400052943885,0.33520728287472173,0.33523283120394093,-0.6244908041251457,0.6206982052123764
35,311000000,0.20770142260076394,-5.501711302344582,-2.124672746234648,0.33500546808524495,0.3349849123683706,-0.6246190738628008,0.620811934006844
35,344000000,0.20765231547124793,-5.4983833116740986,-2.1266893159597835,0.3348923350780214,0.33488804184646764,-0.6246768944090081,0.6208670557581115
35,410000000,0.20774968802658253,-5.495171578204232,-2.129146195555135,0.33473430338961063,0.3347098573592914,-0.6247748923357339,0.6209497495189665
35,476000000,0.207832404936578,-5.492114833886108,-2.131115476323274,0.33460634141710605,0.33456716425432403,-0.6248577499292224,0.6210122392027944
35,509000000,0.20776850839144467,-5.4899810107838025,-2.1320985742521756,0.3345204797198163,0.33449967024518096,-0.6248962838184683,0.6210560793710641
35,542000000,0.2077813053076989,-5.4892301370043075,-2.1326341277188767,0.33441014695738724,0.3343899039742103,-0.6249612527133508,0.6211092322120293
35,608000000,0.20761344494013162,-5.489703292477051,-2.131750256636854,0.33432893238188166,0.33434837296446,-0.6249768578794399,0.6211596071731901
35,641000000,0.20750366544465404,-5.490811579756464,-2.130758537857747,0.3342369745120915,0.33428370589734646,-0.6250046367950315,0.6212159470146035
35,674000000,0.20760614068902,-5.492410723295155,-2.129688089238853,0.33415557404202956,0.33417121114300075,-0.6250523159619227,0.6212722883651729
35,707000000,0.20781713890195028,-5.49469972794714,-2.1290337222852953,0.3340040164789952,0.3339645393501772,-0.6251677410028921,0.6213487740728744
35,740000000,0.20782979005808994,-5.496763279149542,-2.1281617286481325,0.3338636046997931,0.3338116594815125,-0.6252448196282809,0.6214288253525561
35,773000000,0.20773690706170875,-5.498440718585064,-2.1268250833100764,0.33378495334459307,0.3337498547750158,-0.6252735812160204,0.6214753317644206
35,872000000,0.20767082467298803,-5.501567391591944,-2.1245276937689432,0.3336887727823094,0.33367468718199383,-0.6253259876658243,0.6215146138288274
35,905000000,0.20784270678030844,-5.504657489119667,-2.122799974394968,0.3335745857305096,0.33351920512807554,-0.6254236328965268,0.6215611112191353
35,938000000,0.2077986909894302,-5.506944984998686,-2.120988565638762,0.3335052349801827,0.3334582398528811,-0.6254604016776647,0.62159403668974
35,971000000,0.20768131781071802,-5.508864682351975,-2.1192519818938242,0.33345069392835536,0.33342984743370124,-0.6254713678939101,0.6216274925580093
36,4000000,0.20765841484121467,-5.5107242862226755,-2.1176984733059294,0.33340305210340865,0.33338872425318733,-0.6254944072935337,0.621651920155866
36,70000000,0.20772669440983416,-5.513528704274082,-2.116148393448148,0.3332896294833249,0.33325549471210203,-0.6255653500399463,0.621712788152584
36,103000000,0.20778961676556973,-5.516228694229206,-2.1149421989224795,0.33315022254394466,0.3330925269256999,-0.6256485519127398,0.6217911122030161
36,136000000,0.20780110795987566,-5.518433177082239,-2.1135670693339876,0.33306006693096496,0.3329949760879611,-0.6257031999613907,0.6218366692904137
36,235000000,0.20762085768613336,-5.521117822106714,-2.1107312608292412,0.33304617067286874,0.3330227114230526,-0.625690615451079,0.6218419217237021
36,268000000,0.20756182256903022,-5.523775359931336,-2.108748748425394,0.3329799993467023,0.3329700528909603,-0.62571801198217,0.6218779891537747
36,301000000,0.2076221975638937,-5.526290640198194,-2.1072163148369354,0.3328975185148272,0.3328663643822344,-0.6257639588107957,0.6219314218489566
36,334000000,0.20771096593489738,-5.528509113201015,-2.1058440291767515,0.33282636465734405,0.33276746590384076,-0.6258132803288369,0.6219727990748256
36,400000000,0.20750531477314416,-5.530920533696738,-2.104057941968287,0.33273629966581564,0.3327269012630091,-0.6258311576523888,0.6220246990048605
36,433000000,0.20747927677177358,-5.533130745573009,-2.102461008093483,0.3326753545333247,0.33267580646641226,-0.6258606938550302,0.6220549076772476
36,466000000,0.20765085636588387,-5.535359777659487,-2.1010780519160313,0.33262366454488795,0.33258381992851443,-0.6259192167417306,0.622072853144956
36,499000000,0.20759266228902262,-5.5372501120053315,-2.099740060421569,0.33255716522768214,0.33252768085951373,-0.625946955777735,0.6221105061566699
36,532000000,0.20743209691588346,-5.5387214413989705,-2.0983088094330204,0.33251727646367507,0.3325293309501201,-0.6259444941021508,0.6221334223574939
36,565000000,0.2073479830773039,-5.540105545110633,-2.0969464677772405,0.3324940973660778,0.33253787638053534,-0.6259507167793519,0.6221349822606478
36,598000000,0.20741608628728486,-5.54172818529197,-2.095795457845937,0.33245839264733357,0.3324908420012305,-0.625984791114233,0.6221449175532452
36,631000000,0.20751396727828486,-5.543403826698692,-2.0947861022582206,0.33241001955109695,0.33241257370622956,-0.6260198507836252,0.6221773108759974
36,664000000,0.20756688131381612,-5.54554024273154,-2.0942546700785205,0.33227379768927845,0.3322533430882764,-0.6260955003172998,0.62225900062453
36,697000000,0.2075928110940887,-5.547232733540261,-2.0932898284222317,0.33220596515344875,0.3321752652079289,-0.6261418210162654,0.6222902938942104
36,730000000,0.20739315198703642,-5.548217605157412,-2.0916524405540597,0.332249944087767,0.3322677685544898,-0.6260890318814231,0.6222705430849818
36,763000000,0.20760655063653238,-5.5501725653512395,-2.090774590524133,0.3322145574982461,0.33217382639964105,-0.6261409782369053,0.6222873228773
36,796000000,0.20747883638364145,-5.5513720164612,-2.08928734861119,0.3322663855001678,0.3322519145955874,-0.6260952590486605,0.6222639640144777
36,829000000,0.2073607231553103,-5.552916609414243,-2.088106342457821,0.3322600433021453,0.3322778980935498,-0.6260861901358413,0.6222626009849671
36,862000000,0.20727991607149027,-5.554511904786965,-2.0869205686035226,0.33224521378468,0.3322828828576484,-0.6260785463304372,0.6222755478899593
36,895000000,0.20722380679342733,-5.555983453333198,-2.0856586755265436,0.33224341917832295,0.3322946494927615,-0.6260653273053776,0.6222835224214045
36,928000000,0.20732449645057252,-5.557699267104969,-2.0846879876514803,0.33221226346259813,0.3322360639616425,-0.6260913413840437,0.622305264361681
36,961000000,0.2073457203705045,-5.559432451765983,-2.083726265082087,0.33216757344163383,0.3321839513796187,-0.62611761432049,0.6223305059510889
36,994000000,0.20733731149299686,-5.5610097989027425,-2.082481723774972,0.33215713902684135,0.33217113297451384,-0.626119751440221,0.6223407669985692
37,27000000,0.20733194077554953,-5.562343805732564,-2.080970864489226,0.332191698883277,0.3322049056092517,-0.6261032184086462,0.6223209266773257
37,60000000,0.20757926552060288,-5.564407258218589,-2.0802268692436243,0.33207844868197123,0.33202168451587566,-0.6262030404638772,0.6223787087023555
37,126000000,0.2074922060318684,-5.566501097436493,-2.0788389114731314,0.33198696626571256,0.3319539002453266,-0.6262522158141733,0.6224141904949169
37,159000000,0.20737679232434447,-5.568228965985553,-2.077327123625771,0.3319398247244521,0.33194382228154756,-0.6262753612178351,0.622421419572372
37,192000000,0.20729578591457692,-5.569899518067526,-2.075915696374056,0.3319046568017941,0.3319290608414338,-0.6262809507394684,0.6224424215162995
37,225000000,0.20738176164841943,-5.572043546530619,-2.075165835575787,0.33179316992202734,0.33178928562853044,-0.6263413774324142,0.6225155751073769
37,258000000,0.2072556984158375,-5.573720716531837,-2.074178802561568,0.3317107204896229,0.3317326533898096,-0.6263511075307684,0.622579902247247
37,291000000,0.20703198560161046,-5.574994317679028,-2.072649339035519,0.3317083849029547,0.331789070409321,-0.6263094873196288,0.6225929538915581
37,324000000,0.2068000719517592,-5.576649861558163,-2.071577059002571,0.3316275107958602,0.33175779639605196,-0.6262712427432549,0.6226911667324314
37,390000000,0.20640446618356112,-5.57873380336136,-2.0702848858090146,0.33150571580295,0.3317352553067335,-0.626221313339973,0.622818229899631
37,423000000,0.2061861945677748,-5.580835452227072,-2.0688420303198907,0.3314280108594426,0.33172544632759576,-0.626198365812049,0.6228878779771123
37,456000000,0.20530569235364493,-5.581841856115576,-2.067452349349456,0.3313200243802666,0.3318424872075915,-0.6260108915327852,0.6230713994486239
37,489000000,0.20485771272663614,-5.5834336927573105,-2.066676756278868,0.3311015583930009,0.3317507033890284,-0.6259428084333716,0.6233047644621007
37,522000000,0.20455094119912276,-5.58494676070464,-2.0657979013425334,0.33091442111254216,0.33166885392207207,-0.6259069042813321,0.6234837322743312
37,555000000,0.20417821511821704,-5.5863856225545785,-2.0649142239001406,0.3307355835363317,0.3315985028440034,-0.6258341539965753,0.6236890398154264
37,588000000,0.2030479755580238,-5.586510863119172,-2.0636505605935342,0.3305903826254623,0.33175157308452335,-0.6255599142170759,0.6239596833099229
37,621000000,0.2025921426262054,-5.587411779937471,-2.062505319895947,0.33049417139881515,0.33181019044961396,-0.6254098026872364,0.6241299375033323
37,654000000,0.20179835528262582,-5.588515695555148,-2.0623209980961508,0.3302273060044131,0.33175799506240367,-0.6252280222662912,0.6244809678879125
37,687000000,0.20125369119913195,-5.5893977663000305,-2.06142871160558,0.33009760016072726,0.33181765364755983,-0.6250824224821686,0.624663576815377
37,720000000,0.20053885366203789,-5.589659379360389,-2.060269205886837,0.33001339273534697,0.33196777545749595,-0.6248667033964931,0.6248441082858238
37,753000000,0.1997332311381559,-5.590141060671962,-2.0597167432870664,0.3298299830328247,0.33203150356337463,-0.6246470580064568,0.6251266398561891
37,786000000,0.1998259726574434,-5.591531866270442,-2.0589406464582587,0.32976262088982383,0.3320082550118885,-0.6246198188103257,0.6252017389748616
37,819000000,0.19934840572572993,-5.591920302565823,-2.0584349971627143,0.3296438389868113,0.33204480081336885,-0.6244642210112049,0.6254003728394448
37,852000000,0.19872126135299772,-5.59188291882067,-2.0580630432768037,0.32952187370117575,0.332108546429242,-0.6242671721663516,0.6256274817305815
37,918000000,0.1985368831499007,-5.591142944054059,-2.0579505632411186,0.3295210328505317,0.33221182974805125,-0.6241870384512059,0.6256530429192234
37,951000000,0.19939136854806255,-5.59167153998343,-2.058870365738052,0.32949397339994585,0.33201565629913843,-0.6243775006703864,0.6255813792960672
37,984000000,0.19952485660878141,-5.590447005847659,-2.059249396090771,0.3295598325305179,0.3320610921254218,-0.6243852077031365,0.6255148761463953
38,17000000,0.20026602157383655,-5.590336072501342,-2.0602261299786484,0.32958292972986714,0.3319040942341143,-0.624575901850418,0.625395640765945
38,83000000,0.20094012236694342,-5.588873579145277,-2.061246794740795,0.32966142901298884,0.3318226680082885,-0.6247792097346306,0.6251943684170114
38,116000000,0.20150511746087477,-5.5876633144332395,-2.062278533190499,0.3296365035981779,0.3316309738749217,-0.6249956119402906,0.6250929192669848
38,182000000,0.2027986417598477,-5.586649542014064,-2.0635540443369806,0.329430657803311,0.33109335960191627,-0.625511379741663,0.624970513496817
38,215000000,0.20331308933899972,-5.5854097470773745,-2.0652530418343362,0.3289567232040774,0.33044922107628966,-0.6259789914554604,0.6250928641452517
38,248000000,0.20412398696219136,-5.583953613829065,-2.0659053107271204,0.3285337780270564,0.32979300071445294,-0.6265011221430037,0.6251387664579624
38,281000000,0.20475405316858397,-5.582693809111479,-2.0667422645699265,0.3279176524853923,0.3289868576232424,-0.6270876896518855,0.6252988806856403
38,314000000,0.20471116931274635,-5.580941936853824,-2.067599304558264,0.3270877632427268,0.32811856091593156,-0.6275997792178096,0.6256758923317124
38,347000000,0.20528345260482847,-5.579721878427701,-2.068309630250844,0.32616195208541304,0.327021931603334,-0.6282827458930761,0.6260477844983667
38,380000000,0.2055206727197626,-5.57831372319633,-2.068973412088179,0.3250495235879282,0.32582209888434677,-0.6289882670861391,0.6265433161097768
38,413000000,0.20532998330924077,-5.5768691894050235,-2.0703598931495577,0.3236208902594357,0.3244050151254997,-0.6297155568042448,0.6272871934511611
38,446000000,0.20556759932940707,-5.575919796029917,-2.0716134401082225,0.32205846597758914,0.3227655055412823,-0.6305888401561706,0.6280593026103013
38,479000000,0.20536303267619388,-5.574338710790533,-2.0724313900640214,0.3203582647256176,0.3211043854442103,-0.6314407675937717,0.6289237735139893
38,512000000,0.20530213042794332,-5.572854427975073,-2.0730755993800987,0.31851767313284074,0.31927875107182035,-0.6323797891743663,0.629843927699429
38,545000000,0.20474568712051686,-5.570842357125176,-2.0737441055707384,0.316469898670624,0.3173609296424311,-0.6332807225404823,0.6309392760246437
38,578000000,0.20488407125930636,-5.569958041845545,-2.074884477913823,0.31421188798624855,0.31508167627481837,-0.6344099908050901,0.6320746714516041
38,611000000,0.2038620483601512,-5.568026711005256,-2.0758977820700832,0.3117266136749916,0.3128187060262886,-0.6353442328357404,0.6334892905875564
38,644000000,0.20267786258088227,-5.566189554298992,-2.0762474524395778,0.30916248536471336,0.3105491966521506,-0.6362659363495,0.6349357545004937
38,710000000,0.20140578076800164,-5.56452432569055,-2.075318048418272,0.30584602543794565,0.3075643840727783,-0.6374419483014063,0.6368124691928162
38,743000000,0.20008824064032293,-5.562837910247851,-2.074040139930838,0.3026145541997515,0.30467567519390926,-0.6384671226727556,0.6387150364580386
38,776000000,0.2016841972696629,-5.567184966775772,-2.0695526006642107,0.3000049931144003,0.3018254182363221,-0.6401886767969027,0.6395755460568586
38,809000000,0.1755206990754113,-5.533393623509287,-2.058590302811693,0.29799045904053023,0.30509319433627774,-0.6400760897645084,0.6390793600189867
38,842000000,0.15836816489342773,-5.514693678518691,-2.0485439513694326,0.2959574947990189,0.3071258879427442,-0.6403457275735613,0.6387802434374094
38,875000000,0.1474961514041235,-5.507650763167382,-2.0404115964082497,0.2937102984490375,0.3079248533498647,-0.6410017376565088,0.6387748567341845
38,908000000,0.13969263807705856,-5.504722206981178,-2.0316160261576153,0.29174889550903393,0.3084555173388631,-0.6414855320138266,0.638931990128379
38,974000000,0.13416736384726952,-5.50888354664861,-2.022460520688247,0.28955633602478853,0.30830196716832164,-0.6419965173137444,0.6394900289019885
39,7000000,0.1584694057880907,-5.551743841021527,-2.0149754713201755,0.28776822706357336,0.30218261741196256,-0.6439328418451068,0.6412687489812893
39,40000000,0.17504914869262794,-5.585005641246697,-2.007767060743971,0.2861057550100455,0.2971062791499269,-0.6455621841299034,0.6427447566968139
39,73000000,0.18578335736870172,-5.608365605831437,-1.9977732456492214,0.2849303554499331,0.2933768372613435,-0.6467309218354652,0.6438041927819013
39,106000000,0.19257656554723693,-5.629073198868463,-1.98815757934447,0.28369138803933824,0.2902583503262125,-0.6477455457684927,0.6447441309196206
39,139000000,0.19838767910335484,-5.650544101685113,-1.9800008133523463,0.2822934403071121,0.28714507285887264,-0.6488021130519639,0.6456887321238882
39,172000000,0.20090470986613335,-5.665936298560473,-1.9692195313535767,0.281217941428786,0.2850561747101147,-0.6495193989933575,0.6463621252900732
39,205000000,0.2031802269621349,-5.681385081308365,-1.9595264856558252,0.2800822786504068,0.2830165048366012,-0.6502372502661719,0.6470294379256311
39,238000000,0.20426339029218823,-5.693934466468079,-1.9488098396514997,0.27916006527906495,0.28149773437261427,-0.6507762349706356,0.6475484348633062
39,304000000,0.2041338531785543,-5.706575208601548,-1.933081166352415,0.27823124463651966,0.28030549254028936,-0.6512209653848589,0.6480181012926812
39,337000000,0.20450659130367954,-5.720363542905308,-1.9207204319419184,0.2770654461058858,0.27884159031883915,-0.6517876537539197,0.6485791859877773
39,370000000,0.204515662035543,-5.731193073709999,-1.907700216657558,0.2761253776503807,0.2777307537872058,-0.652226905828292,0.6490149979252232
39,436000000,0.204401659321223,-5.746814327996331,-1.8916659221423509,0.2746357945148229,0.2761502186514948,-0.6528681848813402,0.6496763581043163
39,469000000,0.20413012357100396,-5.759291757139925,-1.8769112923122722,0.2730553729778675,0.2745805030546506,-0.6535107690038882,0.6503614267667783
39,502000000,0.2045652595242947,-5.771726389223868,-1.8647268462867324,0.27104167481506247,0.27240445416218234,-0.6544034205888893,0.6512206899259351
39,535000000,0.20478526432393152,-5.783494283981774,-1.8546837002466852,0.268546230996158,0.26974503311683784,-0.6554890840510293,0.6522688093236537
39,601000000,0.2052948747906601,-5.794736224433741,-1.8417716696620965,0.26463942777470856,0.2656951470162152,-0.6571223893208618,0.653882426413456
39,667000000,0.20520953496996108,-5.8036760637974405,-1.8283067863967426,0.25926633277617045,0.26036191516674,-0.6592472959594307,0.6560378377728546
39,700000000,0.2051779380254239,-5.810319165713879,-1.8176239295880272,0.253860192992596,0.2549732032531702,-0.6613469231594448,0.6581518937632217
39,733000000,0.20519850913172802,-5.814953285392988,-1.80883021437363,0.24843471241425172,0.24954749962789635,-0.6634121844069353,0.6602200486788717
39,799000000,0.20502946226281443,-5.816989008430687,-1.7975595138294993,0.2415614874145163,0.24278253576627581,-0.665977243247717,0.6627058167853628
39,832000000,0.20521580772474074,-5.819870335816578,-1.788756398189975,0.23482567774342564,0.23594225422451875,-0.668392627462993,0.665161220529963
39,865000000,0.20643997845203926,-5.823305694960169,-1.7810457500119765,0.2283727484399546,0.22914659682580593,-0.670647139215497,0.6675104041100801
39,898000000,0.20659458712644532,-5.826286923756005,-1.7732690448761281,0.22216668613755639,0.22291453459195115,-0.6727672708524762,0.6695784293927196
39,931000000,0.20647784311136302,-5.829028942555521,-1.7654048961309114,0.2166384957921531,0.2174130033458626,-0.6745877505595466,0.6713648150685708
39,964000000,0.2056671225277671,-5.83045424867977,-1.75698044402418,0.21184224588999123,0.21282679967074578,-0.6761032741802152,0.6728387465366317
39,997000000,0.20518135467962967,-5.834316505043455,-1.7487202995606885,0.20735125540358623,0.20847859802169452,-0.6774623385152421,0.6742306066494794
40,30000000,0.20390586854702406,-5.836245788420282,-1.7391900105457943,0.2035318186275186,0.20501595753961332,-0.6785784914293431,0.6753328712048359
40,63000000,0.20420493604642784,-5.840969074581285,-1.7295311562066797,0.20011281671817052,0.20158045544451572,-0.6796017314092725,0.6763591259334206
40,96000000,0.20501578090860845,-5.845872560181217,-1.7187950206872185,0.1971858061384496,0.19848312288713113,-0.6804819086731783,0.6772492744588288
40,129000000,0.20537794681152444,-5.853070440735571,-1.7078388001235383,0.19432447430412417,0.19553271369978426,-0.6813083027133061,0.6781032024799307
40,162000000,0.20220738202143448,-5.85514823215809,-1.696609631445726,0.19188393371654597,0.19376477828662525,-0.6822896212502828,0.6783189805770916
40,195000000,0.20082376305671107,-5.861363912363917,-1.6843606457019797,0.18946491555912104,0.19171011645441294,-0.6831783185866953,0.6786881920545447
40,228000000,0.2006114695433997,-5.868872380536875,-1.670103506994081,0.18724576063823117,0.1896137207031823,-0.6838314140297728,0.6792350544768339
40,261000000,0.20205365356490895,-5.87821462847314,-1.6541702152056523,0.1851097274817811,0.1872238033555482,-0.6842647346773176,0.6800466227588251
40,294000000,0.2035207025667716,-5.88915301447757,-1.637355718167488,0.18289852653725353,0.1847075101878213,-0.6847678871780197,0.6808261197695549
40,327000000,0.20446114723185688,-5.898935189080829,-1.6191991281682028,0.18072841248233018,0.18231172506683876,-0.6852696278395449,0.6815461928478669
40,393000000,0.20487073411280918,-5.914030621992984,-1.592737152202488,0.1778389901551672,0.17929771562245636,-0.6859790799381491,0.6823916211680575
40,426000000,0.20495497462132511,-5.927327351625542,-1.5674217819530214,0.17521494823061876,0.17662124574163834,-0.6866078955356636,0.6831356053210085
40,459000000,0.20490686677401437,-5.938657772769757,-1.5421489387301566,0.17290109542725235,0.17428894435530026,-0.6871517582408613,0.6837770369221712
40,492000000,0.2051188418897757,-5.951449994339403,-1.5179889493058984,0.17060299354060535,0.17191804056544033,-0.6876949973351187,0.684408062900617
40,525000000,0.2050030705821283,-5.962223092703685,-1.4944031011969183,0.16852714652360182,0.16984756705594642,-0.6881806092267293,0.6849509865195583
40,558000000,0.20559894555141364,-5.9730018049404165,-1.4717500644617736,0.16652944764482142,0.16769591350755686,-0.6886611552659021,0.6854865694437855
40,591000000,0.20580009467442356,-5.983665892507786,-1.449872973548977,0.16444857097193308,0.1655405754973629,-0.6891711178418496,0.6860001134853452
40,624000000,0.20564499116664253,-5.993893873419944,-1.4289962650684995,0.1622654291403816,0.1633747787364938,-0.6896786544967067,0.6865289256180702
40,657000000,0.20617576962447354,-6.005353625005375,-1.4086491450200966,0.15992750954136503,0.16089888434675567,-0.6902546128831897,0.6870831900878843
40,690000000,0.2064746061482065,-6.015315678915568,-1.3874928813512553,0.15773087879136555,0.1586063016516329,-0.6907667566894337,0.6876091177441261
40,723000000,0.20566017307259582,-6.02461924627471,-1.3660217011730522,0.1555219660312242,0.15657599300693995,-0.6912501564025283,0.6880916347181919
40,756000000,0.20558906506488162,-6.033401628508779,-1.3436038242217538,0.15339598955185182,0.15447433127417193,-0.691716955990919,0.6885746177150758
40,789000000,0.20550373061627772,-6.043708818972265,-1.3204840408527114,0.15114612404419497,0.1522488015095387,-0.6922162793854487,0.6890658707112784
40,822000000,0.20550259890668346,-6.053933645365466,-1.2967920913535522,0.149024655389718,0.15013693770298842,-0.69266239009234,0.6895428669594892
40,855000000,0.20526594275282697,-6.064526190633905,-1.2726300971255164,0.14684959476313938,0.14803050468607695,-0.6931511803690472,0.6899736280129002
40,888000000,0.20500802253622089,-6.074314324614392,-1.248367988956157,0.1447774461283318,0.14604262512256933,-0.6935742124133435,0.6904099178133791
40,921000000,0.20501430330406822,-6.08320003168271,-1.224037172847142,0.1428419471841872,0.14412777975251914,-0.6939719197207134,0.6908157032576685
40,954000000,0.2051277174247771,-6.092980011722493,-1.2002626220788732,0.1407182312248603,0.14199256385778408,-0.6944199041234538,0.6912434361114853
40,987000000,0.20501302639643634,-6.101406963990358,-1.1769031912623276,0.1386067170551292,0.13993157782486682,-0.694849664949524,0.6916583510911849
41,20000000,0.20490811182736898,-6.110027039226667,-1.1541967543423972,0.13631848041474354,0.13769271290409907,-0.6952958904133132,0.6921138732064852
41,53000000,0.20504367087046535,-6.11847869669065,-1.1323051853582142,0.13387804923730875,0.1352361516666258,-0.695773422722868,0.6925945389961715
41,86000000,0.20530010388960873,-6.12659372472711,-1.111134452957391,0.1313629040477231,0.1326673698686905,-0.6962649159672437,0.6930788722832344
41,119000000,0.20511966296474857,-6.1330405963478825,-1.0905739457597954,0.1288879996321547,0.13025328905007877,-0.6967219959140502,0.6935419415233665
41,185000000,0.20516293931688,-6.141207341047673,-1.065184287365939,0.12526092460666896,0.12664086900882482,-0.6973801425443387,0.6942137479539064
41,251000000,0.20566638216464442,-6.149674894567617,-1.036840991526046,0.1207698792601087,0.12202144495159975,-0.698173915765061,0.6950385504277472
41,284000000,0.20553835111975385,-6.156170513367693,-1.0127605455709574,0.11659923695756724,0.1179013856751452,-0.6988808209633411,0.6957510181712997
41,317000000,0.20575699729348013,-6.162543709357701,-0.9913317404856989,0.11259969419856346,0.11385220260574058,-0.6995444620495106,0.696416922858766
41,350000000,0.2056356888731173,-6.1668952381007145,-0.9717480200617825,0.10880108421334259,0.1101034547281595,-0.7001464405348055,0.697018303301547
41,383000000,0.2058946701606354,-6.169445721504886,-0.9524968612137333,0.1052129718004253,0.10651375075649527,-0.700707854886923,0.6975625803929515
41,416000000,0.20648546770721388,-6.171963095722376,-0.934565067224342,0.10163500109825103,0.10284229549169159,-0.7012483304466639,0.6981006860443016
41,449000000,0.20632487013635298,-6.175102574621153,-0.9171511251884558,0.09788674546544801,0.0991665774744109,-0.7017649975118234,0.6986487409574462
41,548000000,0.20621838021502603,-6.17967986451946,-0.8862450134399964,0.09210172430525543,0.09344804252559678,-0.7025661839288001,0.6994179672612483
41,581000000,0.2063345587532489,-6.18322322656672,-0.8587605870809555,0.08685826904648171,0.08821682440894608,-0.7032426516617676,0.7000879986638653
41,614000000,0.20620978125345812,-6.187031002327199,-0.833189560812516,0.08189086153873455,0.08331382458312414,-0.7038457445392553,0.7006809982608045
41,647000000,0.20642157137105377,-6.191945936381297,-0.8084517404084903,0.07710663178202162,0.0785121834149099,-0.7043940237066807,0.7012271128222066
41,680000000,0.20627437458601133,-6.195257263489353,-0.7840742296562597,0.07289635600943706,0.07436205006577255,-0.7048505725024702,0.7016709180474141
41,713000000,0.20632348103886988,-6.198750880448064,-0.7595996932697601,0.06909399031622042,0.0705787755148528,-0.7052293865312836,0.7020656445957996
41,746000000,0.2063141647109716,-6.202198381467446,-0.7346510351729032,0.06564524015171044,0.06715528214753548,-0.7055629296307704,0.7023971973577013
41,779000000,0.20636773846305434,-6.205944289968855,-0.7090932113639382,0.06244400328579332,0.06396094014875849,-0.7058566155713134,0.7026920967558565
41,878000000,0.20652076783016632,-6.211409948640677,-0.6637460067312964,0.05824136418187116,0.0597419398316992,-0.7062140224120368,0.7030651453969197
41,911000000,0.20707994297090115,-6.217151142055384,-0.624528361985251,0.0543649338541826,0.05572930979500167,-0.7065153396533697,0.7034022837831043
41,944000000,0.20893976164195122,-6.225057210885903,-0.5896913006572999,0.050704708072676206,0.0515525515683464,-0.7068168496126357,0.7036912022398222
41,977000000,0.20864316683625478,-6.2287226075622115,-0.5559177491983053,0.047566566292071594,0.048488515371563796,-0.7070314981109765,0.7039124564370144
42,10000000,0.20902300258573614,-6.232173945148428,-0.5242557901488613,0.04469601352336574,0.045544432024611836,-0.70719425011127,0.7041336973162364
42,43000000,0.2090910487597184,-6.234879522308901,-0.4941657785218591,0.04205879798047027,0.0428933117527522,-0.7073454410665728,0.704310761185469
42,76000000,0.20909805199380702,-6.236626629748022,-0.46505868466502687,0.03972776055174358,0.040559076936769,-0.7074803516746366,0.7044488755856689
42,109000000,0.2097497767472904,-6.240041129132118,-0.4362030905198949,0.037432708584628736,0.03810462659501323,-0.7075861941574221,0.7046052849630691
42,142000000,0.20916656801547304,-6.2397849739066,-0.40834008241666425,0.035509306402468854,0.03630438806653877,-0.7076985427018891,0.7046870604910752
42,175000000,0.20956544099104957,-6.242666773922986,-0.38016554343234116,0.0333150961431611,0.034007145713746745,-0.707806564432321,0.7048003162285689
42,208000000,0.20950417404460492,-6.244452911194326,-0.35221706465911384,0.03109586863484055,0.03179503417630229,-0.707891330636326,0.704919844213159
42,274000000,0.20905617683903846,-6.246939480304597,-0.31446450993635955,0.02805004649137171,0.02884918590489678,-0.7080447617115031,0.7050202371402947
42,373000000,0.20903556749397612,-6.24758791570799,-0.2612785354349382,0.02442774060744638,0.025238472502662587,-0.7081557665548851,0.7051820440777054
42,406000000,0.20832601626798747,-6.248333681065235,-0.2173514731206682,0.021238300627043113,0.02223879455337484,-0.7082825095026681,0.7052590001807074
42,439000000,0.20847225117379958,-6.24967932351532,-0.17906834756359546,0.018496065691851367,0.01947169471522775,-0.7083508504623967,0.7053494320604783
42,472000000,0.20874117481870857,-6.250625202576003,-0.14459647551694566,0.016142261845544053,0.017046834150683036,-0.7084038089425084,0.7054168103353471
42,505000000,0.20876442959115388,-6.250922845973751,-0.11271515712865222,0.014085795637978644,0.014983261919395878,-0.7084336146733674,0.7054777854931555
42,538000000,0.20862826234887727,-6.250830287727464,-0.08245522192471649,0.012285216950013769,0.013216753016858304,-0.7084765737550038,0.7055036040478838
42,571000000,0.20932925163529176,-6.251888483115131,-0.052857586844016154,0.010544368919348448,0.011270893047320034,-0.7084612434617933,0.7055809306993622
42,604000000,0.2095954817311691,-6.252527494043082,-0.024043176352480176,0.008881103178386059,0.009504791317725915,-0.7084694204008769,0.7056216162400263
42,637000000,0.20930891808764412,-6.253543399421639,0.004224987643149953,0.007078501620921914,0.007759692548103937,-0.7084980158409103,0.7056346388435412
42,703000000,0.20624880144192675,-6.251742571849892,0.03860535007555389,0.005027282244286758,0.006257381145899246,-0.7090065884487499,0.7051561735890116
42,736000000,0.20715882455768952,-6.251792146761534,0.07240093191732372,0.0030748494314195136,0.004146832082251497,-0.7089850568232577,0.7052046073913426
42,769000000,0.2079845634099453,-6.251905234223349,0.1038801554596864,0.0011362907597946411,0.0020771283546441293,-0.7088629909758668,0.70534222502687
42,802000000,0.20886255751501492,-6.25213300961167,0.13398740182720698,-0.0008958768788841488,-0.00014216650206377656,-0.7087582496228908,0.7054508634800866
42,835000000,0.20916601044397232,-6.252385947113219,0.16303730379820158,-0.003229051057695126,-0.0025472078049620477,-0.7086871928462875,0.7055108416298889
42,868000000,0.20899806317367142,-6.251052503160443,0.1909238927883194,-0.00544505578223815,-0.004717960983667547,-0.7086246709574365,0.7055488416276721
42,901000000,0.20895610581201962,-6.249206300899652,0.2178286891578928,-0.007606015848659705,-0.0068668097917623395,-0.7085867199641813,0.7055493290597027
42,934000000,0.20957630445266678,-6.247991060353354,0.24411858984352636,-0.009808023339853148,-0.009233247905515213,-0.7085295595132046,0.7055525587135976
42,967000000,0.2099619863674353,-6.246115802844857,0.26917968118519986,-0.0120418997258403,-0.011588989192343522,-0.7084784869111018,0.705534493532845
43,0,0.2099347776598826,-6.244393618218734,0.2929302007688641,-0.014528072235274362,-0.014079056592366404,-0.7084124618870307,0.7055086811129625
43,33000000,0.20962412816298187,-6.241998615897193,0.3153042736725863,-0.01704713785425863,-0.016520358801749232,-0.7083603621707009,0.7054516781051932
43,66000000,0.209886481944005,-6.2396780388347,0.3368814596277968,-0.019584972921853648,-0.01912274059718142,-0.7082669644929658,0.7054138194248983
43,99000000,0.21001778107731822,-6.237450637446491,0.35753031009531266,-0.02223716113178851,-0.021815676142879423,-0.7081876913886967,0.7053366421112517
43,132000000,0.20982869413207972,-6.23540984487458,0.3773902214349095,-0.025158348855045674,-0.02468199773405788,-0.7080976811764168,0.7052343797513883
43,165000000,0.20977636728146906,-6.232874638701363,0.39684652816527954,-0.0282615961316949,-0.02775872402114218,-0.7079790506188927,0.7051215493158457
43,198000000,0.20968696654205765,-6.230318468559,0.41634926273187356,-0.03164225429210426,-0.031103230414042834,-0.707850531237452,0.7049673625267924
43,231000000,0.20971656608158845,-6.227566070852461,0.43623178401052465,-0.035268504229680864,-0.03471854794476076,-0.7076788566830738,0.7047988300513458
43,264000000,0.2096879600925219,-6.224143264975869,0.4564516091577107,-0.03907580900420801,-0.03849581593100958,-0.7074795969367633,0.7046018544005312
43,297000000,0.20966916232622798,-6.2197893185312125,0.4771094171656748,-0.0427461495235299,-0.042138820404508295,-0.7072689489961136,0.7043917378148055
43,330000000,0.209751596262721,-6.215407676582675,0.4984210528538989,-0.04628978635265375,-0.04568163313542895,-0.7070325430882923,0.7041842280877979
43,363000000,0.20972222281341274,-6.210991728611704,0.5200292453133312,-0.04964197147361803,-0.04900431170287668,-0.7067992379736042,0.7039666819549575
43,462000000,0.21070063769575176,-6.202090634870604,0.5565467871846503,-0.05387102573979957,-0.05341809519226163,-0.7064271820159164,0.7037080759809595
43,495000000,0.2104717391020608,-6.193261141239681,0.5870047323655652,-0.05754958744162285,-0.05701296005509757,-0.7061530876833069,0.7034098265779253
43,528000000,0.2106841686978948,-6.185975474876342,0.6148274491697105,-0.060908805502456184,-0.060400513120865605,-0.7058585291774948,0.7031398383069927
43,561000000,0.21097147211093986,-6.18033432176316,0.6408886764118326,-0.06409146450217595,-0.06364267630877184,-0.7055561556990214,0.702874387842836
43,594000000,0.21128033038662414,-6.173653073732277,0.6650489699881933,-0.06678818970509104,-0.06641120896507983,-0.7052768307712115,0.7026474799051293
43,627000000,0.2114030040335953,-6.1680153929400205,0.68909465621787,-0.06943618844932685,-0.0690901986017871,-0.70500313216154,0.7024071069068232
43,726000000,0.2113069313658948,-6.156616551162935,0.7315897691692275,-0.07269130474284007,-0.07231837333170084,-0.7046775210582453,0.702079495789933
43,759000000,0.21083061513392318,-6.149438833789373,0.7695097364001133,-0.07606524501446126,-0.07555928895637455,-0.7043811721502365,0.7016780149566865
43,792000000,0.21524647949999115,-6.147220694233701,0.8053321056818181,-0.07921909888520731,-0.07992023085614011,-0.7036717001037815,0.7015577164743972
43,825000000,0.2210861890725412,-6.142971132319735,0.8376417170703495,-0.08161583042277692,-0.08409715248813654,-0.7027726571288524,0.7016958868055592
43,858000000,0.21922833756711646,-6.130478860544405,0.8663708648818971,-0.08358735661306786,-0.08567423655559628,-0.7026926934583536,0.7013530192173553
43,891000000,0.21807840013905805,-6.119952694478309,0.8930348829028307,-0.08559751023500736,-0.08741023895199128,-0.7025655677991394,0.7010236367705417
43,924000000,0.21700931349474584,-6.108982976795527,0.9167411386402822,-0.087675324603152,-0.0892032061145404,-0.70240259214682,0.7007042343386022
43,957000000,0.21663698370260986,-6.1017294298546485,0.9396580860853829,-0.09033329393589883,-0.0917252636815072,-0.7021256849634661,0.7003184236644301
43,990000000,0.2158387977193311,-6.0930661275829126,0.9597311154887991,-0.09298103546872481,-0.09414433677134727,-0.7018490961723667,0.699928008511646
44,23000000,0.21580773996117653,-6.086517497910743,0.9792728823068048,-0.0958152877155452,-0.09691947125447103,-0.7014953610189344,0.6995214830158227
44,56000000,0.2157443922529734,-6.0809459439327,0.9983541897199428,-0.09866409489316154,-0.09972118351054975,-0.7011271632653627,0.6991006958011371
44,89000000,0.21527205035261315,-6.073900801942757,1.015600958035797,-0.10119219602460147,-0.10210924111538207,-0.700804140764335,0.6987183972317614
44,122000000,0.21481861804972086,-6.066111492943678,1.0317989829197076,-0.10342399452797384,-0.10420596455478025,-0.7005124579704449,0.6983744629747648
44,155000000,0.21510271296587954,-6.060917380625247,1.04817291759948,-0.1057223473291623,-0.10653647910137108,-0.7001624319179094,0.6980296074141082
44,221000000,0.21564761698116908,-6.054257872904835,1.069420579735657,-0.10839820049623494,-0.1093315284003673,-0.6997312154103523,0.697619289589364
44,254000000,0.21545416076881002,-6.045804694142937,1.087430093163988,-0.11061584024490147,-0.11150805188605094,-0.6993950903324593,0.6972636501857411
44,320000000,0.21517639170936245,-6.034978348803227,1.110504850365977,-0.1130007661446219,-0.11383042829413359,-0.6990306445128324,0.6968713069692831
44,386000000,0.21497482524853373,-6.02347636472525,1.1389099509437448,-0.11559633928011573,-0.11638181236121392,-0.6986173014471107,0.6964385301053587
44,452000000,0.21452325754865892,-6.010925338896594,1.1711817931654722,-0.11833443728872681,-0.11901100484733015,-0.6981822343650079,0.6959704801885452
44,485000000,0.21429723348980945,-5.998969625358054,1.1986965459911942,-0.12063650260458211,-0.12125142741928563,-0.697796511141484,0.6955752688436336
44,518000000,0.21409151538680304,-5.9879094933790835,1.2237882357020642,-0.12263158383131172,-0.12318942167939355,-0.6974583426145443,0.69522494298658
44,551000000,0.21443527128110235,-5.979680265277275,1.2485265857407049,-0.12468330873394892,-0.12533505820322247,-0.6970749428912398,0.6948609355126566
44,584000000,0.21421253255903872,-5.969307699711377,1.2711612643518158,-0.12632049398858497,-0.12692465972310626,-0.6967838657713163,0.6945685768543188
44,617000000,0.21354591644284038,-5.958692901760703,1.2923730868658827,-0.12779394859415455,-0.1282227812082702,-0.6965512697928202,0.694293852509109
44,650000000,0.21363603625174132,-5.950339920907724,1.3136234568222358,-0.12938712459741136,-0.12983539509966757,-0.6962494663824393,0.6940017454804387
44,683000000,0.20909425383592511,-5.942296991813169,1.328847713102141,-0.1307145600221282,-0.1308560022418697,-0.6967982788217589,0.6930097900510004
44,716000000,0.20722538044124456,-5.934025448172603,1.346094497076455,-0.1321017750443748,-0.13206139793780525,-0.6969291473982243,0.6923862157146272
44,749000000,0.20901700200227677,-5.927291086841883,1.366099441995442,-0.13378604449849182,-0.13373645920172858,-0.69632017604378,0.692354003535757
44,782000000,0.2107611828537832,-5.920691748845471,1.3849567604777206,-0.13536537356913272,-0.1354509465491498,-0.6957833229111573,0.6922534393386116
44,848000000,0.21174116310009258,-5.911268954997689,1.405743693768319,-0.13709700010027373,-0.13724967653974074,-0.6952781934679793,0.6920658729782486
44,881000000,0.21233657585381704,-5.904168764228302,1.4243582108711261,-0.13885068984736262,-0.13904970566336675,-0.6948079490525643,0.6918291546452867
44,914000000,0.2123457342633734,-5.897054293639799,1.439379108790758,-0.14040859566843997,-0.14055223179052498,-0.6944169668166809,0.6916036239047912
44,947000000,0.2124017680031557,-5.889725177624131,1.4520409939214904,-0.14174174634197445,-0.14184661293467107,-0.694077890033625,0.6914077655836389
44,980000000,0.21255775906003427,-5.8835438377635025,1.4641298389125073,-0.14307871465678854,-0.14318354216524432,-0.6937475606772955,0.691188307713229
45,13000000,0.21255230031362327,-5.877507131209156,1.475071143851852,-0.14440054737966215,-0.14447892795768835,-0.6934357513395873,0.690956713591201
45,46000000,0.21295886430585004,-5.872206362425933,1.486064478976433,-0.1457777179102096,-0.14594387668609357,-0.6931111002782407,0.6906853440531457
45,79000000,0.2128988498149465,-5.866519286256712,1.4962025867818718,-0.14709304261330877,-0.14722549455282924,-0.6928014925165685,0.690445061199839
45,112000000,0.21262228541833478,-5.860720832440714,1.5060475626308862,-0.1483246253870946,-0.1483926945390075,-0.6925390141775227,0.6901949924139235
45,145000000,0.21261312138107102,-5.856407564150651,1.517022356656571,-0.14967886803396363,-0.14974968059443644,-0.6922485038105228,0.6899009194065684
45,178000000,0.21240700775366322,-5.850769433139609,1.5269816087926134,-0.1508547890932933,-0.1508617054415943,-0.6919858161438311,0.6896660124253099
45,211000000,0.21249001791461647,-5.8453031602739705,1.5371410192314774,-0.151972173477612,-0.152001284209673,-0.6917386337620212,0.6894184002825521
45,244000000,0.21230206985128425,-5.839505424800505,1.54675340285882,-0.15302608178224553,-0.15300634942383629,-0.6915123603312674,0.6891899091247955
45,277000000,0.21269927172977113,-5.834065398578639,1.556815181637786,-0.1540423506567868,-0.15410966637388115,-0.6912653216354794,0.6889654708608116
45,343000000,0.2126751784973248,-5.827499094612845,1.5710379236327698,-0.15542602886569434,-0.1555022670979264,-0.6909601072878558,0.6886478959636777
45,376000000,0.21246345999522676,-5.820743502401278,1.5831515880325722,-0.15663804833091374,-0.15666427218432386,-0.690691741771665,0.6883790710680141
45,409000000,0.21241667865764344,-5.815011164546835,1.595014538055343,-0.1578546440478891,-0.15787032724038824,-0.6904178763579745,0.6881003031062198
45,442000000,0.2124027189023477,-5.808108418441416,1.605269684193685,-0.15881274172956417,-0.15881369085264732,-0.6901902739578482,0.6878910599768607
45,475000000,0.21300697654298215,-5.802796999366023,1.6164695924102384,-0.1598379770760628,-0.1599980906959422,-0.6899300218362103,0.6876401653677391
45,508000000,0.21273828508964238,-5.797381965603156,1.6266926233529917,-0.160879096149182,-0.16099178046597487,-0.6897027508814323,0.6873933942592135
45,541000000,0.21253382221698264,-5.791642182595917,1.6362079358139359,-0.16181910027607016,-0.16188583182575053,-0.6894927025631209,0.6871734638009036
45,574000000,0.21244817290025267,-5.786253937612152,1.6454823699398546,-0.1627367044335726,-0.16278222347468416,-0.6892826218104708,0.6869557336690781
45,640000000,0.21236434028175571,-5.778547545468417,1.656849999935128,-0.16372633579175186,-0.16373898877832088,-0.6890473726396005,0.6867291669796203
45,706000000,0.21249182663621394,-5.770611787755886,1.6703748149653128,-0.1649074090184981,-0.16495545516057475,-0.6887647271128055,0.6864389229558563
45,739000000,0.2124908917917342,-5.763997581768171,1.6821877239711585,-0.166028455061362,-0.16608546823009795,-0.688501030514619,0.6861606957069417
45,772000000,0.21223261958710146,-5.758214073266711,1.6926750422323726,-0.16712181381215868,-0.16709994511868656,-0.6882411814077165,0.6859096033035089
45,805000000,0.2121834148966047,-5.752625720069167,1.7020723838249334,-0.1680831472613301,-0.16803720307253975,-0.6880092679477673,0.6856783511299313
45,838000000,0.21217148355064763,-5.746797812304796,1.7104949446832536,-0.16889166845940448,-0.16883993699614078,-0.6878175993779138,0.6854747478836414
45,871000000,0.21258372843234008,-5.74259427281166,1.7191980697427445,-0.1697822082734867,-0.16982648327100627,-0.6875716077626525,0.6852577993224611
45,904000000,0.21261880670832456,-5.738163946946181,1.7258678613219944,-0.17052866754059315,-0.1705874549409728,-0.6873824775469626,0.6850731518056966
45,937000000,0.21300654911570976,-5.735207823827546,1.732345612020687,-0.17129817067837355,-0.1714721589564589,-0.6871732273396371,0.6848702001494013
45,970000000,0.21312697699124028,-5.732272861562734,1.7375423643767787,-0.17191835610381304,-0.17214323018505287,-0.6870123567268648,0.6847078273545714
46,3000000,0.21260995545326022,-5.729834027066422,1.741931424756955,-0.17249684511258476,-0.1725799697961661,-0.6868780245938396,0.6845871542626433
46,69000000,0.2125154368992992,-5.7267531498025335,1.7466311055949548,-0.17291419920827783,-0.17298245248674576,-0.6867904964699123,0.684468088958457
46,102000000,0.21206575400360664,-5.724750254637341,1.7510512614265903,-0.17352121854003041,-0.17344581149945157,-0.6866502643133255,0.6843378929360262
46,135000000,0.21216797764554174,-5.722613288222917,1.754859896386523,-0.17405063832467615,-0.17399098358544404,-0.6865186474781723,0.6841970911911885
46,168000000,0.21260585583749067,-5.720675899832086,1.7585900190423536,-0.17456842269017833,-0.17464413619242244,-0.6863858648392767,0.6840319700437283
46,201000000,0.21227826343671558,-5.718964809341614,1.7618616695737916,-0.1752400861956126,-0.1752167866211428,-0.6862204764818135,0.6838797025306338
46,234000000,0.21254481168925715,-5.717124719862703,1.7644358402003846,-0.17578931387139593,-0.1758410290815504,-0.6860753166237034,0.6837241472551999
46,267000000,0.21239332267130012,-5.715883853546801,1.7669980639749636,-0.17646858500748766,-0.17647677552824118,-0.6859052924161133,0.6835559348291668
46,333000000,0.2119376313957621,-5.713231502988656,1.7688491499365822,-0.17711956148019042,-0.1769781232160081,-0.6857463927434576,0.683417361268603
46,399000000,0.21201221036948395,-5.710663988210674,1.7712255038080427,-0.17751517856612192,-0.17737686957621807,-0.6856450321540947,0.6833130303165524
46,432000000,0.21220520895565387,-5.709270639350442,1.774294172708069,-0.17778645645597735,-0.17770140142593527,-0.6855687401019791,0.6832347257180876
46,465000000,0.21262217003092124,-5.707620966281983,1.7763817209709847,-0.1778400152741188,-0.1778861721050719,-0.6855502073558674,0.6831912996631568
46,498000000,0.21220979212090346,-5.70601635606081,1.7779960636134664,-0.1781053928731229,-0.17802359050914848,-0.68548334200785,0.6831534659807346
46,564000000,0.21239350892217473,-5.704272768391052,1.780073104802426,-0.17848746099960416,-0.17845707185261867,-0.6853839346974578,0.6830403808197104
46,597000000,0.21247785744916975,-5.7028506698231105,1.7822868721301717,-0.1789299364491479,-0.178925563847306,-0.6852598920090927,0.6829264973977173
46,630000000,0.21280819285988933,-5.701855575609095,1.7842829817124857,-0.17938864036294616,-0.1794767827230086,-0.6851233830669342,0.6827984696431668
46,696000000,0.2130483203863578,-5.70037942698293,1.7865984602102536,-0.17996159362787384,-0.18014744813042627,-0.6849723553586997,0.6826225854345624
46,729000000,0.21304311456949154,-5.699684197429323,1.7889478092708786,-0.180657122406876,-0.18084234068103375,-0.6847790506204057,0.6824490484806085
46,762000000,0.21296709416220072,-5.698223860250294,1.7906363817131783,-0.18122764573911967,-0.18139821555097962,-0.684623856259597,0.6823059454929403
46,795000000,0.2130186266275655,-5.696544590761203,1.7915881365931003,-0.181686786549175,-0.1818848689253495,-0.6845101684341457,0.6821683335949423
46,828000000,0.21271631306340433,-5.694916272692138,1.7927439607304199,-0.1821947073770606,-0.18230640974601317,-0.6843817229086548,0.6820492056427361
46,861000000,0.2128357934248632,-5.694016700693121,1.7943698120169405,-0.18273837641089688,-0.1828750151504416,-0.6842314736030154,0.6819022695016357
46,894000000,0.2126242725513754,-5.69318551811836,1.7961357899210513,-0.18330069439346464,-0.18336337480923928,-0.6840799715174785,0.681772191264858
46,960000000,0.21289985282287477,-5.6917579123670485,1.798014713891428,-0.1835895737486855,-0.18371542814428501,-0.6839878335940274,0.681692125059317
46,993000000,0.2129494139917199,-5.690663478463138,1.8003773389555444,-0.18398326202218002,-0.18411920982489402,-0.6838691795896615,0.6815960835249113
47,26000000,0.21307551321403082,-5.688759967697541,1.8015683240885456,-0.18423527737262116,-0.18441994668662764,-0.6838059823978457,0.6815101057742665
47,59000000,0.21311877007547014,-5.687899094867091,1.8038782120597658,-0.18470955353597865,-0.1848989296621186,-0.6836619272429265,0.6813964601323006
47,125000000,0.2129711853841329,-5.685550608251175,1.8056878807902814,-0.18514890796042402,-0.18529701519846942,-0.6835465670842714,0.681284807306686
47,158000000,0.21318280302108494,-5.684118459621411,1.8079167833077072,-0.18563165235032475,-0.18584159640134118,-0.6834081482975267,0.681143959477903
47,191000000,0.21305888034545245,-5.6823120254293915,1.80958577466853,-0.18605754689665524,-0.1862466725559554,-0.6833055583973319,0.6810200291239196
47,224000000,0.2133214167851165,-5.680859346699553,1.811468090802668,-0.18645342327409892,-0.18673354273841336,-0.6831985299006393,0.6808858007825808
47,290000000,0.21343907916798288,-5.679281458256337,1.8141416806299389,-0.18701212959153432,-0.18733562678931212,-0.6830393166499903,0.6807269042952608
47,323000000,0.2130776727175353,-5.677216430001942,1.815758249582009,-0.1874815285870801,-0.1877072721554067,-0.6829275031373337,0.6806075828825557
47,356000000,0.2129260977399333,-5.675153202170285,1.8172312221926907,-0.1878666906250691,-0.18805112765071688,-0.6828353935728162,0.6804988649712324
47,389000000,0.2126431359631657,-5.673467571335985,1.8187278288139535,-0.1882872875841872,-0.18838288032810657,-0.6827382136135313,0.680388359251744
47,422000000,0.21264238677336872,-5.672179713917346,1.8208309155125801,-0.1887071091425729,-0.18881310490510292,-0.6826407367613155,0.6802505883048657
47,455000000,0.21253787499705074,-5.671014049940252,1.8225493601141922,-0.18914263468766274,-0.18920581166645759,-0.6825306423973896,0.6801309776533143
47,488000000,0.21253329645761737,-5.669796689674378,1.8244988529583157,-0.18955213667490775,-0.18961057098489814,-0.6824234331890768,0.6800118209907763
47,521000000,0.21270011545703144,-5.668957862830665,1.8265050770028521,-0.18997716392215644,-0.1900787487520218,-0.6823050606389154,0.6798812769061123
47,554000000,0.2124771472794214,-5.667543707366281,1.8281272693588346,-0.19036371317364348,-0.19039168788774383,-0.6822018284160726,0.67978917849269
47,587000000,0.21241059842201898,-5.665898789314572,1.8293326586819734,-0.19067012458777025,-0.19066098139874066,-0.6821179671235458,0.6797119777442463
47,653000000,0.21249671263752615,-5.663827759376872,1.8313206479512603,-0.19101840220074473,-0.19102990987807106,-0.6820229249200651,0.679605969246982
47,719000000,0.2129577961922448,-5.662166703447903,1.8346292155945,-0.19148318157163852,-0.19164062034905707,-0.6818801395565502,0.6794464946452894
47,752000000,0.21274396121288908,-5.6606829264213,1.837099797549278,-0.19200448171252232,-0.19207355937961573,-0.6817177036117914,0.679340120537435
47,785000000,0.21297552555161392,-5.659369029855743,1.8396568137296585,-0.1924201123161555,-0.19256739711994927,-0.6815920899502249,0.6792087461598022
47,818000000,0.21259560994263738,-5.657612369394801,1.841141325573759,-0.1927938868681653,-0.19282554477216793,-0.6814998911923676,0.6791220249516083
47,884000000,0.21263142762150844,-5.655720282952372,1.843608430163341,-0.19319910525331888,-0.19322949575385362,-0.6813826710227238,0.6790096636499124
47,950000000,0.2127425242130115,-5.653387134335249,1.8462225261965217,-0.19357834286777154,-0.19364222189590674,-0.6812756954882602,0.6788914064920628
47,983000000,0.2124907614134412,-5.651680969886939,1.8487289335004549,-0.19402818595607502,-0.19400180255130225,-0.6811462674265354,0.6787901929406016
48,82000000,0.21286499256348035,-5.649145650423045,1.8522111071510787,-0.1944536606448683,-0.19453030139989652,-0.6810078884051203,0.6786560186346801
48,115000000,0.2129862005781902,-5.647351451240169,1.8553269361092344,-0.19491553447889798,-0.1950240630516078,-0.6808582847116189,0.6785319044740639
48,148000000,0.2129868728413679,-5.645263720459229,1.8575280812836312,-0.19524233748570965,-0.19535120447830123,-0.6807596444515488,0.6784428074997877
48,181000000,0.21316998724169647,-5.643941276266393,1.8601415130903334,-0.19560585268934608,-0.19578305507000904,-0.6806475411215035,0.6783260797775498
48,214000000,0.2130521248594853,-5.642156218509684,1.861905905848002,-0.1958842751945892,-0.19602446803873286,-0.6805640703467682,0.6782597620489229
48,247000000,0.2130709603773312,-5.640731453661542,1.8637999444505327,-0.19615474460060647,-0.196313967606008,-0.6804921406598846,0.6781700294126731
48,280000000,0.21289902786196313,-5.639328266642732,1.8655964636823437,-0.19643393788907482,-0.19653931761932908,-0.680416218166624,0.6781001214650745
48,313000000,0.21294371826897063,-5.6380940138969775,1.8674799995928293,-0.19669080132524425,-0.19681628596198353,-0.680349049725325,0.6780127202287664
48,346000000,0.21265100090108063,-5.636436550613344,1.8689750547527693,-0.19691214670023055,-0.19695099568854926,-0.680299887438499,0.677958682318002
48,379000000,0.21279151702410254,-5.635505114822515,1.8710279475162916,-0.1971815402274894,-0.19725656066641595,-0.6802211224669099,0.6778705732051133
48,445000000,0.21301287822991338,-5.634461613086241,1.8740431623142446,-0.1975421531564742,-0.19767677444880666,-0.6801035466015041,0.6777611352607019
48,478000000,0.212677829834443,-5.632264172734902,1.8754925943352736,-0.19772432993912237,-0.19776760729014986,-0.6800721441880604,0.6777130230092294
48,511000000,0.21272707255396592,-5.630675155442909,1.8774058747053264,-0.19793276690993114,-0.1979788622138296,-0.6800074213437789,0.6776554410740614
48,544000000,0.21272291956411107,-5.6294256518707355,1.8795361952752323,-0.19818231940803005,-0.19822420532766769,-0.6799344194239074,0.6775840301976886
48,577000000,0.21252619878751877,-5.627647343322437,1.8809077584701868,-0.19833388138028588,-0.19831419226990551,-0.6799046742677584,0.6775431990285335
48,610000000,0.2128538552965169,-5.626980066065327,1.8833799839075034,-0.19859241241572362,-0.19867141471349625,-0.6798182761909787,0.677449506652243
48,643000000,0.2127134161439555,-5.625868582477861,1.885249493560878,-0.1988354286943248,-0.19886901380415106,-0.6797497871015777,0.6773889684515598
48,676000000,0.2126564575508464,-5.624088376855196,1.8863848894682527,-0.19891876874893477,-0.19894136428101564,-0.6797367698405358,0.6773563174165946
48,742000000,0.21283112491450284,-5.622747588777096,1.88883993041995,-0.19914000609319996,-0.1992165447313714,-0.6796675878789463,0.6772798507746326
48,775000000,0.21246138249879987,-5.621013797942488,1.8904300915222256,-0.19934175773288457,-0.1992976644336609,-0.6796215067719134,0.6772428752732109
48,808000000,0.2125509603490603,-5.6199041053636725,1.8922428885546305,-0.1995640777130653,-0.19953444274165824,-0.679550241191965,0.6771791895371946
48,841000000,0.21241537683301775,-5.6186002047434505,1.8932034191295668,-0.19978806693901388,-0.199706267778277,-0.6794908067769313,0.6771221296224768
48,874000000,0.21240435899746907,-5.617702489904552,1.8943497701161576,-0.20011894880526576,-0.20003143175969929,-0.679400361662573,0.6770191882140455
48,907000000,0.21249353543161936,-5.617059272289467,1.895595699515825,-0.20057570888658538,-0.20051275563571933,-0.6792665170828669,0.6768759255595708
49,6000000,0.2124627384753539,-5.6155872470218435,1.8968569379844187,-0.2017182774417222,-0.20164324731401068,-0.678933601266124,0.6765344798533308
49,39000000,0.21268409714387193,-5.615261189902295,1.898375446423676,-0.2029910906420959,-0.20297834891460856,-0.6785423967891735,0.676146894359085
49,72000000,0.21275229740283924,-5.615116347608026,1.8993132630963703,-0.20429710246902683,-0.20430805022911505,-0.6781499719666756,0.67574664635197
49,105000000,0.2126484594708259,-5.614552977737376,1.8996002595969472,-0.20560298865162874,-0.20557773054711614,-0.6777540566790806,0.6753626036550034
49,138000000,0.21270214278885852,-5.61419842232592,1.8999857188825764,-0.2070100237706262,-0.2069841529595697,-0.6773150138151369,0.674943540262958
49,171000000,0.2126640213891423,-5.613750152166827,1.9003945009271943,-0.20853326614213027,-0.20849003955123255,-0.6768448116865972,0.674482676733032
49,270000000,0.21411840547555028,-5.613236497941937,1.9009620621429573,-0.21100159969693827,-0.2112748452231294,-0.6759915032397111,0.6737037570393916
49,336000000,0.21486430136648138,-5.613443083870755,1.8997024026567308,-0.21335425344784223,-0.21382077093468513,-0.6752263542029261,0.6729264529221862
49,369000000,0.21501310106262894,-5.6144669837685655,1.8991387504639063,-0.2153903482627674,-0.2159060247485038,-0.6746016282240233,0.672238223809119
49,402000000,0.21510662931969549,-5.614890185001879,1.898512849551719,-0.2169444152537654,-0.21749554382982544,-0.6741216927723558,0.6717073413608815
49,435000000,0.21531366700032795,-5.614712319398445,1.8985616200234152,-0.218154760149584,-0.21877581994246922,-0.6737232026767563,0.6712992532451918
49,468000000,0.21576182693937518,-5.614070372460928,1.8994051277735706,-0.21910898854454938,-0.21987066741794414,-0.6733701895300812,0.6709848944651399
49,501000000,0.21567649137922282,-5.612132706272094,1.9001037524408595,-0.21977645456666836,-0.2205450322679753,-0.6731703948703088,0.6707457180110622
49,534000000,0.21595830037840613,-5.610373910752916,1.9025666338257836,-0.22045865458952593,-0.22129051168949943,-0.67289490368657,0.6705527120558215
49,567000000,0.21611753400723738,-5.607973775219506,1.9059397090806922,-0.22103112161646266,-0.22193100472412547,-0.6726887001725268,0.6703594446856889
49,600000000,0.2161144741235555,-5.604415735019247,1.9101596336652986,-0.2214892865658989,-0.2224073396953678,-0.6725359422684019,0.6702036090199093
49,633000000,0.2160234026940662,-5.600206473671267,1.9163144889418673,-0.22199361514048285,-0.22290095815495223,-0.6723800023854345,0.6700292009178604
49,666000000,0.21222497644438215,-5.594692003166363,1.9201376629750113,-0.2225659595356149,-0.22229443162364235,-0.6726751233261018,0.6697445466618797
49,699000000,0.20929083911341265,-5.588606462128208,1.925644989453182,-0.22324613203876806,-0.22174358803104136,-0.6727522083194282,0.66962333583753
49,732000000,0.21058844980364855,-5.581648449698543,1.937210346703072,-0.22360906248258466,-0.22249040704735418,-0.6724718546624989,0.6695361160044626
49,765000000,0.21131050086764874,-5.573557658826109,1.9483196800302585,-0.22389030862286594,-0.2230188445716573,-0.6722670988414267,0.6694719355477213
49,864000000,0.21182690483209518,-5.560132146402573,1.965773913147832,-0.22435036021903398,-0.2236823398126711,-0.6720292816292951,0.6693353205668532
49,897000000,0.21211863883448007,-5.548946531385039,1.979794704624295,-0.22475390033641252,-0.22421780662682622,-0.6718282673819427,0.6692225628455769
49,930000000,0.2116014447595456,-5.539718032482022,1.9908647552142145,-0.2253042288233149,-0.22456349844596252,-0.671597274546299,0.6691534506090698
49,963000000,0.21085036534835297,-5.532640843349706,2.000312847864929,-0.22597933060921876,-0.22487779915614026,-0.6713237669811492,0.6690946999269534
49,996000000,0.20886610054950333,-5.5268693922285275,2.006666934497627,-0.22692745512297222,-0.22487447582156206,-0.670964714957331,0.6691350771836854
50,29000000,0.20733345520128327,-5.521409404977479,2.0112594102991617,-0.22785787649456757,-0.2249234876494823,-0.6705926334373722,0.66917541258067
50,62000000,0.20632907401195227,-5.517473804586022,2.0152168895082077,-0.2288695941245979,-0.22519324169115948,-0.6701753019541747,0.669157513170479
50,95000000,0.2054997420704976,-5.514302988181278,2.018228666663488,-0.2297570658308363,-0.22539606603020287,-0.6697977535963461,0.6691631141927966
50,128000000,0.20405063648755248,-5.510137735847261,2.01818795685715,-0.23029663745771187,-0.22499620634015344,-0.6695522790059196,0.669357835231791
50,161000000,0.2037717610544665,-5.507233921619617,2.0198915389738445,-0.23062272893194072,-0.22492731306636207,-0.6694120625619812,0.6694089566425336
50,194000000,0.20458178923095616,-5.505723891440709,2.0239128781970064,-0.2308714200224262,-0.22532407486752365,-0.6693008841210687,0.6693009601193464
50,227000000,0.2033582453440876,-5.503557337928097,2.0226256984604487,-0.2313035251099075,-0.22495444504405,-0.6690665772942068,0.6695103375411533
50,260000000,0.2015536654544901,-5.501341891083176,2.0196843342033,-0.23191086493990423,-0.22440393892645885,-0.6687205640358961,0.6698305981012129
50,293000000,0.20590534002742084,-5.498477915077588,2.0303982583612625,-0.23134192221375544,-0.22567675202345602,-0.6689785853362035,0.6693418939407276
50,326000000,0.2084428944617923,-5.495555940337781,2.036929294573748,-0.23094109576081873,-0.22661290445931542,-0.6691916760450123,0.6689508969523645
50,359000000,0.21056945945564817,-5.494870501713496,2.0442919474880665,-0.23101739560688866,-0.22776385839897662,-0.6691730523634045,0.6685521772643221
50,392000000,0.21126240599061147,-5.492017494664383,2.046755482025527,-0.2309083364131822,-0.2283425372085342,-0.6692783251934986,0.6682870261364136
50,425000000,0.21220607075171202,-5.4916636923461155,2.051668055715851,-0.2312418093772585,-0.22927607288734775,-0.6691698512091051,0.6679606412282623
50,458000000,0.21221072185586054,-5.4893817271254015,2.0530652408486936,-0.23137742451032048,-0.22976210359934351,-0.6691862559067021,0.6677301985698605
50,491000000,0.21272040505783882,-5.48896183647703,2.0566240737890435,-0.2318265604091447,-0.23055000692197405,-0.6690276503823281,0.6674617166707347
50,524000000,0.21251055536872956,-5.486800611403976,2.0573992885784573,-0.23207981336939537,-0.23097102743371903,-0.6689906044709887,0.6672652514871279
50,557000000,0.21300635068222204,-5.48619808582526,2.0604559899349404,-0.23257518656483112,-0.2317006605897204,-0.6687990209105995,0.6670318254068878
50,590000000,0.21290988705850894,-5.4852601639549095,2.0626757927179056,-0.2330902205995229,-0.23232370535803804,-0.6686455599327134,0.666789142212023
50,623000000,0.21261415906994263,-5.4832086364796275,2.063285355809288,-0.23345919507720297,-0.23272670905186366,-0.6685545993774464,0.6666107040687659
50,656000000,0.21298011395037308,-5.482666281213386,2.065856410379727,-0.2340851453728286,-0.23347173237938754,-0.6683112931528777,0.6663746021119635
50,689000000,0.21278291237650276,-5.481102525307599,2.066632535450716,-0.23464495302174448,-0.2340529106681146,-0.6681418181319525,0.6661437471691345
50,722000000,0.21238678805231404,-5.47926192827678,2.0667201490902194,-0.23519242220539355,-0.23456804539504467,-0.6679935791198206,0.6659181142388305
50,788000000,0.2118699325188268,-5.4774337818060355,2.0660620169459056,-0.23589774413418427,-0.23519894164731736,-0.6678000429891373,0.6656401540953574
50,821000000,0.2120450914094889,-5.477300024479959,2.0673193036873174,-0.2367398874132326,-0.236067625997089,-0.6674939291096551,0.6653406317559624
50,887000000,0.21288754635458557,-5.478858379173823,2.071036166779228,-0.2379342044712965,-0.2374147368136664,-0.6669993374889177,0.6649311549894874
50,920000000,0.21279684432101859,-5.4770914583610235,2.0695479746847827,-0.2385740904779208,-0.23805540422196392,-0.6667760830222133,0.6646966849495376
50,953000000,0.21281030279384894,-5.476135218246303,2.0690345841280906,-0.23926036864776415,-0.23875354031522938,-0.6665271373810914,0.6644492441985679
50,986000000,0.21339108811077798,-5.477439273061494,2.071648114890695,-0.24024222699901226,-0.2398476119910201,-0.6661207026855195,0.664108428528437
51,19000000,0.21307269194266665,-5.475560867399371,2.069494464454099,-0.2407469346447255,-0.24030618667340065,-0.6659590501598247,0.6639219785606448
51,52000000,0.213109429408189,-5.474863358124651,2.069004912574665,-0.24142144784631933,-0.24099569882324198,-0.6657129384756164,0.6636738967404432
51,85000000,0.2135013433142783,-5.474269893437344,2.068718744085558,-0.2421711319180737,-0.24181369309171682,-0.6654021088326924,0.663414888482215
51,118000000,0.20775394472587613,-5.4749163834610535,2.0600265122951895,-0.24331962593116724,-0.24080909977906648,-0.6656592128288711,0.663102065655326
51,151000000,0.20455730479507755,-5.4757830958684535,2.05625303084063,-0.2443385621636754,-0.2408711358751829,-0.6659616944670376,0.6624007732819907
51,217000000,0.20959097864209197,-5.475458646849699,2.062545807435032,-0.2460063251955113,-0.2437265207210286,-0.6648892895345282,0.6618160648724785
51,250000000,0.21305708477979646,-5.475000086592787,2.066456944883389,-0.2477334955651345,-0.24637275588266058,-0.6638693181483689,0.6612156295453717
51,283000000,0.21546828071898733,-5.474516139621369,2.0689658676309546,-0.24957689108490166,-0.24893269180959046,-0.6628670809306484,0.6605687877907249
51,316000000,0.21682388006918357,-5.4740012032768535,2.0703159902632255,-0.25155332651172324,-0.2513963212582509,-0.6619147476385376,0.6598406477607422
51,349000000,0.21722275115372397,-5.473718659743146,2.071086631156291,-0.2537403764235242,-0.25386181300833294,-0.6610054779322027,0.658970226499036
51,382000000,0.21762065721952994,-5.473174779794864,2.071276381143587,-0.2560267891182017,-0.25637079143178276,-0.6600405139744469,0.6580811655615234
51,448000000,0.21792431660820627,-5.472650991672491,2.0713728054648426,-0.2592991615672005,-0.25981297050512353,-0.6586937762949393,0.6567980467679264
51,481000000,0.21877175529792786,-5.472398124675156,2.072098599385681,-0.2626303822159754,-0.26340270595034254,-0.6572215489136161,0.6555182167405537
51,514000000,0.21913583274130036,-5.471929577843023,2.0723157004003596,-0.26597554015421215,-0.266909928895544,-0.6557956250879097,0.6541774988580765
51,547000000,0.21952263650297626,-5.470881582430047,2.0724843004450433,-0.26930232703490775,-0.2703886944740251,-0.6543528563649974,0.6528311802611646
51,580000000,0.21953314574400362,-5.469116658672002,2.072392006366781,-0.2726081097904239,-0.2737514184447421,-0.6529559994294496,0.6514548658081176
51,613000000,0.21951019397630178,-5.467549382362468,2.0741676338853883,-0.2761390743979778,-0.2773334953002643,-0.6514641104671992,0.6499445028218542
51,646000000,0.2157035912700014,-5.4628205441443205,2.0713730805125925,-0.2794628391753578,-0.27989411625375565,-0.6504693687201508,0.6484207010601881
51,679000000,0.21681757041517966,-5.458710958121358,2.075279934974671,-0.28296153986103495,-0.2835344160670819,-0.6488155011149754,0.6469771614036264
51,712000000,0.21762096233751155,-5.453836864537859,2.080210570937153,-0.2864862757256906,-0.2871774042691048,-0.6471504379098042,0.6454851377152161
51,745000000,0.21814990142556104,-5.448125357658268,2.0854193677515287,-0.2898592333465566,-0.2906438850790755,-0.6455582827168711,0.644020388284045
51,778000000,0.21844302849254144,-5.441145165409424,2.0906777573251913,-0.29296769325382305,-0.2938107521202656,-0.644092813381159,0.6426426848559014
51,811000000,0.21862896384055835,-5.43365142614196,2.0977038214990644,-0.29598044679917673,-0.29687196463420845,-0.6426701117461537,0.641278207328903
51,844000000,0.218260766502292,-5.424428869230789,2.1036955858495903,-0.29863802534217826,-0.2994719334437551,-0.6414732714791639,0.6400343216398654
51,877000000,0.21793764718971426,-5.41474742327253,2.111361089757958,-0.30133054555313415,-0.30210764500812937,-0.640252246607687,0.6387549873449931
51,910000000,0.21808843286372132,-5.4037854258954825,2.1190013461415793,-0.3038651945460367,-0.3046721242280772,-0.6390295191850132,0.6375594982995874
51,943000000,0.21762424564415725,-5.392036121763385,2.126878837481194,-0.3064535581404093,-0.3071698678997763,-0.6378582411403052,0.6362937632626247
52,9000000,0.2212909331563677,-5.375069831987126,2.1427217442427198,-0.30996559177740796,-0.31149108446919976,-0.6356233348938148,0.6347264074770707
52,42000000,0.21828799644936547,-5.356934394303462,2.1519625463059877,-0.3133793398022236,-0.3143271611807862,-0.634228080741038,0.6330454697165837
52,75000000,0.21734555681755097,-5.339845875284768,2.163725931818197,-0.3167253220132348,-0.3173938316462806,-0.632644895831718,0.631432230573147
52,108000000,0.21602073901595692,-5.3220620449511795,2.173493986911903,-0.31958318798634766,-0.3199402192141321,-0.6313647770572601,0.6299867938116894
52,141000000,0.21502537527850252,-5.304075476309132,2.1846700232532243,-0.32219032069164366,-0.32230023952254055,-0.6301753262517811,0.6286453778083396
52,174000000,0.21480203505663215,-5.286055155114466,2.197558126251345,-0.32461211809869545,-0.32460232877680895,-0.6289789198290265,0.6274120012773601
52,207000000,0.2141079441345532,-5.266486125449001,2.208556591033167,-0.3265151184109584,-0.3263334437124971,-0.628107043413821,0.6263991562715971
52,240000000,0.21455246627452357,-5.246373697074947,2.221685596377945,-0.328261164777591,-0.32809174848815775,-0.6271574107934648,0.6255189800155387
52,273000000,0.2161546668541517,-5.226057780126492,2.2385938510293824,-0.3300194957418899,-0.3301105108802692,-0.6260277831191456,0.6246626271833174
52,306000000,0.21541375407626756,-5.203190415160788,2.250391067473383,-0.3311978103568456,-0.3311630916196271,-0.6254911241288773,0.6240191269502521
52,339000000,0.2156530362464727,-5.180757765086779,2.2653865370732267,-0.3325273958941769,-0.33250878529597955,-0.6247377851239709,0.6233507347547003
52,405000000,0.2145457691860705,-5.14942121211664,2.28361988666175,-0.3338414951622208,-0.33363640597160876,-0.6241856023164645,0.622598537244534
52,438000000,0.2144770623854552,-5.121647500600169,2.3023039106137584,-0.3351535879157901,-0.3349183863455994,-0.6234948943985641,0.6218969879761085
52,471000000,0.21401789269798918,-5.094702345889923,2.3172414110741086,-0.33607646150163706,-0.3357417962005486,-0.6230689825313024,0.6213816068375179
52,504000000,0.21455160055885325,-5.069543058216787,2.3334210436270717,-0.3370495299386303,-0.33678617507378145,-0.6224633368302779,0.6208961917659317
52,537000000,0.21473550960169097,-5.045537293883346,2.350217754979852,-0.33814614227420153,-0.3379088740549258,-0.6218293812528243,0.6203249147912226
52,570000000,0.21225482610666224,-5.023031282010565,2.3630752045346486,-0.33887243570621156,-0.3387021376307528,-0.6218355539220873,0.6194892074615254
52,636000000,0.2132471323281764,-4.992486384726283,2.382994660309812,-0.3401956212618605,-0.34005051325370167,-0.6209893874022712,0.6188737903998704
52,669000000,0.2137108029022206,-4.9651703773771185,2.39972539744289,-0.3414611130546779,-0.34126562528888627,-0.6202115351374358,0.6182877428431777
52,702000000,0.21344852322670543,-4.940664197806921,2.413930189842366,-0.34264667454249104,-0.34232711150137746,-0.6195723499837632,0.617685606349778
52,735000000,0.21372864188793408,-4.918520385363751,2.428787354983438,-0.34398083068636137,-0.3436513782696046,-0.6187864356936091,0.6169961631447322
52,801000000,0.2139208524961813,-4.892265170328182,2.4453540538855005,-0.3456590730140137,-0.3453425319844555,-0.6178192730272847,0.6160825323945611
52,834000000,0.21422426499431169,-4.869957296041735,2.4585700718454406,-0.3472375584271831,-0.3469445281687902,-0.6168837035374077,0.6152317195181308
52,900000000,0.21404199294802856,-4.845435774900946,2.470565637684447,-0.34909478728075616,-0.3487481658257648,-0.6158462584441025,0.6141994238738493
52,999000000,0.2144772027622907,-4.81792476260063,2.4860396592734273,-0.3520265022242349,-0.35175775735251114,-0.6141119085639355,0.6125441907601958
53,32000000,0.21410110276402483,-4.796244174493529,2.495657896544915,-0.3545998675717814,-0.3542547323766449,-0.6126721848780423,0.6110608090718901
53,65000000,0.21416387543938725,-4.778992644071727,2.5044190078955717,-0.3571550389475955,-0.3568024955287152,-0.6111751349504378,0.6095877391788135
53,98000000,0.2138405289047284,-4.76471911420847,2.511297374235027,-0.359655358578338,-0.35924100149301785,-0.6097538722681113,0.6081070145510777
53,131000000,0.21414717200001063,-4.752401661135866,2.5176937325197377,-0.36215052690323063,-0.3617946479971261,-0.6082382900460159,0.606628231346223
53,164000000,0.21421217173895318,-4.741555706482656,2.5230375157330793,-0.3647103900456108,-0.3643369597644607,-0.6066914544036787,0.6051201453396815
53,197000000,0.2139757998981898,-4.7313063084942355,2.5266718857903117,-0.36721581433390793,-0.36678758614653506,-0.6052094366548519,0.6036066186978071
53,230000000,0.2142747336890834,-4.721812052160558,2.5315617768977865,-0.36986272609887916,-0.36948170522086604,-0.6035544489417684,0.6020023758361631
53,263000000,0.2139350862604346,-4.7122431519435946,2.53496893448244,-0.3723947350513159,-0.37196557581043105,-0.6020481538530092,0.6004180145200992
53,329000000,0.21431687577832534,-4.699609421352122,2.540313966504332,-0.375515077601951,-0.37514909591581147,-0.6000543569975948,0.5984867174594214
53,362000000,0.21415961094847372,-4.6879098308083575,2.5446811258573105,-0.3784911702853669,-0.378099297039121,-0.5982048291064772,0.5966040043682463
53,395000000,0.21394976200084295,-4.676402265434412,2.54847112426001,-0.3813202295368121,-0.38088757759272646,-0.5964392205792426,0.5947939071109956
53,428000000,0.21418886344869492,-4.664841309951191,2.553468175339074,-0.3841717596578429,-0.383763111661916,-0.5945691795926866,0.5929801209884189
53,461000000,0.21421459221692976,-4.652839679408611,2.5582439862332222,-0.3869420760771121,-0.38653039031231695,-0.5927676207297072,0.5911824041195614
53,494000000,0.21457165706184336,-4.640263849842205,2.5632831946979238,-0.38978367746112197,-0.38943108947622646,-0.5908461758698684,0.5893325952246287
53,527000000,0.21411645613999075,-4.627195164252106,2.5678006249372194,-0.3928057416359299,-0.3923670536443708,-0.5889147519528577,0.587308402361644
53,560000000,0.21385917845575753,-4.612951529186005,2.5714721982340745,-0.39574664583185953,-0.39524315423454237,-0.5869920539009781,0.5853270624195279
53,593000000,0.21371907872197898,-4.597926915829713,2.576131270774787,-0.3986831456394776,-0.3981541586860749,-0.5850393728638419,0.5833129070259612
53,626000000,0.2142791045477069,-4.581942575136782,2.5818487042904827,-0.40159330074566624,-0.4011390515214458,-0.5829555842498565,0.5813545122664692
53,725000000,0.2141470368679365,-4.5507613819926185,2.591167466006069,-0.405608073584506,-0.40512468674568586,-0.5802019502667282,0.5785514460607294
53,791000000,0.2143228515341934,-4.514251426229766,2.6008230993262673,-0.4096568373765665,-0.4091842319326247,-0.5773225810378223,0.5757153614002014
53,824000000,0.21280074134838195,-4.482644513479046,2.6061878809892303,-0.4133614946403975,-0.4121809181049603,-0.5748825925321418,0.5733665235277797
53,890000000,0.2136677368605358,-4.445332978750367,2.6152271857569858,-0.41713860049192375,-0.4161522454663583,-0.5720580208454585,0.5705806843552663
53,923000000,0.214333760814909,-4.41220881524049,2.6235354520188654,-0.42053156822305726,-0.4197231098989037,-0.5694852569481265,0.5680424748761094
53,956000000,0.2151320781178262,-4.381420390746751,2.6320222225696392,-0.4236444487708757,-0.4230144529994814,-0.5670602365612457,0.56570914937826
53,989000000,0.21520888130052301,-4.352348417181698,2.6374992905432797,-0.42630538936259155,-0.4257469090949672,-0.5650403205048568,0.5636778517914819
54,55000000,0.21546877233636813,-4.314703850969591,2.6462250108473206,-0.4292338776065729,-0.42875800920124063,-0.562772194369542,0.5614377125782567
54,88000000,0.21517476502374291,-4.28118615453016,2.652936892953515,-0.43184703713627826,-0.4313553411004669,-0.5608048660466561,0.5594091601315713
54,121000000,0.21539972234324628,-4.249933460365959,2.6592252202354887,-0.4342316151059896,-0.43377349096405304,-0.5589255119287616,0.5575712825231176
54,154000000,0.21558481879761027,-4.220229509254987,2.6655444104324553,-0.43643627700548737,-0.43601776246857776,-0.5571733835014606,0.555850436397255
54,187000000,0.21559194316864355,-4.19168719066355,2.6713265744718733,-0.43843059533497797,-0.43804967591586874,-0.5555993235798568,0.5542566969751694
54,220000000,0.21539584491606556,-4.163666335750863,2.6759701004131236,-0.440210381296095,-0.4398067960989504,-0.5542148866447196,0.5528387303054152
54,253000000,0.21519071262009656,-4.136229654784499,2.6810696931393974,-0.4418866154685468,-0.4414544693734621,-0.5529137950454642,0.5514893523798716
54,286000000,0.2152947921671438,-4.108808114471138,2.6865833191632515,-0.4434535585236373,-0.44302975064648864,-0.5516443388235063,0.5502382256066999
54,352000000,0.21935573714997225,-4.072026899247872,2.6975631899735206,-0.44503997809093215,-0.4454436436422062,-0.5496931717025673,0.5489597391641301
54,385000000,0.21816321511470288,-4.037429693045148,2.7039548036066074,-0.4465648512302787,-0.44679418981085095,-0.5485949782307501,0.5477210379900951
54,418000000,0.21817541063996074,-4.004935271616223,2.7117633077519745,-0.4480732119129887,-0.4482518467186741,-0.5473626726472485,0.5465297643054196
54,451000000,0.21806899482448916,-3.974269811929263,2.718595133457494,-0.44944255567630453,-0.4496128430680133,-0.5462495397299265,0.5453999641000113
54,550000000,0.21786384832529054,-3.926042471849308,2.7254191893225412,-0.45118553095399627,-0.45130644503372147,-0.5448354331907761,0.5439746869741318
54,616000000,0.2173160800436414,-3.8760961778941025,2.7304419774847686,-0.4530544573199667,-0.4530655141200137,-0.5433584761818571,0.5424342033638815
54,649000000,0.21656656514709421,-3.834589289778889,2.7367466216366996,-0.45500236432557717,-0.45489625895035385,-0.5418404115325219,0.540787583512579
54,682000000,0.21632368342252112,-3.7992813562385948,2.740407513870103,-0.4566710667799455,-0.4564945273913844,-0.5404849600627855,0.5393888126145299
54,715000000,0.21541342184926743,-3.7682076363002173,2.7443486016079177,-0.4583866723476616,-0.4580714338698527,-0.5391778763854125,0.5379028143661004
54,748000000,0.21550995474447388,-3.7402995426103702,2.746879751842294,-0.4599574765512865,-0.4596246153813515,-0.537846802912541,0.5365679353976305
54,781000000,0.2157747487739124,-3.714631029317608,2.7494402338577224,-0.4615616200999385,-0.46124761515235,-0.5364440290608276,0.53520025415911
54,814000000,0.21601083413918487,-3.690711288544131,2.75370202004979,-0.4633813213225619,-0.46308463811024875,-0.5348432601316656,0.5336413178225505
54,847000000,0.21594221166747457,-3.668529628287324,2.7552331010976587,-0.46505690206745737,-0.4647532963910027,-0.5333974874950799,0.5321781390352787
54,880000000,0.21557529911549395,-3.6469990630475455,2.7573978268789303,-0.46686816440876155,-0.46652559054299264,-0.5318683768608674,0.5305695243090124
54,913000000,0.21580017678947627,-3.6258361811253983,2.7603424955557045,-0.4688532549654637,-0.4685140387276155,-0.5300904395668751,0.5288434047080721
54,946000000,0.21607902526215905,-3.604964731570729,2.7618946591404723,-0.47081736041444167,-0.4705290288421817,-0.528300150412708,0.5270980907033541
54,979000000,0.21563897855020525,-3.5837097789990744,2.7638967312486393,-0.47298816044943437,-0.4726287921913373,-0.526424150860218,0.5251493485262231
55,12000000,0.21504453247880326,-3.562302667500751,2.7634519539160434,-0.4750098972495799,-0.4745503927493781,-0.5247037228027023,0.5233101618861796
55,45000000,0.21506366818918107,-3.53966534872903,2.764642346463038,-0.47713407458734425,-0.4766714784019238,-0.5227786478339659,0.5213730544578358
55,78000000,0.2148002434110597,-3.5167884625769408,2.7647178248804565,-0.4791378891276787,-0.4786226696110862,-0.5209955587254683,0.5195294516434719
55,111000000,0.2152740434827463,-3.493132791003415,2.765655741877075,-0.48112019872314177,-0.4806544630921517,-0.5190906635553483,0.5177253369305661
55,144000000,0.21590131915720756,-3.469004895292973,2.767793043871926,-0.4831480197237807,-0.4827813632387497,-0.5170894185638366,0.5158572278796112
55,177000000,0.21580562685829913,-3.4447714583168585,2.76843105766213,-0.4852050663005049,-0.4848346995575337,-0.5151599657133693,0.5139275897122852
55,210000000,0.2154912502801365,-3.4207476772085728,2.767594148444105,-0.48724696741134416,-0.4868257229967309,-0.5132767247030274,0.5119942500217084
55,243000000,0.21565256308999664,-3.395825180999263,2.7685591980995494,-0.4894014893930577,-0.4890262511891342,-0.5111842410134267,0.5099315440010409
55,309000000,0.2156014425232121,-3.360984873848609,2.7682887353378076,-0.4918851217817923,-0.4914917223528602,-0.5087941885782366,0.5075562899790961
55,342000000,0.2154230605670407,-3.3289872062152197,2.767621051164706,-0.494122252107437,-0.49371451553494433,-0.506645556157201,0.5053706140532216
55,375000000,0.21554078666275323,-3.2987190632616983,2.7664747129193348,-0.496133045968877,-0.4957622105591473,-0.504643319250616,0.5033954227194292
55,408000000,0.21546638749045294,-3.26940423898474,2.7671394647457976,-0.4982198665137874,-0.4978568239291699,-0.5025839413795675,0.5013231785440636
55,441000000,0.2154990697561149,-3.2408859457477095,2.7657239230942556,0.5000803817791627,0.4997016968259715,0.5007146137708176,-0.4995024539531241
55,606000000,0.21556616928976907,-3.1776291686034264,2.761829563947934,0.5035459857826755,0.50320056659844,0.4971959493820718,-0.4960109050164349
55,639000000,0.2151556336409834,-3.1288280183577872,2.756680568648716,0.5064400034192986,0.5060277628984295,0.49432766261364913,-0.4930462332150991
55,705000000,0.21475693076066849,-3.0816613136395166,2.7514649069401704,0.5095419287528589,0.5090542774250721,0.49122503740677487,-0.4898252015798769
55,738000000,0.2157090061673995,-3.0428154789991995,2.7481562297488145,0.5123696267298873,0.5120545188266956,0.48805121386422906,-0.4869122590359477
55,771000000,0.215730916302376,-3.010755355246773,2.744305873913808,0.5149842592702156,0.5146898153751652,0.48526865810251796,-0.48414867150119006
55,804000000,0.21544528002488883,-2.9831164880780014,2.7402235492770908,0.5174573616308292,0.5171232239996717,0.48268413769639823,-0.4814950397569337
55,837000000,0.2152029052076897,-2.958874093273737,2.7364227307430986,0.5197726941326971,0.5194328623361518,0.4802397865426586,-0.4789526024365791
55,870000000,0.215580089563506,-2.9365282278587106,2.7340169138521735,0.5220503310220892,0.5218145299656111,0.477661791399928,-0.47645803722164987
55,903000000,0.21640869989106665,-2.91549344683186,2.7320686835567822,0.5242609037998064,0.5241871827696266,0.47500761059874835,-0.4740739098920337
55,936000000,0.2167285265045647,-2.8958615117127713,2.7291192468531356,0.5263380048355759,0.526317432894893,0.472593901808244,-0.47181910566476126
55,969000000,0.21620020850694485,-2.8768446246607065,2.7250547236240656,0.5282914699476063,0.5281429657987502,0.470527911165058,-0.46965584769333496
56,35000000,0.21606807008914392,-2.850568617296301,2.7201135641890564,0.5307741840697672,0.5305744002333875,0.4677550241557137,-0.466877723519919
56,68000000,0.21562193780820993,-2.8261251819539863,2.714913420392125,0.5331449349409966,0.5328454781902471,0.46517724185528514,-0.4641576331149549
56,101000000,0.21645200883601576,-2.8014848339082055,2.7080880862586145,0.5353253656814497,0.5350782733592466,0.46252966970976434,-0.4617188526312154
56,134000000,0.21475324146693642,-2.7786287920176296,2.6999880078515996,0.537213764062396,0.5367657503462823,0.4606940720130999,-0.45939620478307586
56,167000000,0.21529593531500524,-2.754058152160875,2.69378521611419,0.5389805887906719,0.5385989602867504,0.45854232543460105,-0.45732922568967815
56,200000000,0.21414209048187868,-2.7300089147440194,2.686307511383835,0.5405508479865355,0.5400160032826872,0.4569617596381179,-0.4553827479912533
56,233000000,0.21347065013088448,-2.7048078798553545,2.6798093593456427,0.5420791282274863,0.5414402811695092,0.4553382452260252,-0.45349721399551696
56,299000000,0.213933786669231,-2.6702317471255608,2.672217245691797,0.5437959023071212,0.5431795009212789,0.4532376208466657,-0.451461743077028
56,332000000,0.21371157955380424,-2.6395552174503463,2.665512296183007,0.5454007934757278,0.5447435674333243,0.4513918204023887,-0.44948620077804363
56,365000000,0.2139476004623521,-2.6113372045432994,2.658377247003092,0.5468122186786503,0.5461669120452716,0.44965934427329635,-0.4477773730308106
56,398000000,0.2141233737116816,-2.584114116152531,2.6531195257353324,0.548368117117239,0.5477334360438854,0.4477441607761059,-0.44587628066511203
56,431000000,0.2152225791046815,-2.5584225423538087,2.6468793300673195,0.5497256603690736,0.5492412798874774,0.44581915841611014,-0.44427580711592124
56,464000000,0.21617916456309996,-2.533474210230765,2.641966609464928,0.5511941299988041,0.5508576424130205,0.44374864952319626,-0.4425246037186746
56,497000000,0.21611792316217227,-2.5109791969558444,2.635426771942951,0.5524882106400497,0.5521603885481082,0.4421238608191997,-0.4409106191922386
56,563000000,0.21568876167444634,-2.4834332730345112,2.626714539133376,0.5540810839590706,0.5536940533993746,0.4402242628022105,-0.4388845475397399
56,596000000,0.2155895039586988,-2.459542922357179,2.618957565593453,0.55556429631441,0.5551524829334663,0.4383825825820337,-0.4370065727677198
56,695000000,0.21529556644566536,-2.42841688387879,2.608807177732478,0.5578160023512128,0.5573432836745987,0.4356070200246576,-0.43411553274326076
56,728000000,0.21501047061828382,-2.4041440111296195,2.6006413023515416,0.5599951089300093,0.5594585461023914,0.4329037257210288,-0.43128410291166275
56,794000000,0.21567929791440074,-2.379622415004295,2.5934152140123348,0.5628092773089468,0.5623731375673158,0.4290614913959568,-0.4276545429651736
56,860000000,0.2156625099110688,-2.3576272235249576,2.5846680219898053,0.5658312577084059,0.565376074958584,0.4250779839098168,-0.4236668375737176
56,893000000,0.21591984048081977,-2.3394657272316217,2.577995770271821,0.5685755868522547,0.5681488026082447,0.42132625365393733,-0.42001539032798535
56,926000000,0.21602277414046164,-2.324418483645568,2.5720653571213727,0.5709823009661431,0.5705630111457415,0.41802530817268635,-0.41676360688385916
56,959000000,0.2167124568485678,-2.311083376879554,2.5673766143629777,0.5731023015446497,0.5728154675181604,0.4148865527379129,-0.41389049335956946
56,992000000,0.2163663928947645,-2.3003579951168427,2.562402930610218,0.5748974017343301,0.5745515655051585,0.4124845618934115,-0.4113878489385512
57,25000000,0.21607410750838107,-2.290839437236423,2.5577793237489588,0.5764666272100174,0.5760597452145162,0.4103799151463973,-0.4091817724446307
57,58000000,0.21614675665673588,-2.281880910421201,2.553553573978263,0.5778624435714378,0.5774575896994385,0.40839557921968983,-0.4072232548393767
57,91000000,0.21713638424908432,-2.2725754424921485,2.5503110873317514,0.579168796673835,0.5789559231081108,0.4062090189197471,-0.4054229606296045
57,124000000,0.21751047007479218,-2.2641546787055784,2.5465833993414435,0.5803355812147095,0.5802131720129275,0.4043820153555886,-0.40378022964953936
57,157000000,0.21670938517415106,-2.2567555870775395,2.54224459731783,0.5813965518460793,0.5811380278390412,0.40309210574362647,-0.4022106368409569
57,190000000,0.21623081321577867,-2.2490671118911605,2.5382749342935638,0.5823972162173332,0.5820361176595469,0.40181341863763603,-0.4007410845980717
57,223000000,0.21606561767407761,-2.240879395394729,2.5345230918740076,0.5833326188631168,0.5829267119742716,0.4005303534534948,-0.3993681762479092
57,256000000,0.21617747799081288,-2.231824895109491,2.5308694661234776,0.5842284399051256,0.5838334374780381,0.39920140391217823,-0.3980626664272186
57,289000000,0.21376224617331957,-2.2253425121933206,2.527349413686212,0.5843344878180832,0.5852555204579345,0.39849786718405983,-0.3965206576833623
57,322000000,0.2131962852544917,-2.2158497426957124,2.5229812804080933,0.5848301813273473,0.5862701835311863,0.397527006429595,-0.39526346918233674
57,355000000,0.21443606778287655,-2.2033898904117004,2.5181307774676975,0.5858552475325037,0.5868410907456196,0.39616818082734695,-0.39426125304304344
57,388000000,0.2151023004506966,-2.190501283605629,2.512975645557036,0.5867823987850038,0.5874262979383774,0.39492713712220534,-0.3932547740727229
57,421000000,0.21582361794091087,-2.1772309867571837,2.5077308771459874,0.5876434796315195,0.588076220842529,0.39367945210577515,-0.39224735603420674
57,454000000,0.21629856819358428,-2.16427775908589,2.5022193920389637,0.588492034790597,0.5887558637473717,0.39244226425326506,-0.39119397633256014
57,487000000,0.21662134197046984,-2.1512171325249496,2.4964249218614865,0.5893309681278145,0.5894765557013019,0.39119863428067875,-0.3900897702080825
57,520000000,0.21702576528496695,-2.137602795236398,2.491199893300529,0.5901885026127706,0.590252232260774,0.38988933957345323,-0.38892947507465386
57,553000000,0.21717109459833986,-2.125686730939296,2.484927975054659,0.590905424266497,0.5909241476595113,0.3887961763440963,-0.387913604486259
57,586000000,0.21716327860440215,-2.113769723204612,2.4793315505378204,0.5916626554732702,0.5916061999856841,0.3876787471065466,-0.3868366519588279
57,619000000,0.2173334705747521,-2.102573964556484,2.4736760499145753,0.5923509782352423,0.5923006577345983,0.38658763023162296,-0.38581116311326663
57,652000000,0.21710320711357517,-2.092590042025243,2.468319156169904,0.593048057344068,0.5929241445615673,0.38558385914424415,-0.38478571704754366
57,685000000,0.2171428002245877,-2.083372944960355,2.4633024835402297,0.5937013465676074,0.5935604641319824,0.38457671686893463,-0.383803902202084
57,718000000,0.21720586423302518,-2.0752239563314534,2.4587050895532054,0.5943276735845973,0.5941801625697362,0.38359902951078073,-0.3828528899962877
57,751000000,0.21729276899194916,-2.067966016790516,2.4543689984836288,0.5949174096798039,0.5947933375019774,0.3826506589980691,-0.38193276174148055
57,817000000,0.21742765633939892,-2.059671468949775,2.449825395482809,0.5956670500023905,0.595566767261239,0.38144358142718254,-0.3807647376838501
57,850000000,0.21758272037239856,-2.052553278261049,2.446012309393544,0.5963751625485296,0.5962980637374561,0.3802942280059644,-0.3796598277715502
57,883000000,0.21786867264421617,-2.046202544344197,2.4423122014989853,0.5970155155396445,0.5969891074797425,0.37920924408651924,-0.3786513290017664
57,949000000,0.21764214466183182,-2.038864392300644,2.437832850959007,0.59780623372608,0.5977145249195003,0.37802745010296723,-0.3774391349438268
58,15000000,0.21728719342363417,-2.030189836662557,2.434127638886733,0.5987624083869102,0.5985757277084162,0.37662863426323195,-0.3759541838496543
58,48000000,0.21765089994428274,-2.0221961149926875,2.4323255620280353,0.5996309138922042,0.5995537025970972,0.3751481523179608,-0.37448896995683556
58,81000000,0.21881050036954114,-2.014972026216569,2.4310214894667483,0.6003418044356845,0.6005860997119407,0.3736608168196757,-0.3731804505240835
58,114000000,0.22023759079447647,-2.009606287652317,2.428532081535471,0.6008000433013799,0.6015063699896367,0.3724262662820337,-0.3721935934620235
58,147000000,0.2254567512231122,-2.003129703370684,2.4273512374615778,0.6006059041464252,0.6031755270556847,0.3707439136158536,-0.371484564931509
58,180000000,0.22852798912878836,-1.9982319732036178,2.4245197277743737,0.6001716098777167,0.6047015418484857,0.3695502269505054,-0.3708944779093968
58,213000000,0.22532974181873489,-1.9942798334418037,2.4168954123839455,0.6010402698977801,0.6044458065394598,0.3692622581677275,-0.370190823239767
58,246000000,0.22442566106440048,-1.9833809322831293,2.415208113926699,0.602135156230002,0.6046948566857167,0.36822243825281203,-0.36903877831044485
58,279000000,0.22274012576462118,-1.9813007224387102,2.408108862521656,0.6027258691411628,0.6046192877468962,0.3679328712763746,-0.36848669689255936
58,312000000,0.22127096922706452,-1.980397356031204,2.4003432049329287,0.603138393418835,0.6045437763587048,0.36778561247201663,-0.36808238766434703
58,345000000,0.21998616810666233,-1.9785876127934223,2.393864888750156,0.6035305213218267,0.6045535100520156,0.36757884480725345,-0.3676299173992191
58,378000000,0.22080205606924513,-1.967762419401117,2.3948244484792602,0.6043124393200019,0.6050835327426772,0.3664566103244494,-0.3665923442139309
58,411000000,0.22050346990058337,-1.9620705730602876,2.3913666006605685,0.6048148790877103,0.6053885542377998,0.36582464883624227,-0.36589067593452707
58,444000000,0.22004121499542126,-1.9583792652085543,2.3869748708073573,0.6051992118495513,0.6056280198359465,0.36535853370899524,-0.3653241812586262
58,477000000,0.22039838029875447,-1.9565181554510083,2.38065003780357,0.6054414954898139,0.6057582261639736,0.3650311348259473,-0.36503402249847244
58,576000000,0.22106737166852514,-1.9455292510172177,2.377747399004158,0.6061240283614301,0.6063642638751585,0.3639128265928821,-0.36401029707856947
58,609000000,0.22121982525036968,-1.9379797788883093,2.3739058805913595,0.6067052787088069,0.606888813099273,0.3629792585928095,-0.36309878979864285
58,642000000,0.22144571743572294,-1.931069324746173,2.3706316279075246,0.6073595255420795,0.607504940886866,0.3618967882649649,-0.3620536813441463
58,675000000,0.2219502130443899,-1.923124319079927,2.3690285399601927,0.6082208161550007,0.6083314866797942,0.36043170459589313,-0.36067884250645343
58,708000000,0.21161652588482616,-1.9287423775478034,2.3614682163922636,0.608647589724998,0.6084172002456159,0.3610707467861774,-0.3591720169814303
58,741000000,0.2131477326501393,-1.9218292287522196,2.358524165848372,0.609567823417169,0.6094113077229902,0.35935670217458493,-0.35764184217736156
58,774000000,0.21377263334610414,-1.9168363068043823,2.3555274392511474,0.6105234289556304,0.6104217366381426,0.35765325701555134,-0.3559924070568099
58,807000000,0.21566374411086045,-1.9105608899617579,2.354051200868966,0.6116597515381218,0.611586512889406,0.3554912444558797,-0.3542036994658717
58,873000000,0.21629017454836785,-1.906104601826952,2.3524090892073515,0.6128873719849224,0.6128326183986917,0.3532790667369512,-0.3521351332847769
58,972000000,0.21676614683859308,-1.902022956035906,2.3499407960581458,0.6139848225402665,0.6139421536678749,0.35129265227778783,-0.3502729537025182
59,5000000,0.21655212202045285,-1.899441120097673,2.3476517136794794,0.6148037875462297,0.6147771342414213,0.349853006634231,-0.34880976445865824
59,38000000,0.21641062595915844,-1.89598467065268,2.346234826847237,0.6155109661359471,0.6155055513604658,0.3485964845730499,-0.3475336785897926
59,71000000,0.21663708133543916,-1.8932935997847993,2.3439890757160984,0.6160286319588305,0.6160317452749473,0.3476433252008707,-0.3466377530848539
59,104000000,0.216832757288498,-1.8894834097652813,2.342781795314802,0.6165250243787406,0.6165347774214841,0.3467290820603853,-0.34577551416807545
59,137000000,0.21733136494945668,-1.886783158158765,2.340479994624615,0.6168621256914857,0.6168820198851926,0.34605900294299297,-0.3452258071347626
59,170000000,0.21714175369810546,-1.8838361815306852,2.3387568267627663,0.6171730702919064,0.6171987846244408,0.34551111165694565,-0.3446521917617189
59,203000000,0.216236233824381,-1.881857750994488,2.337013137034843,0.6173922239694255,0.6174382451235231,0.3451996102595936,-0.34414253488561325
59,236000000,0.2163734975488255,-1.8802846375913425,2.335215405095335,0.6175844518183696,0.6176184041561085,0.344856744349526,-0.34381794251683767
59,269000000,0.21744493694495548,-1.8765274024172531,2.335139973076583,0.6178967656154668,0.6179240137080391,0.34418609559368735,-0.34337942851147224
59,302000000,0.2168087628120127,-1.8770655379547616,2.3325347985625076,0.6179377462183175,0.617957465589532,0.3441808456741995,-0.3432507217644
59,335000000,0.2171746604378456,-1.8739025675939187,2.3326198772958393,0.6181916196494713,0.6182029217580314,0.34369088875009907,-0.3428422989001853
59,368000000,0.21668666532281122,-1.8715673245267679,2.3324424895251368,0.618365695076209,0.6183884618451486,0.3434188554811458,-0.3424661546922967
59,401000000,0.21656112931387678,-1.870122074712194,2.3317627930882767,0.6184880390820312,0.6185071710271348,0.34321874558858023,-0.3422313801758625
59,434000000,0.21672088119114147,-1.8701268963848858,2.330000476358654,0.6185163086902159,0.6185210149313145,0.34316543042607944,-0.34220873357214293
59,467000000,0.21730881274764247,-1.8681420900239551,2.3296905977838427,0.6186557893595512,0.6186616006072309,0.34284748064225334,-0.3420211152009032
59,500000000,0.21704016412317811,-1.8687237571245352,2.327868930127175,0.6186385867609931,0.6186468797232649,0.3429007105954321,-0.3420254959095552
59,533000000,0.21631787277567083,-1.8694968054384347,2.326118795387975,0.6185955167559699,0.6186112622284506,0.34305229328846315,-0.34201581390787167
59,566000000,0.21628889726122041,-1.8672193212826884,2.3264765694272245,0.6187381387507104,0.6187616478871762,0.34279880808754803,-0.34173983661991947
59,599000000,0.2161508816598375,-1.8658426444501124,2.3261577878243163,0.6188370412052149,0.6188555492540746,0.3426448354795216,-0.3415450809322605
59,665000000,0.2164130818832571,-1.8644588307584007,2.325528409297511,0.6189297762638997,0.618949094679034,0.3424522343811727,-0.341400669913323
59,698000000,0.21685124326911398,-1.8618083934716285,2.325911341236491,0.6191068779715944,0.6191248779161723,0.342083783256821,-0.3411300989743507
59,731000000,0.2168894563693658,-1.8607736678107503,2.32539544281866,0.6191888096094927,0.6192075641921135,0.34192564823911586,-0.3409898262088028
59,764000000,0.21654683401342154,-1.861879687427984,2.323696510604455,0.6191378982480824,0.6191552415133302,0.3420539936406172,-0.3410485526930461
59,797000000,0.21625368209761248,-1.863296994566166,2.3219468858194237,0.6190513110131703,0.6190721673039927,0.34224221797523297,-0.34116768639161227
59,830000000,0.21621656430562208,-1.8643901671669267,2.320461504932324,0.6189764476479857,0.6189903336056969,0.34239194433424647,-0.3413017442305314
59,896000000,0.21631650789356877,-1.8642532015232054,2.3197290792417498,0.6189616065518208,0.6189844055936701,0.3424032866463754,-0.34132803069833
59,929000000,0.2165420061561587,-1.8636169234414168,2.3195315622224735,0.6189859059840873,0.6190131509971253,0.3423314722018879,-0.3413038678740062
59,962000000,0.2167275544488826,-1.8627896478327568,2.319656313993552,0.6190286190527188,0.6190640846272021,0.3422249014116505,-0.3412408896544412
60,28000000,0.21698714258838286,-1.8619778310747694,2.319891600403013,0.6190829651013776,0.6191156387836471,0.342096606373779,-0.341177402596284
60,61000000,0.21715587487905802,-1.8614501501820777,2.320044536569162,0.61912371403441,0.6191542937969133,0.34200037923343535,-0.3411297814575418
60,94000000,0.21726555086799687,-1.861107157601828,2.320143945077159,0.619154269769218,0.6191832790915827,0.3419282055820613,-0.34109406231620865
60,160000000,0.21733684026080713,-1.8608842124246658,2.320208560607357,0.6191771832148114,0.6192050147069067,0.34187407348998217,-0.34106727111137164
60,193000000,0.2173831783661338,-1.8607392980595103,2.320250560701986,0.6191943664114382,0.6192213145307432,0.34183347337851977,-0.34104717666788087
60,226000000,0.21741329813459614,-1.8606451037221592,2.3202778607634946,0.6192072527471124,0.6192335383367771,0.3418030227086633,-0.34103210525038535
60,259000000,0.21743287598409666,-1.860583877402881,2.320295605803475,0.6192169169015914,0.6192427055939997,0.34178018437653873,-0.34102080135828944
60,292000000,0.21744560158627202,-1.8605440802953501,2.320307140079463,0.6192241646814756,0.6192495807009274,0.34176305544198726,-0.3410123232541775
60,358000000,0.217453873227686,-1.860518212175455,2.320314637358855,0.6192296003273998,0.6192547368421264,0.3417502086367604,-0.3410059645720121
60,391000000,0.21745924979460507,-1.8605013978975233,2.3203195105904593,0.6192336769555356,0.6192586038417138,0.341740573474167,-0.3410011955018435
60,424000000,0.21746274456310244,-1.8604904686168677,2.3203226781910025,0.6192367343668388,0.6192615040316034,0.34173334706921943,-0.3409976186662864
60,457000000,0.21746501616262576,-1.8604833645844414,2.3203247371313553,0.6192390273916795,0.6192636791403824,0.3417279272469454,-0.34099493602109543
60,490000000,0.21746649270231588,-1.8604787469633643,2.3203260754425847,0.6192407471413891,0.619265310453045,0.3417238623697982,-0.3409929240267829
60,523000000,0.2174674524531145,-1.8604757455096643,2.320326945344884,0.6192420369430283,0.6192665339268987,0.3417208137060644,-0.34099141502518787
60,556000000,0.21728325081236868,-1.8607182497304646,2.3201469962232895,0.6192231506708412,0.6192518908257088,0.34177179689784193,-0.34100120854225974
60,589000000,0.21674060917206156,-1.8610439027314611,2.3196298904323074,0.6191812625096457,0.6192112849406471,0.341909989513939,-0.34101247459542045
60,622000000,0.21623132687722568,-1.8601344550611065,2.3192529374098942,0.6191802051416356,0.6192131880749046,0.3419747853010802,-0.34094595978417913
60,655000000,0.21645577806100796,-1.8578390051332436,2.318548550183386,0.619219328334657,0.6192519841582427,0.3418894379904701,-0.3408900346496163
60,688000000,0.21584970662899267,-1.8561850097960368,2.316486143539983,0.6191740862651046,0.6192047473708333,0.34204647327982646,-0.3409004867230732
60,721000000,0.21572501731478583,-1.8527607272887328,2.314454034704172,0.6191832396031636,0.6192180113282817,0.34205133512930985,-0.3408548875657145
60,754000000,0.21545507554334706,-1.8490085922898267,2.311474569433347,0.6191621628210239,0.6192003398316908,0.3421260153704906,-0.34085032622812855
60,787000000,0.21520447254768021,-1.844519796184446,2.308311542694813,0.6191421012723309,0.6191952125369774,0.3421904646688475,-0.34083138513506694
60,820000000,0.21646792955185912,-1.8379222968254343,2.305133235428679,0.6192216419151285,0.6192489703090177,0.341935272965679,-0.3408453315758343
60,853000000,0.21675457098403764,-1.8305139967097688,2.301559870076577,0.6193018683341432,0.6193214315898501,0.3417577844999563,-0.34074591264609416
60,886000000,0.21643221622939618,-1.8230991421788432,2.2968520983323355,0.6193257129360181,0.6193555367462058,0.34173439220068863,-0.34066403623707947
60,919000000,0.21619718193501544,-1.8144631334660588,2.291906647437529,0.6193771111144795,0.6194208633347802,0.34165442826353903,-0.3405319954732476
60,952000000,0.21604656634176475,-1.8060461342512117,2.285759126257077,0.6193655081712119,0.6194177074067287,0.34168861192074496,-0.3405245417330198
60,985000000,0.20789714669488488,-1.8054187200672462,2.276679892858393,0.6190480771276365,0.6188263760279199,0.3434693883727221,-0.3403853313343504
61,18000000,0.20147786665520206,-1.8039674492167963,2.266476614041231,0.6189926183851661,0.6179152381466252,0.3451611412059589,-0.34043014474672456
61,117000000,0.20709830230431436,-1.7766332024460194,2.25193530416842,0.6191141827081196,0.6182810305101162,0.3442227173636595,-0.34049510559152546
61,150000000,0.21206174697480018,-1.7504411276931258,2.2408346632807135,0.6193768165555567,0.6187589966427219,0.3430617380137174,-0.3403208884247397
61,183000000,0.21385263762807522,-1.7297158434141933,2.227964230242291,0.6195076915575054,0.6190190249673277,0.3424662678472146,-0.34020952693360834
61,216000000,0.21611594195086015,-1.7103847948102366,2.2154185611336965,0.6196003127469093,0.6192298066014267,0.3419095625021691,-0.34021721021998197
61,282000000,0.21829789950376222,-1.6830257959358534,2.202704450939966,0.6198809548710353,0.6196335373808662,0.34100936202698284,-0.3398742357858247
61,315000000,0.2123940200670898,-1.6840843521306015,2.189081726500963,0.621060272957105,0.618073579169366,0.34184247617729585,-0.3397247556010463
61,348000000,0.2056623346364208,-1.6704743450426593,2.179765560110863,0.6224852797770647,0.6168235802414248,0.3422653252001405,-0.33896193663103547
61,381000000,0.20612893080561573,-1.6482774265492366,2.172207735275456,0.6227244358084083,0.6171391770041238,0.34178579312742247,-0.338431654651321
61,414000000,0.21013730432568137,-1.6270149932366083,2.163610448428357,0.6221971243637232,0.6180292386171687,0.34112070929956717,-0.3384483126487067
61,513000000,0.2131697224605442,-1.6031058446891269,2.152202243647745,0.6218440442866889,0.6188001141393091,0.3404316132859884,-0.33838250546068716
61,546000000,0.2146901210350566,-1.5863308258532105,2.1420711461470807,0.6215075168597934,0.6192344741643058,0.3401650763361317,-0.3384742136920669
61,612000000,0.2156887641180138,-1.5710599210681373,2.133530971631514,0.6212977963605537,0.6196094339773847,0.33988076584305366,-0.33845865711144774
61,645000000,0.21663542807735542,-1.5594910833649953,2.1272075950985214,0.6211505297447383,0.6199332176651469,0.33957895202512356,-0.3384390053978523
61,678000000,0.2171504172789433,-1.5515894386484606,2.1217935760133506,0.6209792142352958,0.6201198325702882,0.33947544721859596,-0.33851533122806526
61,711000000,0.21740596162375045,-1.5456490861396834,2.117911661295905,0.6208731716764783,0.6202617312023754,0.3393838053161728,-0.33854175841000284
61,744000000,0.2176649344231828,-1.5409343160485998,2.1155934262682248,0.6208433883698572,0.6204131956261774,0.33921366731581165,-0.33848935244185624
61,777000000,0.2178703486811241,-1.5378020850040133,2.114042132718864,0.6208210274187193,0.6205282462343542,0.3390791810833213,-0.3384542162478505
61,810000000,0.21800239829309254,-1.5357672214518396,2.113030718993949,0.6208042425787744,0.6206141615158303,0.33897878673284737,-0.3384280382405159
61,843000000,0.21808822918186674,-1.5344445583832624,2.1123733021438453,0.6207916464554125,0.6206785908033664,0.33890348680467297,-0.3384084000747624
61,876000000,0.21814402465441657,-1.5335848260110667,2.111945981696536,0.6207821953192183,0.6207269085881094,0.33884700852882604,-0.3383936697699392
61,909000000,0.218180291711574,-1.5330259999691394,2.1116682234057853,0.6207751045916746,0.6207631445516935,0.33880464852516723,-0.3383826207464369
61,942000000,0.21820386529872632,-1.5326627630418868,2.111487680516797,0.6207697852098757,0.620790320188356,0.33877287779310833,-0.3383743332504686
61,975000000,0.21821918813037533,-1.5324266590391726,2.1113703276389546,0.6207657949219556,0.620810701164295,0.3387490493338754,-0.3383681172188136
62,41000000,0.21822914797094717,-1.5322731914374084,2.1112940482683573,0.6207628017832605,0.6208259864734796,0.33873117775874106,-0.3383634549646336
62,74000000,0.21823562186731887,-1.5321734374962617,2.111244466677469,0.6207605566914409,0.6208374502175524,0.3387177739476251,-0.33835995814437914
62,107000000,0.21823982945255793,-1.532108598770337,2.1112122373130346,0.620758871957524,0.6208460483338959,0.3387077215877846,-0.33835733550644354
