stamp_sec,stamp_nanosec,x,y,z,qx,qy,qz,qw
4,588000000,0.21757223729334557,-2.0098578457923915,2.7050113652966967,0.6248753197928099,0.6246573902201459,0.33146272831035334,-0.33085712822644003
4,654000000,0.21757223729334557,-2.0098578457923915,2.7050113652966967,0.6248753197928101,0.6246573902201459,0.3314627283103533,-0.3308571282264398
4,720000000,0.21757223643886314,-2.009857853871201,2.70501135841078,0.6248753197702078,0.6246573885851373,0.33146272984217234,-0.33085712982139653
4,753000000,0.21757223643886314,-2.009857853871201,2.70501135841078,0.6248753197702078,0.6246573885851373,0.3314627298421724,-0.3308571298213963
4,819000000,0.2175722345336526,-2.0098578526732753,2.705011359724454,0.6248753192548845,0.6246573893181568,0.33146273012533606,-0.330857129127044
4,852000000,0.2175722274229938,-2.009857853424265,2.70501136011203,0.6248753193555383,0.6246573891515799,0.33146273142793004,-0.3308571279464622
4,885000000,0.2175722274229938,-2.009857853424265,2.70501136011203,0.6248753193555381,0.6246573891515802,0.33146273142793026,-0.33085712794646205
4,918000000,0.2175722274229938,-2.009857853424265,2.70501136011203,0.6248753193555382,0.62465738915158,0.33146273142793015,-0.33085712794646205
4,951000000,0.2175722274229938,-2.009857853424265,2.70501136011203,0.6248753193555381,0.6246573891515801,0.3314627314279303,-0.33085712794646177
4,984000000,0.21757222940660204,-2.009857853959669,2.705011359339879,0.6248753194072187,0.6246573889683552,0.33146273117250363,-0.3308571284506776
5,17000000,0.21757222940660204,-2.009857853959669,2.705011359339879,0.6248753194072187,0.6246573889683552,0.33146273117250363,-0.3308571284506776
5,50000000,0.2175722381693624,-2.009857855343934,2.7050113569051546,0.624875318573359,0.6246573893441576,0.33146273017938016,-0.3308571303109789
5,83000000,0.2175722381693624,-2.009857855343934,2.7050113569051546,0.6248753185733592,0.6246573893441576,0.33146273017938005,-0.3308571303109789
5,116000000,0.2175722358114577,-2.009857854909654,2.7050113575998376,0.6248753187888479,0.6246573892631082,0.3314627304340466,-0.33085712980188275
5,182000000,0.2175722358114577,-2.009857854909654,2.7050113575998376,0.6248753187888478,0.6246573892631081,0.33146273043404667,-0.33085712980188303
5,215000000,0.2175722358114577,-2.009857854909654,2.7050113575998376,0.6248753187888479,0.624657389263108,0.3314627304340467,-0.33085712980188353
5,248000000,0.2175722358114577,-2.009857854909654,2.7050113575998376,0.6248753187888478,0.6246573892631081,0.3314627304340467,-0.3308571298018832
5,314000000,0.2175722358114577,-2.009857854909654,2.7050113575998376,0.6248753187888478,0.6246573892631079,0.33146273043404667,-0.33085712980188364
5,347000000,0.2175722358114577,-2.009857854909654,2.7050113575998376,0.6248753187888478,0.6246573892631079,0.33146273043404667,-0.33085712980188364
5,380000000,0.2175722358114577,-2.009857854909654,2.7050113575998376,0.6248753187888478,0.6246573892631079,0.33146273043404667,-0.33085712980188364
5,413000000,0.2175722358114577,-2.009857854909654,2.7050113575998376,0.6248753187888478,0.6246573892631079,0.33146273043404667,-0.33085712980188364
5,446000000,0.2175722358114577,-2.009857854909654,2.7050113575998376,0.6248753187888478,0.6246573892631079,0.33146273043404667,-0.33085712980188364
5,479000000,0.2175722358114577,-2.009857854909654,2.7050113575998376,0.6248753187888478,0.6246573892631079,0.33146273043404667,-0.33085712980188364
5,512000000,0.2175722358114577,-2.009857854909654,2.7050113575998376,0.6248753187888478,0.6246573892631079,0.33146273043404667,-0.33085712980188364
5,545000000,0.2175722358114577,-2.009857854909654,2.7050113575998376,0.6248753187888478,0.6246573892631079,0.33146273043404667,-0.33085712980188364
5,578000000,0.2175722358114577,-2.009857854909654,2.7050113575998376,0.6248753187888478,0.6246573892631079,0.33146273043404667,-0.33085712980188364
5,611000000,0.2175722358114577,-2.009857854909654,2.7050113575998376,0.6248753187888478,0.6246573892631079,0.33146273043404667,-0.33085712980188364
5,644000000,0.2175722358114577,-2.009857854909654,2.7050113575998376,0.6248753187888478,0.6246573892631079,0.33146273043404667,-0.33085712980188364
5,677000000,0.2175722358114577,-2.009857854909654,2.7050113575998376,0.6248753187888478,0.6246573892631079,0.33146273043404667,-0.33085712980188364
5,710000000,0.2175722358114577,-2.009857854909654,2.7050113575998376,0.6248753187888478,0.6246573892631079,0.33146273043404667,-0.33085712980188364
5,743000000,0.2175722358114577,-2.009857854909654,2.7050113575998376,0.6248753187888478,0.6246573892631079,0.33146273043404667,-0.33085712980188364
5,776000000,0.2175722358114577,-2.009857854909654,2.7050113575998376,0.6248753187888478,0.6246573892631079,0.33146273043404667,-0.33085712980188364
5,809000000,0.2175722358114577,-2.009857854909654,2.7050113575998376,0.6248753187888478,0.6246573892631079,0.33146273043404667,-0.33085712980188364
5,842000000,0.2175722358114577,-2.009857854909654,2.7050113575998376,0.6248753187888478,0.6246573892631079,0.33146273043404667,-0.33085712980188364
5,875000000,0.2175722358114577,-2.009857854909654,2.7050113575998376,0.6248753187888478,0.6246573892631079,0.33146273043404667,-0.33085712980188364
5,908000000,0.2175722358114577,-2.009857854909654,2.7050113575998376,0.6248753187888478,0.6246573892631079,0.33146273043404667,-0.33085712980188364
5,974000000,0.2175722358114577,-2.009857854909654,2.7050113575998376,0.6248753187888478,0.6246573892631079,0.33146273043404667,-0.33085712980188364
6,7000000,0.2175722358114577,-2.009857854909654,2.7050113575998376,0.6248753187888478,0.6246573892631079,0.33146273043404667,-0.33085712980188364
6,40000000,0.2175722358114577,-2.009857854909654,2.7050113575998376,0.6248753187888478,0.6246573892631079,0.33146273043404667,-0.33085712980188364
6,73000000,0.2175722358114577,-2.009857854909654,2.7050113575998376,0.6248753187888478,0.6246573892631079,0.33146273043404667,-0.33085712980188364
6,106000000,0.2175722358114577,-2.009857854909654,2.7050113575998376,0.6248753187888478,0.6246573892631079,0.33146273043404667,-0.33085712980188364
6,139000000,0.2175722358114577,-2.009857854909654,2.7050113575998376,0.6248753187888478,0.6246573892631079,0.33146273043404667,-0.33085712980188364
6,205000000,0.2175722358114577,-2.009857854909654,2.7050113575998376,0.6248753187888478,0.6246573892631079,0.33146273043404667,-0.33085712980188364
6,238000000,0.2175722358114577,-2.009857854909654,2.7050113575998376,0.6248753187888478,0.6246573892631079,0.33146273043404667,-0.33085712980188364
6,271000000,0.2175722358114577,-2.009857854909654,2.7050113575998376,0.6248753187888478,0.6246573892631079,0.33146273043404667,-0.33085712980188364
6,304000000,0.2175722358114577,-2.009857854909654,2.7050113575998376,0.6248753187888478,0.6246573892631079,0.33146273043404667,-0.33085712980188364
6,337000000,0.2175722358114577,-2.009857854909654,2.7050113575998376,0.6248753187888478,0.6246573892631079,0.33146273043404667,-0.33085712980188364
6,370000000,0.2175722358114577,-2.009857854909654,2.7050113575998376,0.6248753187888478,0.6246573892631079,0.33146273043404667,-0.33085712980188364
6,403000000,0.2175722358114577,-2.009857854909654,2.7050113575998376,0.6248753187888478,0.6246573892631079,0.33146273043404667,-0.33085712980188364
6,436000000,0.2175722358114577,-2.009857854909654,2.7050113575998376,0.6248753187888478,0.6246573892631079,0.33146273043404667,-0.33085712980188364
6,469000000,0.2175722358114577,-2.009857854909654,2.7050113575998376,0.6248753187888478,0.6246573892631079,0.33146273043404667,-0.33085712980188364
6,568000000,0.2175722358114577,-2.009857854909654,2.7050113575998376,0.6248753187888478,0.6246573892631079,0.33146273043404667,-0.33085712980188364
6,601000000,0.2175722358114577,-2.009857854909654,2.7050113575998376,0.6248753187888478,0.6246573892631079,0.33146273043404667,-0.33085712980188364
6,634000000,0.2175722358114577,-2.009857854909654,2.7050113575998376,0.6248753187888478,0.6246573892631079,0.33146273043404667,-0.33085712980188364
6,667000000,0.2175722358114577,-2.009857854909654,2.7050113575998376,0.6248753187888478,0.6246573892631079,0.33146273043404667,-0.33085712980188364
6,700000000,0.2175722358114577,-2.009857854909654,2.7050113575998376,0.6248753187888478,0.6246573892631079,0.33146273043404667,-0.33085712980188364
6,799000000,0.2175722358114577,-2.009857854909654,2.7050113575998376,0.6248753187888478,0.6246573892631079,0.33146273043404667,-0.33085712980188364
6,832000000,0.2175722358114577,-2.009857854909654,2.7050113575998376,0.6248753187888478,0.6246573892631079,0.33146273043404667,-0.33085712980188364
6,865000000,0.2175722358114577,-2.009857854909654,2.7050113575998376,0.6248753187888478,0.6246573892631079,0.33146273043404667,-0.33085712980188364
6,898000000,0.2175722358114577,-2.009857854909654,2.7050113575998376,0.6248753187888478,0.6246573892631079,0.33146273043404667,-0.33085712980188364
6,931000000,0.2175722358114577,-2.009857854909654,2.7050113575998376,0.6248753187888478,0.6246573892631079,0.33146273043404667,-0.33085712980188364
6,964000000,0.2175722358114577,-2.009857854909654,2.7050113575998376,0.6248753187888478,0.6246573892631079,0.33146273043404667,-0.33085712980188364
6,997000000,0.2175722358114577,-2.009857854909654,2.7050113575998376,0.6248753187888478,0.6246573892631079,0.33146273043404667,-0.33085712980188364
7,30000000,0.2175722358114577,-2.009857854909654,2.7050113575998376,0.6248753187888478,0.6246573892631079,0.33146273043404667,-0.33085712980188364
7,63000000,0.2175722358114577,-2.009857854909654,2.7050113575998376,0.6248753187888478,0.6246573892631079,0.33146273043404667,-0.33085712980188364
7,96000000,0.2175722358114577,-2.009857854909654,2.7050113575998376,0.6248753187888478,0.6246573892631079,0.33146273043404667,-0.33085712980188364
7,129000000,0.2175722358114577,-2.009857854909654,2.7050113575998376,0.6248753187888478,0.6246573892631079,0.33146273043404667,-0.33085712980188364
7,162000000,0.2175722358114577,-2.009857854909654,2.7050113575998376,0.6248753187888478,0.6246573892631079,0.33146273043404667,-0.33085712980188364
7,195000000,0.2175722358114577,-2.009857854909654,2.7050113575998376,0.6248753187888478,0.6246573892631079,0.33146273043404667,-0.33085712980188364
7,261000000,0.2175722358114577,-2.009857854909654,2.7050113575998376,0.6248753187888478,0.6246573892631079,0.33146273043404667,-0.33085712980188364
7,294000000,0.2175722358114577,-2.009857854909654,2.7050113575998376,0.6248753187888478,0.6246573892631079,0.33146273043404667,-0.33085712980188364
7,327000000,0.21789319521798595,-2.009137683713235,2.7052870801585907,0.6249262864930889,0.6247215046877407,0.331296997961713,-0.3308057997862189
7,360000000,0.2160828238829295,-2.010802121310523,2.7030722628643664,0.6246529904572528,0.6244678137784963,0.33212376045665915,-0.33097190032938517
7,393000000,0.21831409044497646,-2.006763996449327,2.7027183846435006,0.6247804821345758,0.6247058082090399,0.33138423552088997,-0.33102339914545714
7,426000000,0.21722926836884895,-2.0054280126182897,2.6999651989296316,0.6247859604497569,0.6244574934880166,0.33177807579709834,-0.33108707445612195
7,459000000,0.2151169460403944,-2.002106825960335,2.6983080689785224,0.6248076481055626,0.62447392343481,0.3321277909795753,-0.33066425914779224
7,525000000,0.21730783013549176,-1.9928586090339495,2.6905712310980054,0.6245982093806134,0.6245137211896723,0.3319132829426713,-0.3311997305110289
7,558000000,0.21651504255020307,-1.9880401203971403,2.6856071922768963,0.6245612153036542,0.6243083622299287,0.3322660406832462,-0.33130293599194993
7,591000000,0.21845800447275324,-1.97875749597258,2.6819248715219706,0.6247005056080703,0.6246031454324874,0.3315157275265506,-0.33123633769773275
7,624000000,0.21734940738322003,-1.9723771332602533,2.6754176723995946,0.6246126946008229,0.6243471114095946,0.3320182049244403,-0.3313813178450871
7,657000000,0.21549054276927448,-1.964257664181497,2.6698185148860705,0.6245235750477658,0.6243833490779637,0.33242913619338893,-0.3310688856015628
7,690000000,0.21527801294207313,-1.9553845359612034,2.6622486775857057,0.6244645738285444,0.6242826026159508,0.33260800545588703,-0.3311904932374211
7,723000000,0.2160566662783611,-1.943250460683056,2.6556967618342067,0.6246163547615335,0.6245619700879317,0.3320705944089926,-0.33091671945242385
7,756000000,0.21520388673928545,-1.9328918902121888,2.647566621799337,0.6246266590243037,0.6243762709613615,0.3323811120025951,-0.33093595374398194
7,789000000,0.21629241319904166,-1.9215983756295585,2.6400261692502753,0.6247676151234642,0.6246836170074292,0.33176366135843555,-0.3307093568943879
7,822000000,0.21558740477152874,-1.9117447771516545,2.632895938139932,0.6249553242892907,0.6247551940091811,0.33163614810688635,-0.3303471741514454
7,855000000,0.21811539741546743,-1.8979915591364065,2.629219202751087,0.6253837515279844,0.6252568689244034,0.33027414721926823,-0.3299515098711036
7,888000000,0.20996212265561912,-1.8979165059964267,2.6234492175266193,0.6254539704583697,0.6241689526768276,0.3327399273504224,-0.32940034926971246
7,921000000,0.20881721368645972,-1.8914538233439413,2.617851675903582,0.6257897622627764,0.6240958815542715,0.3326785265918273,-0.3289627669186671
7,954000000,0.2144223566028977,-1.8796455295344998,2.615337964144502,0.6259861811421444,0.624907093127049,0.330670569024796,-0.32907354916400344
7,987000000,0.22520100606762566,-1.8662654091209416,2.61126952024544,0.6257899691344656,0.6258632968456389,0.3277921248134955,-0.3305062345893738
8,20000000,0.2244120674374638,-1.8590740209624181,2.6052333730841593,0.6259924846485004,0.625642642837896,0.32780242676920057,-0.3305302733950904
8,86000000,0.2170065354002654,-1.8467446223908544,2.5921156214269474,0.6259390528887313,0.6260158344460595,0.3292679640333763,-0.32846169480302745
8,119000000,0.21748851720905324,-1.8363087086728582,2.5899417045647275,0.6263388766034227,0.6262915354297102,0.3285292798289461,-0.3279131540504783
8,152000000,0.21837359289386138,-1.8287552394376543,2.58457668234854,0.6263167633689887,0.6263736347044412,0.32834825174387194,-0.32797988847928555
8,185000000,0.21871717544069688,-1.8206367711811517,2.5799448702800514,0.6264785920439112,0.626654946776565,0.32788220408919105,-0.32759946830352665
8,218000000,0.2186287153882273,-1.8147446619488374,2.573338916979262,0.6266524884764166,0.6267566959475752,0.3276199162791931,-0.32733452801134183
8,251000000,0.2182063729079334,-1.8071416781492966,2.567325122507347,0.6269596294415853,0.6269762300456211,0.3271604417892141,-0.3267850598429141
8,317000000,0.21694068103702574,-1.7922528676309188,2.557957222063862,0.6278327904086781,0.6278324633176021,0.3257017383287078,-0.32491654765779876
8,350000000,0.2169553684262732,-1.7859460420235032,2.5535085048376063,0.628186073802013,0.6282645447942107,0.3249518172629582,-0.32414847661717683
8,383000000,0.21909665270210582,-1.7788608800949035,2.5517958027998056,0.6284152390067916,0.6289514526288391,0.32377713285852433,-0.3235470999066807
8,416000000,0.21708146713199508,-1.7787028753424567,2.5455138144468483,0.6283999530262045,0.6284053879884207,0.3245787472749931,-0.32383453213204805
8,449000000,0.21722014133484036,-1.7747426415921919,2.5421198568389283,0.6283519273978435,0.6283555076388652,0.32465367839411025,-0.32394937947230745
8,482000000,0.21813519867723702,-1.7666481977812443,2.542465301152662,0.6286667999454507,0.6287742760056564,0.3238056337153565,-0.3233742043733636
8,515000000,0.2178654834247885,-1.765384030407051,2.5370127930618533,0.6283628300071059,0.6284042420335707,0.32449055816264094,-0.3239971298066883
8,581000000,0.21815870881547833,-1.7576593679795256,2.531783503826657,0.6282745761736416,0.6283512783561102,0.324580027408349,-0.3241813284716888
8,614000000,0.21732276250274035,-1.7547587935163866,2.52875545290473,0.628328369370336,0.6283194555940108,0.3246798048498134,-0.3240388036781209
8,647000000,0.21762107514099355,-1.750573794578692,2.5269156004272513,0.6283778598282316,0.628534268339664,0.32439706743277896,-0.32380932883631974
8,680000000,0.2169377493670245,-1.7471677651636321,2.524576300508323,0.6285832792435363,0.6285276940046548,0.3242933842719219,-0.3235271238120492
8,713000000,0.21763224079516894,-1.7430450784483704,2.5222005472367846,0.6286312656385616,0.6286995526120107,0.3239814451738592,-0.3234124728426153
8,779000000,0.21727593401583586,-1.7367912016330902,2.5159412274526938,0.6287739102779796,0.6286929916679844,0.323896812236135,-0.32323265151368746
8,845000000,0.2170918419870441,-1.7307581048571798,2.5087618250645285,0.6288544635156785,0.6288954597727617,0.3236672010819218,-0.3229119188531291
8,878000000,0.21780937978355147,-1.7249044158009148,2.507201571860144,0.629004005330121,0.6292536363294995,0.323079895417041,-0.3225107806292391
8,911000000,0.21793089807361504,-1.7211083376061929,2.503801161402372,0.6290671266519284,0.6293258468559346,0.3229260517150968,-0.3224008278039097
8,944000000,0.2178099654224969,-1.7187483105441015,2.4992624249753193,0.6290808737909691,0.6291832496340418,0.3230502359353308,-0.3225278866586035
8,977000000,0.21944278925954613,-1.7110957972068657,2.499462010292379,0.629302845855102,0.629766784127316,0.32203293648273223,-0.32197284610494253
9,10000000,0.21740087769339123,-1.7101147570035817,2.4954730309996296,0.6292306848464496,0.629289715575171,0.3228573977002549,-0.32222088676745925
9,43000000,0.21712499585052122,-1.7069614302525256,2.4930753622678368,0.6291548332949317,0.6291675921629074,0.3230909248222145,-0.3223733720565057
9,76000000,0.2176538969822116,-1.7029797721055346,2.4909918693026865,0.6290538909054333,0.629347720052672,0.3229611965183131,-0.3223487477014585
9,142000000,0.21857311044611283,-1.6930651535673136,2.4887418570308837,0.6296035221042977,0.6298215303287046,0.3217964425937544,-0.32151406566785884
9,175000000,0.21754967177968174,-1.694275401181175,2.4829688777823513,0.6293991969113466,0.6294082573844034,0.3225537535354742,-0.32196424109496563
9,208000000,0.21602609184599533,-1.6935146396763283,2.478756474546017,0.629387469400648,0.6291588472498688,0.3230377169595202,-0.32198942794794594
9,241000000,0.21679780625629347,-1.6885006910588503,2.4778369270275875,0.6295445173557978,0.6295577942734764,0.32239634549585067,-0.32154514573803006
9,274000000,0.2181762227681589,-1.6820790321476202,2.47788919931338,0.6298391780308211,0.6300781535111311,0.32139225339960226,-0.3209535009003473
9,307000000,0.21682230622257076,-1.6805582067744094,2.4740044995386765,0.6299478610293165,0.6298388038195918,0.32170693648745674,-0.3208947188776255
9,340000000,0.21716058933193166,-1.6799558556994096,2.4688839470395467,0.6297279031407605,0.6297241590165169,0.3219854441998302,-0.32127188685024977
9,373000000,0.21870380069539655,-1.6738780961277846,2.468849226832093,0.6299619796572913,0.6302858723147546,0.32098197767377207,-0.32071512804251906
9,406000000,0.21758034892543998,-1.6715930975631699,2.4655722372660978,0.6301527905335653,0.630132966017982,0.3210932260954325,-0.32052932139785445
9,439000000,0.21724536388730062,-1.668613021903297,2.463292717484175,0.6303049219600937,0.63022283740604,0.32090572210399815,-0.32024115613966936
9,505000000,0.2167027179481831,-1.6626661936369953,2.4575955956285487,0.630517024779537,0.6303496146289317,0.3206532306508094,-0.31982675071594147
9,538000000,0.21660100506450317,-1.6593435593633328,2.455015407165844,0.6306365280686109,0.6304983073403091,0.32040821747469167,-0.3195434682187445
9,571000000,0.21733250492078157,-1.657258957182609,2.451002699987823,0.6304898258030793,0.630588725860042,0.320364909695766,-0.31969792462985297
9,604000000,0.21773540253476398,-1.653707417816741,2.4490367521395973,0.6306901088910488,0.6308396036313745,0.3198609781407014,-0.3193122855451716
9,637000000,0.21802158750543538,-1.6490099466936117,2.4468880061353806,0.6309921474250189,0.6312055886781154,0.31916068421767624,-0.31869244164112526
9,670000000,0.21812104977205063,-1.6413504219451505,2.446427465691539,0.6315893782965386,0.6317689194963679,0.3179895322314327,-0.3175618789663178
9,703000000,0.21739829108390882,-1.6365182540575467,2.440570231653647,0.6316806652383194,0.6317000228298292,0.31807994608806006,-0.3174267887521223
9,736000000,0.21872712918114812,-1.6298756124962732,2.4350488438304985,0.6316051753969012,0.6319810445809549,0.31768525663190716,-0.31741288477460083
9,769000000,0.21716144337216828,-1.6253278244711802,2.4285200429446796,0.6317630551445487,0.6317378530999145,0.31799224330300224,-0.31727536985127175
9,802000000,0.21706246485748665,-1.6183273485626695,2.4233145755230363,0.6319262359111993,0.6319687874044237,0.3176179519316427,-0.31686514596028753
9,835000000,0.2181335375231527,-1.610002350093185,2.419069373095812,0.6323348152498641,0.6325074800650456,0.3164914567236099,-0.31610145033778875
9,868000000,0.21763081163238807,-1.606338880740534,2.412549498630951,0.6323323836078087,0.6323588446235099,0.3167270133378742,-0.3161677518175389
9,901000000,0.21798332229155437,-1.597442873011326,2.4095449182920103,0.6325808910839846,0.6328629020884596,0.3159425131081204,-0.3154461789378499
9,934000000,0.21704984276682276,-1.592317057666357,2.4033357450398163,0.6327715179779758,0.6327262020755745,0.3160132725047474,-0.3152671420299106
9,967000000,0.21816775866594915,-1.5834575525148633,2.400179200870854,0.6330438317565443,0.6332443441958248,0.315047540787291,-0.31464607841648384
10,0,0.21746868336069064,-1.5774002713887094,2.3948252068827647,0.6332167045764753,0.6333134294427172,0.31491472574582297,-0.3142919353741782
10,33000000,0.21650107181357614,-1.5742400307260613,2.3866580179726773,0.6331430758269475,0.6330137052160599,0.31543509861070307,-0.31452216631818414
10,66000000,0.21800122885582135,-1.5665371418174878,2.3834598508020486,0.6332693587867946,0.6335674308937433,0.31452927256992463,-0.31405981345772027
10,132000000,0.2176698676191464,-1.5573591137653058,2.3767834671855463,0.633760882107958,0.6338891966882407,0.31375538782613727,-0.31319193355153657
10,165000000,0.21817971836845945,-1.5530121669690995,2.374911119996248,0.6340381599378512,0.6342481363996865,0.3130269274232686,-0.31263246140491635
10,198000000,0.2184994773104557,-1.550321772746375,2.372168382725354,0.6341307551280045,0.6344518208737282,0.312682257473462,-0.31237618067339445
10,231000000,0.21778856863227555,-1.5474811789752656,2.370021790239743,0.6343769517922662,0.6345883533414157,0.31241106772182675,-0.3118698921074167
10,264000000,0.21820082558000095,-1.5429593157422654,2.369295373094566,0.6347081102230536,0.634857632774024,0.3117186036009814,-0.31134050988378786
10,297000000,0.21679265844780293,-1.5434993759134639,2.3643480460882027,0.6344277663061823,0.6344395927828049,0.31267382423460255,-0.3118058564040225
10,363000000,0.21673416271127902,-1.5378504053858044,2.35858271067778,0.6343841877762509,0.6343315049073569,0.31282246037261024,-0.31196530651317805
10,396000000,0.21839651244943697,-1.5303959441449737,2.35929447418654,0.6346174576698838,0.6349472695559653,0.3116910159324734,-0.31137013005588765
10,429000000,0.2173553207355801,-1.5296372926871633,2.3551634147109795,0.6346373982915379,0.6347008459808605,0.31208219552273453,-0.31144006171113836
10,528000000,0.21771659863450246,-1.521535903786767,2.347898778385162,0.6351393871075913,0.6352708647755294,0.31093365665093287,-0.31040159225368724
10,594000000,0.21842319505964966,-1.5140978754696335,2.344545537745972,0.6356688126771077,0.6359302515192978,0.30959856779239936,-0.30930018204516746
10,627000000,0.2186308756317821,-1.5118163308438717,2.34141696932896,0.6357845502317692,0.6360778821004271,0.30928949364179725,-0.3090678610144103
10,660000000,0.2175415609521858,-1.510578486744334,2.33823194281813,0.6359715475500477,0.6360186108976925,0.30934083341849367,-0.30875356852758623
10,693000000,0.21791260246102784,-1.5058505184347173,2.3373358139591778,0.6363265414136443,0.6364687805221979,0.30845248228414074,-0.30798228891591795
10,726000000,0.21788553901507965,-1.5028910086037284,2.335316942153689,0.6365956895731681,0.6367264257674629,0.3079125337364372,-0.3074333396270835
10,759000000,0.21714646876098823,-1.5023166451597325,2.331396478742098,0.6366381162477912,0.636679834954136,0.3080486793977339,-0.3073055610049227
10,792000000,0.21828742425377656,-1.4947997889728115,2.33269098000837,0.6372579047261021,0.6375022481360911,0.3063602161916165,-0.3060010856525743
10,858000000,0.21798120816438366,-1.4903488045840234,2.326743253629528,0.6376567105432879,0.6378029304650409,0.30567393035076756,-0.30522907740455235
10,957000000,0.21728198064633183,-1.4854732730041205,2.316835064659529,0.6383180235045024,0.6384144501407227,0.30446475725663313,-0.3037734391112623
10,990000000,0.2170956064201892,-1.4833497751946834,2.3145207759351787,0.638979766176634,0.6390161002510345,0.30316371190678015,-0.3024153531481445
11,23000000,0.21860532057093898,-1.4760471472723597,2.316487596104524,0.6401378084024061,0.6405493278097333,0.3000655316376591,-0.29980130356499846
11,56000000,0.21783674507835277,-1.4759813472938152,2.3134148119835176,0.6411357490732135,0.6413020633083145,0.29831158858885776,-0.2978033091999152
11,89000000,0.2178505206483563,-1.4744596986089336,2.311422838873796,0.6422690684041299,0.6424126758188886,0.29588557129476295,-0.295377938272442
11,122000000,0.21721934324997616,-1.475282678752157,2.3071149719329664,0.6432613982523566,0.6432702750352294,0.2939733391321846,-0.293253819504533
11,155000000,0.21788002354186176,-1.4703912481807417,2.307537897661347,0.6447624192111675,0.6449150501349394,0.2903934452775062,-0.2898924763119446
11,188000000,0.21764271105723745,-1.4696955128295004,2.305072293615614,0.6460292313474537,0.6461310650179892,0.28765958778623546,-0.28707636722306235
11,254000000,0.21812592866261563,-1.4667462212133238,2.3017301543520605,0.6487657609821189,0.6489670590688255,0.28122621778320606,-0.2808140987418627
11,287000000,0.21060435865258487,-1.457402407573109,2.3185769311123106,0.6496444411763732,0.6537010861507866,0.27674765219103,-0.27211712004332334
11,320000000,0.21577114938568154,-1.4687070872503107,2.3009029369765104,0.6516782807023997,0.6516710741113455,0.27512721451980754,-0.27376129284086387
11,353000000,0.21660134366304473,-1.466996596189623,2.3004694913226027,0.6532360818687142,0.6533353801732605,0.27110729323958715,-0.27006728404413627
11,419000000,0.2159402403919908,-1.4665497903692526,2.2960362510848737,0.6556496470861359,0.6556713097321896,0.26544295678792673,-0.2641187432985087
11,452000000,0.21655751295728878,-1.4650993109705992,2.2940789609478855,0.6566269366236642,0.6566864591505526,0.26283209528553775,-0.2617694599382179
11,485000000,0.21724692029449943,-1.4632121078902682,2.292854811466454,0.6575274921384325,0.657503202387162,0.26051090506057767,-0.2597714462316615
11,518000000,0.21783183560409222,-1.4628961133654128,2.291165007785546,0.6580407765843345,0.6580447804456161,0.25904708540680216,-0.25856142562804685
11,551000000,0.21616751523309155,-1.4610535364002253,2.291917587401135,0.6586835015484122,0.658765750364303,0.25768687745896,-0.2564394745750558
11,584000000,0.21708623271798175,-1.4612590883780938,2.2900450437332958,0.6592704523090941,0.6592499454855322,0.25609337424410905,-0.2552805589106856
11,617000000,0.21706258569177111,-1.4613466287668067,2.288998483730146,0.659962708558553,0.6598599932233186,0.2544024992341456,-0.25360083012246026
11,650000000,0.2157349355614429,-1.4601037955874645,2.289504332434736,0.6607697599997532,0.6607219111100987,0.2525266006227698,-0.2511178934819173
11,683000000,0.21613414256799224,-1.4612546213555273,2.287566596647024,0.6614933321612805,0.6613519896009944,0.25064275955583853,-0.2494360127150976
11,716000000,0.21606849021716001,-1.459005938088143,2.2872062284619425,0.6623966155619843,0.6623357351091675,0.248157543512733,-0.24690065064141387
11,749000000,0.21640767234584438,-1.4592366543782016,2.2810717974554913,0.6627473871594642,0.6627058327438655,0.2470826301299323,-0.24604278885721884
11,815000000,0.21734051918117164,-1.4498842205283005,2.273236981793403,0.663917406572425,0.6639864596999648,0.24359816686804245,-0.24289008148498284
11,848000000,0.2175849024053542,-1.445566411134287,2.267235439745774,0.6643698623763613,0.6644505348537778,0.24229722616098737,-0.24168207813827391
11,881000000,0.2175829340570977,-1.4410807838778608,2.26041473079905,0.6648392784304948,0.6649460662015545,0.24096995283368952,-0.24035171047951037
11,914000000,0.21677869755384693,-1.4342488234938464,2.253724162567081,0.6655390202149445,0.6655741019947681,0.23927602736068218,-0.23836088197453903
11,947000000,0.21728816352172825,-1.4281989262420434,2.2448402169510726,0.6661176142083463,0.6662139753471542,0.23747243279447658,-0.23675537323616339
12,13000000,0.21849321698240876,-1.414871493444563,2.225461560302253,0.6672705319274586,0.667380791534787,0.23395710204558673,-0.2337027828548019
12,46000000,0.21795768263609058,-1.406186142063238,2.216380086602577,0.6678233232269882,0.6679200908526262,0.2324982337188891,-0.23203304184335102
12,79000000,0.2154754805311467,-1.403253822894774,2.2056649183077672,0.6689013604702073,0.667475256999016,0.23204753037354117,-0.2306549260318186
12,112000000,0.222484540439092,-1.4070032069717942,2.192249829615273,0.6681898371661797,0.6683929637832923,0.2308534913773539,-0.23125711446722377
12,145000000,0.21855278533084999,-1.3833749168147322,2.1785650671089165,0.6690966019829485,0.6691661265498239,0.228781401716245,-0.2284414641038861
12,178000000,0.2182981074267447,-1.3698246316454477,2.1658404422370174,0.6700154576230782,0.6698437577198264,0.22647074920455207,-0.22605226507303217
12,211000000,0.22793204140382628,-1.379730467729709,2.1362189318740654,0.6712370932113588,0.6674332026353101,0.2264521702142799,-0.22954977526101275
12,244000000,0.2283682861802828,-1.3711990754081087,2.1111111226929853,0.6727728257443618,0.6666551389753997,0.22500470339566073,-0.22873682271874793
12,277000000,0.21589910503768786,-1.3429177952412485,2.1197510273470983,0.6717930091420778,0.6716382624259221,0.22158181890025555,-0.22022192181110145
12,310000000,0.21661672148735497,-1.3278500223397853,2.1029808379265935,0.6726515315265137,0.6724788213286473,0.2188323401514595,-0.2177718046563988
12,343000000,0.2179183918833102,-1.3124684867007645,2.085655838639298,0.6734870675945529,0.6733517222162636,0.21593347331760152,-0.21537261449004796
12,376000000,0.21671159622136768,-1.3010951924474523,2.0648887931527136,0.6740584144463078,0.6739288236461335,0.21436961214450562,-0.21333275407701194
12,409000000,0.2174240496061163,-1.283742626803536,2.045053054718814,0.6750878777201424,0.6749821658083652,0.21091494263992988,-0.2101673622786322
12,442000000,0.21802517609237168,-1.2692372817072124,2.022694697193312,0.6760058034542554,0.6758674259482913,0.2078777702034398,-0.2073793839643748
12,475000000,0.21652158780089756,-1.2568622578021376,1.999310166997336,0.676836510450733,0.6766460533305374,0.20555125876408067,-0.20442880583123463
12,508000000,0.21695214454556255,-1.2422902604801789,1.9759569348586876,0.6776671617520759,0.6775343658097671,0.20259807416653683,-0.20166413011156162
12,541000000,0.21733703450325792,-1.2259863530900441,1.9536332632278597,0.6785548102227941,0.6784419373112789,0.1994823749245962,-0.1987125796603471
12,574000000,0.21631295839952733,-1.2127440768934812,1.9305477332379366,0.679369533207975,0.6792714354038877,0.19689379472141658,-0.19565323404769253
12,607000000,0.21975969146717264,-1.1960313031480632,1.9077991289527163,0.6806792134282726,0.680215478351169,0.19211520164631596,-0.19254729474743087
12,640000000,0.22081566781518405,-1.1842357650063176,1.8886752336598505,0.6805739237130918,0.681870664737919,0.18924100670920485,-0.1898930549317748
12,673000000,0.2171003980741552,-1.1616038944070697,1.8631495382539918,0.681330911066038,0.6828978608804035,0.18665065221586088,-0.18601138475449683
12,706000000,0.248337709556285,-1.118012550758241,1.8582281257141613,0.681814336312042,0.6854281235232323,0.1774207816489346,-0.18395478934203224
12,739000000,0.21165492128791952,-1.0992175065532954,1.8369248641990625,0.6837950641060513,0.6847736690436644,0.17935454047515978,-0.1770346895374561
12,772000000,0.20497462646043393,-1.0971830932690472,1.8033031300445426,0.6841084665102753,0.6845675018583521,0.17996428954369378,-0.17599942027577334
12,805000000,0.21911911190133326,-1.1075901809710724,1.7604932625256846,0.6838006812764529,0.6839859001231762,0.1796718482275977,-0.17971628661038658
12,904000000,0.22014148495314748,-1.0656125276929258,1.68723686419231,0.6857951308488095,0.6860194474440477,0.17168225830492878,-0.17201034392136885
12,937000000,0.21670587594201837,-1.061016048308154,1.6613144788195537,0.6863781249170771,0.6866286520619265,0.16978353597161452,-0.16911450179069454
12,970000000,0.22056800987629727,-1.046469053426389,1.6361074422071755,0.6872125432830425,0.6876527577787829,0.165371224809054,-0.1659064889594148
13,36000000,0.2180295477987588,-1.0231638907243765,1.586986037112156,0.6888933045642223,0.6891317004774011,0.15899952674665088,-0.1588794033789536
13,69000000,0.21626690811945834,-1.0129417681342165,1.5619248631985934,0.6894565208083159,0.6897026733758803,0.15678639893903826,-0.15613440799767594
13,102000000,0.218333462890605,-1.0032634806686842,1.535449824192491,0.689756450350269,0.6899475266477739,0.1552626773127,-0.15524802963808795
13,135000000,0.22157640088323205,-0.9813942775085185,1.51162238251108,0.6903416333004729,0.6906325478654488,0.1518935170393904,-0.15291655450708586
13,168000000,0.21892339844268446,-0.9775611085445232,1.4844582655949043,0.6904722752750772,0.6905905233989461,0.15208858592409896,-0.15232146303011887
13,201000000,0.2181930807260117,-0.969968628300092,1.458348382984436,0.6905670523879321,0.6908033569635729,0.15149289857951306,-0.15151821621204206
13,234000000,0.218363296389441,-0.957043926070841,1.4340559472683017,0.691073619197752,0.6910781129806273,0.14965561120879986,-0.14977146804974742
13,267000000,0.21654174919211866,-0.9471129722293703,1.409957345291203,0.6912762273383419,0.6915538684744036,0.1483687499460248,-0.14790922403423765
13,300000000,0.2206004269647619,-0.9330611657544862,1.38468332892286,0.6918272699115461,0.6919397851281487,0.1454875766583147,-0.14638212801308528
13,333000000,0.21754682933462421,-0.9225785113340752,1.3600345578270538,0.6921021003991957,0.6923487296273663,0.1443487824244556,-0.14426138852434103
13,366000000,0.21771571334365777,-0.913855916266808,1.3350085159072977,0.692319446689611,0.692671252636352,0.14301693655621595,-0.14299117233120864
13,399000000,0.21754874643397734,-0.9024072612023711,1.309964461372797,0.6926777741987805,0.6930334560835704,0.14127741397862575,-0.14121905742284646
13,432000000,0.21808438385920106,-0.8920333008467157,1.2848452303532782,0.6929852541343726,0.6933184265893799,0.13971680352600552,-0.13985782679714848
13,465000000,0.2167745698690161,-0.8852984286912512,1.2590762737407024,0.6932338278978541,0.6934433631908697,0.13900662115043128,-0.13870948482697362
13,498000000,0.21757567626924543,-0.8718636619231466,1.2340697071278486,0.69354831085983,0.6938282405859447,0.1371034704345639,-0.13709759831480556
13,531000000,0.2183637334560103,-0.8610849360750984,1.2087777549865215,0.6938757471043294,0.6941560993132306,0.13528472909136374,-0.1355794949147005
13,564000000,0.21598669354061475,-0.8548748613020966,1.1832940054870895,0.693959323938467,0.6943512624956044,0.1349929072896901,-0.1344384467743635
13,597000000,0.21706388288578474,-0.8433811469964263,1.158390047093085,0.6942692166057216,0.6946740126592311,0.133161612935285,-0.1329896832467598
13,630000000,0.21614683798907175,-0.8348321303100056,1.133571568390554,0.6945453477073003,0.6949097421289483,0.13197385588391441,-0.13149186908533889
13,663000000,0.21760019475889275,-0.8233869776520124,1.1106290210552765,0.6950337384243216,0.6954204712053949,0.12904309257595398,-0.12909822205906707
13,696000000,0.21670706705524623,-0.8171902890559487,1.087883153073712,0.6954592182520409,0.6957789355513079,0.12708561013692568,-0.12679667301421851
13,729000000,0.2177292390464523,-0.8103191218719807,1.0660288325375635,0.6958700533102696,0.6960358927665091,0.12503650294978247,-0.1251590101302353
13,762000000,0.21926268703456833,-0.8001997258165661,1.0450582035554121,0.6961691906615055,0.6966451708494564,0.12217906775295127,-0.12290744204016316
13,795000000,0.21704196605643658,-0.797425446984972,1.023656678455411,0.6964772536503122,0.696823172318461,0.12122655266398466,-0.12108271799460552
13,828000000,0.21745774372546894,-0.7889626388008693,1.0034834501304655,0.6969572646650886,0.6972188544490551,0.11859655396903965,-0.11862250047092177
13,894000000,0.2171595674298748,-0.7758891732561697,0.9635260180732775,0.6976215782672511,0.6980024031694545,0.11431777763018697,-0.114228824835377
13,927000000,0.21677551432990397,-0.7721121445292185,0.9436596882398508,0.6979325273916439,0.6983143982187419,0.11248100841771022,-0.11222838854070664
13,960000000,0.2170060179414033,-0.765231807369036,0.9249824634251647,0.6984037630759319,0.6987817918288334,0.10946584870300571,-0.10933169301530644
13,993000000,0.21651611694659606,-0.7621792122383017,0.9066737041273679,0.6988328366260652,0.6992318038377947,0.10672812588946907,-0.10637978237913791
14,26000000,0.2181570727862326,-0.7547778683814925,0.8885196505470584,0.6994929638784249,0.6997883841647577,0.10229944802769189,-0.10266758887732612
14,59000000,0.21756422840086784,-0.7518735415101354,0.8689359613180756,0.6998765706833688,0.7002355301434262,0.09954280999463488,-0.09967054284799592
14,92000000,0.21695081646005468,-0.7460588774851052,0.8489651717453228,0.700337371120443,0.700714330294129,0.09632407034150828,-0.09616999222939171
14,125000000,0.21763841654475727,-0.740448062453295,0.8276617220537266,0.7007680164907832,0.7011643101240913,0.09290208603870465,-0.09306986451820856
14,158000000,0.21675217079743975,-0.7418067306234523,0.8049973597351361,0.7009774850654248,0.701547010631463,0.09082351114086587,-0.09062807031739883
14,191000000,0.21896336317495152,-0.7345270538974608,0.781319021829339,0.7016161016047754,0.7018420986071502,0.0867246802068855,-0.08735756655632353
14,224000000,0.21695563916841926,-0.7314176863422539,0.7580718997181993,0.7018030684482071,0.7023619617892622,0.08419522407359178,-0.08409097449440046
14,257000000,0.21687536867341403,-0.7266009041866016,0.735039092508191,0.7022133973245527,0.7027346879359248,0.08087859582251243,-0.08074005032997668
14,290000000,0.2179704192255996,-0.7213587789596757,0.7112426999802087,0.7026594581810768,0.7030823484192049,0.07713201649015422,-0.07743093181780795
14,356000000,0.21798066242190717,-0.716125719890281,0.6608631677929917,0.7031719694873825,0.7038764273875089,0.0709568799242167,-0.07121992338421203
14,389000000,0.21719058076735964,-0.7140156028122169,0.6369894380033699,0.703473551411913,0.7042136093930281,0.06785057695892446,-0.06785612732757017
14,422000000,0.21724768234640476,-0.7129974169847078,0.613456403444843,0.7037711017269225,0.7044194921589385,0.06518760500286841,-0.06519195958557297
14,455000000,0.21725280165574623,-0.7059269775625107,0.5882272557615321,0.7040579085496327,0.7047461745374083,0.06177308513717226,-0.061801107079418195
14,488000000,0.21833974543924278,-0.701388932867058,0.5615150712145427,0.7043986055511893,0.7048926484648473,0.058726566033895304,-0.059162057770331664
14,521000000,0.21711377766674672,-0.7004006731105901,0.5352607776775516,0.7044376130649982,0.7051825339070544,0.05693803782039419,-0.056950004573112535
14,554000000,0.2222102344202555,-0.682312073422568,0.5057555199354146,0.7050848706282251,0.7053596950115365,0.05059376819955205,-0.052567066532015164
14,620000000,0.21789999825499246,-0.6892091034158766,0.4474833472293114,0.7050359891151001,0.7057762468108377,0.04887358755016674,-0.04914789853163919
14,653000000,0.21539260574905206,-0.6853897757816155,0.42037098556631974,0.7050910308926416,0.7060616389486691,0.046743001673638956,-0.046245993928224635
14,686000000,0.21656993571184974,-0.6837888652559941,0.3927325360486003,0.7053007228746853,0.7061139402249187,0.044520332394359576,-0.04440646052076496
14,719000000,0.2182309996642075,-0.6798062820124755,0.3650485099633643,0.7054863380291031,0.7061890891140058,0.04211382833889857,-0.04257255845328899
14,752000000,0.2193262229361913,-0.6746776546249181,0.3369706725565493,0.7056992281947421,0.7062243743299317,0.03980597406192849,-0.040635167732186825
14,818000000,0.21764753634351033,-0.6691470188835231,0.2823348838376505,0.705699423253807,0.706564355943372,0.03693155130787467,-0.03729873251956428
14,851000000,0.218382763652923,-0.6631321992599242,0.2542808611075058,0.7058973656803883,0.7066029881698525,0.03447440962519845,-0.03510899195245676
14,884000000,0.21558166586732183,-0.6684751672267222,0.22802087786769573,0.705779328952121,0.7067472328048198,0.03467530075368224,-0.03437311833781469
14,917000000,0.21756642618333547,-0.6642784964180477,0.19924700183267544,0.7060519009737004,0.7066578692846796,0.032397680906603096,-0.032798767985011086
14,950000000,0.21944537313477577,-0.6538010359086734,0.16996202630358895,0.7062058782427892,0.70677759614672,0.028911068094952676,-0.03004725048991462
14,983000000,0.21778920446232747,-0.6629619877855979,0.14435871298074754,0.7061767912151946,0.7067861115430911,0.02945276133538897,-0.03000444847900555
15,16000000,0.208730970401334,-0.6657718858411553,0.12543315545772948,0.70433095270674,0.7087134555113007,0.029223874486880172,-0.028091140888595288
15,49000000,0.21188088573548508,-0.6614247025750498,0.09553774987832767,0.7050323007154659,0.7082169276724039,0.026280017843715593,-0.025837936609798395
15,115000000,0.21801776487202285,-0.6573481040817484,0.043398119518858524,0.7066132486499183,0.7069413492274956,0.021195875545051306,-0.02196316108158073
15,148000000,0.21968027335077295,-0.6535426515985173,0.019419822125146157,0.7067935948777281,0.7069228335624406,0.018099876859241658,-0.019373076305750855
15,181000000,0.21883910468020398,-0.6524911208803634,-0.0029717016254719513,0.7067029554528236,0.707142202875567,0.015567692494280447,-0.016687858368840736
15,214000000,0.2177432021056257,-0.6514870845046284,-0.02339845117185905,0.7067824932462249,0.707173037398214,0.013127161011609977,-0.013873718369986542
15,247000000,0.219055473307877,-0.6501585481248259,-0.04427554835858839,0.7068111059088564,0.707233286640031,0.010313422625329728,-0.011522679635852974
15,280000000,0.21865774215843017,-0.6516694718412339,-0.06413702112094032,0.7067741603135098,0.7073337672413581,0.008055150571742751,-0.009183821783335109
15,313000000,0.21732524165940045,-0.6553676279533157,-0.08365950646302267,0.7068104869072522,0.7073488762144429,0.005829546020100996,-0.0065206831925365
15,346000000,0.21687740354334586,-0.6568316589424574,-0.10380607631960523,0.7068277931101615,0.7073745011054356,0.0025170706577976334,-0.0030741548689766185
15,379000000,0.2173593173445349,-0.6519943494550398,-0.12606590459535338,0.7068449695230451,0.7073618474321849,-0.0025031410476821984,0.001772044634677261
15,412000000,0.2195616512211648,-0.6513875581634387,-0.14747513204850177,0.7068656518499054,0.7072853841473999,-0.007349379898251707,0.0058585169953316325
15,445000000,0.21767627226891956,-0.6547602310087487,-0.1668221225574383,0.7068044029238274,0.7072451916448067,-0.011180060047267066,0.01033349699434049
15,478000000,0.21703931263237544,-0.6559427286088678,-0.18650052228972097,0.706618289015384,0.7072723662999029,-0.015443928382092851,0.01476071047192728
15,511000000,0.21730148302298732,-0.6594594730271299,-0.20691072445716238,0.7065436467618704,0.7071785024310238,-0.01902779292854169,0.018236886141015065
15,544000000,0.21691426009445,-0.6606840173010106,-0.2287784717992488,0.7063856254156083,0.7071161223328457,-0.02277543170389315,0.022077532784743687
15,577000000,0.21698292796376262,-0.6614215986874548,-0.25069539931503815,0.7062966171656438,0.7069565588409328,-0.02641206606186538,0.025688815825150854
15,610000000,0.21769121710147163,-0.6621285217124658,-0.27222601165210353,0.7061994825729835,0.7068163464421989,-0.029582445802807143,0.02859758934029154
15,676000000,0.21634375856488966,-0.6689643752039176,-0.31382496806631244,0.7058551233337051,0.7067395189143475,-0.03411575668664666,0.03352480296696987
15,709000000,0.21766854113392842,-0.6690539758425353,-0.33747145856821326,0.7058464440537936,0.7064332506255713,-0.037477324027269124,0.03644598758380498
15,742000000,0.21753921834300435,-0.6736679287786498,-0.36091054585774707,0.7056840227364863,0.706356819726773,-0.03969029716672024,0.038662431257576096
15,775000000,0.21782691405254304,-0.679031444809102,-0.38551602318062805,0.7055820206734227,0.7062320513057384,-0.041747120541280235,0.04058915788003826
15,808000000,0.21748758510491925,-0.685388146043339,-0.41013996351336285,0.7055655655905486,0.7060397225658736,-0.043417342494993794,0.042427316467884266
15,841000000,0.21711800571760087,-0.6889040089439349,-0.43724174834540924,0.7053072031323581,0.7060255025075466,-0.04556822726967821,0.04464611609172727
15,874000000,0.21843029961939892,-0.6929203180050668,-0.46491635081294297,0.7053429751755972,0.7057089576783582,-0.04795256746576655,0.046547886057300245
15,940000000,0.21652239315145524,-0.7016618451887926,-0.5157002872654404,0.704933116104949,0.7056641561641004,-0.050894750990880415,0.05017095619330745
15,973000000,0.21752132776114558,-0.7048066789189137,-0.5421823245359605,0.7048619461063795,0.7054687682126032,-0.05293604116166033,0.051780590512767365
16,6000000,0.21662660860366112,-0.7096274879405028,-0.5675775312738378,0.7047072711896626,0.7054025291924617,-0.054228902408775204,0.0534243379447714
16,39000000,0.21678601154133142,-0.7138451753709072,-0.5951191207995702,0.704549766548549,0.7052932273846461,-0.05599958054478122,0.055092076023181134
16,138000000,0.21643488799279198,-0.7299459732393381,-0.6709251316092099,0.7042320435950579,0.7048011483777518,-0.06085203664523594,0.06007994387029616
16,171000000,0.21680861129631462,-0.7354037271428342,-0.6942875013983469,0.7040484426888957,0.7046834984472025,-0.0626918554755935,0.06169836805442915
16,237000000,0.21649215898254387,-0.7460623569014487,-0.7373142482104886,0.7036436351568942,0.7043930822426284,-0.06646256856258155,0.06556483334826266
16,270000000,0.21593987159037184,-0.7494809104757096,-0.7572797982332204,0.7035208644857164,0.7040295148179228,-0.06883685933408835,0.06828120016175598
16,336000000,0.21731813797224883,-0.760691620146484,-0.790337646360325,0.7031193950868339,0.7036892701459655,-0.07278771649823146,0.0717389410371822
16,369000000,0.21832371263403347,-0.763564054965954,-0.8054857016694296,0.7029969934561855,0.703332520556895,-0.07526263418302016,0.07385207251311132
16,402000000,0.21784608377850512,-0.7673722036827648,-0.8189695786421447,0.7027109679743806,0.7031743533504541,-0.07725503200528028,0.0759920016090053
16,435000000,0.21754367283145729,-0.7717668291523683,-0.8320986677569225,0.702460210359042,0.702939276011492,-0.07939548476026034,0.07824566507132127
16,468000000,0.21834155948822603,-0.7725768610322353,-0.848056065415518,0.7021794328154374,0.7025108221480385,-0.08265412501773932,0.08118426272024493
16,501000000,0.21873839226346767,-0.7814492513309989,-0.859368971148543,0.7021624566699893,0.7022458787053374,-0.08390619983376124,0.08233079565989178
16,534000000,0.21732067298630936,-0.7831436977500006,-0.8731010747283326,0.7016126731197659,0.7021600389219755,-0.08632137469663187,0.08520303356870723
16,567000000,0.21846596554396674,-0.7884027623633717,-0.8870685810208465,0.7015706009068196,0.7017127765619199,-0.08849580361858625,0.08698484865139555
16,600000000,0.2185515053864336,-0.7931311858100472,-0.9028077800102204,0.7012894529963017,0.7014316813992028,-0.0907442523821605,0.08917499708572023
16,633000000,0.21692062138025284,-0.7929891604303512,-0.9203651734981312,0.7006122421582849,0.7012658224108959,-0.09369133237144861,0.0926858494850933
16,666000000,0.22725587979136624,-0.7833869441626518,-0.9458291052148541,0.7011519989237648,0.6991136752986649,-0.10144079832487375,0.09662146682189483
16,699000000,0.2361814417757149,-0.789625385361335,-0.9629139343696951,0.7022442088657876,0.6973627551667058,-0.10530795968386385,0.09720335615598318
16,732000000,0.23787441130913384,-0.7977092492480782,-0.9775079515559589,0.7025916726454835,0.696554653668543,-0.10716541953536028,0.09844861013609182
16,765000000,0.2238542157480092,-0.8111238202181064,-0.9932526807333848,0.6998414105691345,0.6995879569368368,-0.10352710895665616,0.1004033279957555
16,798000000,0.22064917725110014,-0.8246558716971455,-1.0046398531277223,0.6995667146020641,0.6996562139261914,-0.1037704037943327,0.1015839427847879
16,831000000,0.22024432672983058,-0.8366562954941139,-1.0174254695275031,0.699430021391993,0.6995231445551785,-0.10462848412916029,0.10255679263737381
16,864000000,0.22109942514400563,-0.8336887185513843,-1.0377038821427191,0.6988090876335906,0.6988127024968075,-0.10917108940711544,0.10680982683012362
16,897000000,0.22257745944662324,-0.8409742836543038,-1.0540699100017912,0.6983863561976064,0.6981953745124518,-0.11271721995160866,0.10988423368631182
16,930000000,0.21961172618185487,-0.8521273991801349,-1.0685092392019993,0.697869891287657,0.6979756758471606,-0.11455850035674409,0.11262291399119032
16,963000000,0.22043081769910836,-0.8564164669474837,-1.0867859148809484,0.6974056429921447,0.6974569529718919,-0.11768304623030419,0.11545504971127817
16,996000000,0.21910283417197052,-0.8688440261834637,-1.1009214491605654,0.6971658869719407,0.6973053565137698,-0.11864520146598215,0.11682586181547293
17,29000000,0.2210900182852974,-0.8694225899299393,-1.1212284579964515,0.6967219739402919,0.6966851008170073,-0.12209420339925527,0.11958832227538292
17,62000000,0.22192777337589367,-0.8692210985282933,-1.1408790266585447,0.696208355134797,0.6961572890430207,-0.12521156874347766,0.12239696975648569
17,95000000,0.22057620774636358,-0.8830414132123998,-1.1545986851990921,0.6960688234847622,0.6961309159724907,-0.12548086853713156,0.12306296124751515
17,161000000,0.2193813554635392,-0.8992920532666793,-1.1857797114300568,0.6954999374011,0.695635979528557,-0.12824684001807118,0.12618704008649365
17,227000000,0.2191633100284547,-0.9125092599596679,-1.2193757587024607,0.6948871027186234,0.6950208744617439,-0.13155549835963076,0.12950308640762065
17,260000000,0.22041958750048296,-0.9183742111650636,-1.2371835369020385,0.6945816687851908,0.6946749099797818,-0.1335217797560365,0.13097713221376578
17,293000000,0.22025286071546568,-0.9228590445468752,-1.2553756568883656,0.6942167490220383,0.6942902283841151,-0.13546456784151772,0.13294184821611493
17,359000000,0.21974173933307714,-0.940223404412474,-1.291881657671628,0.6937245668209635,0.6938818653823567,-0.13772849486272373,0.1352961344067753
17,392000000,0.20528988915990246,-0.9551498945402798,-1.294677614703495,0.6909062130855702,0.6971492727347509,-0.13600896643578828,0.1346590408930393
17,425000000,0.20840925534285454,-0.9629443110036039,-1.3189310501372078,0.6909338336661289,0.6963634503984031,-0.13823137354467158,0.13631019702359196
17,491000000,0.22030237105217793,-0.9778087047965639,-1.3709532125610218,0.692740618316949,0.6926656014381476,-0.14338570013201518,0.14058926458244414
17,524000000,0.21973231850480754,-0.9858042507420135,-1.3903913840506916,0.6924089719576167,0.6924172017404878,-0.14473999331059978,0.14205128870558187
17,590000000,0.21875231420571586,-1.0065380493270684,-1.4227839137122504,0.6920381640832993,0.6920170993483881,-0.14646067873450797,0.14403049415414415
17,623000000,0.21871252237870073,-1.0123478654130764,-1.4401098461646598,0.6917431629628545,0.6916661398777649,-0.14797603911517118,0.1455762318804934
17,656000000,0.21802851403658707,-1.0204928503058275,-1.4547392767388563,0.6914729143671364,0.6914682286334054,-0.14899607549178215,0.1467551258908755
17,689000000,0.2188888498176925,-1.0265847821050114,-1.4715187522003577,0.6910994600617137,0.691187844431185,-0.1507060977566143,0.14808299062334465
17,722000000,0.2182219253316651,-1.0355744033023968,-1.4844020247564633,0.6909455441622528,0.6909821690180467,-0.15141948344020423,0.1490303228747279
17,788000000,0.21886266514914857,-1.0460741447049358,-1.511860358946523,0.6903731855786066,0.6903920498373426,-0.15419252599591607,0.1515531163732304
17,821000000,0.21912980349648908,-1.0491626059977446,-1.5233184648970566,0.6900700939068037,0.6900584007460878,-0.15567131038389315,0.15293499330947313
17,854000000,0.2178969856425534,-1.0567135519831012,-1.5303004361859482,0.6899162726240056,0.6900120421934733,-0.15594405794625726,0.15355900881369902
17,887000000,0.21728479614260987,-1.0614428076895692,-1.5390137669830246,0.6896630226032092,0.6898342373638405,-0.1568303575702549,0.15458938889471022
17,920000000,0.21856237467162243,-1.0628784950423127,-1.5497977984717903,0.6893895870314863,0.6893901559152351,-0.15859152996944115,0.1559869765130304
17,953000000,0.21764512253781623,-1.0689662620393778,-1.5561463754132108,0.6892381539450185,0.6892658678763205,-0.1590534436203304,0.15673331681451855
17,986000000,0.21926555342453935,-1.0715014152524494,-1.5662991062389469,0.6889045664626334,0.6889105118461047,-0.16083769374886717,0.15793682675175777
18,19000000,0.2180868012885553,-1.0765067559307027,-1.5731764846007255,0.688670908734092,0.6887126270573348,-0.16157326420655604,0.1590640659884655
18,52000000,0.2175505008780379,-1.0834355382267353,-1.5804400680851312,0.6885213937266589,0.6885992781541735,-0.16205511795464164,0.1597105608623223
18,118000000,0.2181057544733486,-1.0899851164628847,-1.6033858732976056,0.6878646498867206,0.6879954591095667,-0.16486435449860373,0.16224739226438953
18,151000000,0.21809424506264963,-1.0955258780635762,-1.6122534401983226,0.6876497590375781,0.6878070733350539,-0.1657274494442575,0.16307559985028305
18,184000000,0.21720483422555809,-1.1044066512061363,-1.6175590350857838,0.6876386841607534,0.6877760288286286,-0.16565865294631885,0.1633229466988648
18,217000000,0.21674247193605659,-1.1099589219413148,-1.6260805260080868,0.6874581151367478,0.6875917296717409,-0.1663444399737379,0.16415992357904263
18,250000000,0.2178951793920325,-1.1129858392416314,-1.63712239023403,0.6871464431655695,0.6872838027274861,-0.16784690545868206,0.16522153758301925
18,283000000,0.21857637377282346,-1.1171560887851195,-1.6466473890303692,0.6869530068207571,0.6869656113383243,-0.16899612680669496,0.16617498121804805
18,316000000,0.21757262961513713,-1.1245985258295186,-1.653642575589469,0.6868129729252345,0.6869422379893454,-0.16919256044303455,0.16664987062257505
18,349000000,0.21654400600171053,-1.1286249555009333,-1.6628676907037465,0.6865512718271971,0.686721542186287,-0.17000242422206396,0.16780956590244525
18,382000000,0.21612101824915061,-1.1361274047043994,-1.669673434814814,0.6864330832547257,0.6866950897851837,-0.1702524958615004,0.16814744580652755
18,415000000,0.21758162755019245,-1.1377275420561213,-1.6825440834285297,0.6860739901659216,0.6862471159383692,-0.17214217377250218,0.16951238271276572
18,448000000,0.2158107262365399,-1.1456243555107655,-1.688803653750367,0.6860397603350092,0.6862074238941317,-0.1719710231233315,0.1699846635375593
18,481000000,0.2170391405071974,-1.150164662996404,-1.698557229720997,0.6858327145240669,0.685963294652674,-0.17309950705258548,0.1706587435086481
18,514000000,0.21823636157276477,-1.1524677232720635,-1.7103537014716315,0.6855017655332967,0.6855828675171186,-0.1747326944406349,0.17184861568035387
18,547000000,0.21677082966199632,-1.1593009062278994,-1.7171290933517833,0.6853834946969753,0.6855496491703076,-0.1747871861840499,0.17239658716254147
18,580000000,0.21657375718958263,-1.1650895634757141,-1.725729736066126,0.6852219488341925,0.6853923922260384,-0.17539478783560986,0.17304571047743714
18,613000000,0.21679532385362477,-1.1702842304946217,-1.7341321176087108,0.6849792346564995,0.6852350027226165,-0.17625138084146505,0.17375813616809124
18,646000000,0.217124428410221,-1.175164944809733,-1.7432423469316558,0.684755695427469,0.6850174738924286,-0.1771867238883175,0.1745438710450885
18,745000000,0.21721934407249402,-1.1864713983019022,-1.7643533046801798,0.6842599137585484,0.6844079057407155,-0.17932979762941192,0.17667770845510183
18,778000000,0.21553637968111597,-1.1926252147122183,-1.765732275318835,0.6842795296748047,0.6844710149504283,-0.1788582602220441,0.17683517102404245
18,811000000,0.21623568303720864,-1.1932055525578198,-1.7732036384186518,0.6839179269437866,0.684227993068652,-0.180191951510978,0.17781783745401838
18,844000000,0.21612164334066114,-1.1959791994080302,-1.7786225298282836,0.6838054220178535,0.6840059541700082,-0.18078573564572042,0.17850074864268073
18,877000000,0.21634287845453,-1.1997388249837024,-1.7828254516181814,0.6836770954618729,0.6839389808053359,-0.18121991504714471,0.17880839484230404
18,910000000,0.21606217078432532,-1.202795245692584,-1.7874208433984722,0.683541766676113,0.6837904240476317,-0.1817045179166549,0.17940116320340385
18,943000000,0.2160478503504515,-1.2050416457912398,-1.792639077447294,0.6833511914503639,0.6836130847293369,-0.18240266032160074,0.18009322318680243
18,976000000,0.2160995182457424,-1.208774279880251,-1.7968487611515107,0.6832607586003182,0.6835075094074327,-0.18278652170238963,0.1804475209708023
19,9000000,0.21747160207206442,-1.2103544318021608,-1.8030332575741002,0.6829983652536267,0.6833190802090809,-0.18392627726066382,0.180995558553581
19,42000000,0.21640932434803772,-1.2154558567035632,-1.8051801400883296,0.6830574980005479,0.6832734985607967,-0.18366676236011167,0.18120789440274038
19,75000000,0.217153912182806,-1.2171642142863517,-1.810245234647445,0.6828489359602999,0.6831022423646538,-0.18453537148393073,0.18175630334476933
19,108000000,0.2169643506891342,-1.2188079841651798,-1.8137465013357725,0.682741034250806,0.6829077062756648,-0.18503863545715665,0.1823799557177366
19,174000000,0.21676220979587607,-1.221975584168959,-1.8163333245372668,0.6825371815203604,0.6827522585815735,-0.1856782835210143,0.18307354880673732
19,207000000,0.2169252398275422,-1.2232918805804531,-1.817393060093041,0.6824542201001891,0.6826736411092489,-0.186012153590795,0.18333689186466964
19,240000000,0.2168155327813026,-1.22253421817343,-1.8202749034750678,0.6822785006971818,0.6824257761499954,-0.18675316424199825,0.18415852730211346
19,273000000,0.21748548584117244,-1.2211455799740492,-1.823768331978361,0.6820357339746769,0.6821914469300586,-0.1877652279072037,0.1848953934149057
19,306000000,0.21717501281230828,-1.2240097324056898,-1.822754140242144,0.682073540264167,0.6822365431696701,-0.18755409862540182,0.1848038011627943
19,339000000,0.21668640365724454,-1.2255382627673224,-1.8231493187284542,0.68202619488027,0.68219930103106,-0.187617431380739,0.1850515674399079
19,372000000,0.21668462272520622,-1.225552631740355,-1.8250125061562419,0.6818713366691599,0.6820714360545836,-0.1881413693726615,0.18556093737107276
19,405000000,0.2159329509113982,-1.2289628806017783,-1.8232410623880173,0.6819421464152366,0.68216189338723,-0.18769749485121992,0.1854176652304356
19,438000000,0.21693510824641918,-1.2290954591206564,-1.8254654529982945,0.6817524299085485,0.6820559209308681,-0.1884651885073916,0.18572619028507667
19,471000000,0.2158536286984363,-1.2297989651389865,-1.8262758761845248,0.6816953464344235,0.6819140248086916,-0.18858379888701843,0.1863353649101615
19,537000000,0.21730659880142209,-1.2300428310802936,-1.8305064445421608,0.6813526672079816,0.6816238971680246,-0.1900438145353102,0.1871650454943774
19,570000000,0.21579963115303355,-1.2331337303874457,-1.8289108078917884,0.6814174998208042,0.6816641806169793,-0.18954089797688659,0.1872922416862538
19,603000000,0.216165959963234,-1.2323407067897114,-1.831799227562518,0.6812139976764872,0.6814249664315514,-0.1904038292620922,0.1880262915012425
19,636000000,0.21761301387497775,-1.2317792616789571,-1.8348639405042713,0.6809595438358376,0.6812396569495471,-0.19150807450594579,0.18849744522718742
19,669000000,0.21607667364476252,-1.2358465475991098,-1.8324565222922553,0.6810972622249891,0.6813220633291355,-0.19078542422672176,0.18843483572095582
19,702000000,0.2160711437947825,-1.2351242367564415,-1.8352207934337876,0.6808706829788972,0.6811263251552696,-0.1915479201713211,0.18918624822742588
19,735000000,0.21694025200171974,-1.2347313042892945,-1.8379705315238013,0.680653963529884,0.680929110201126,-0.19246894554284094,0.1897404380025232
19,768000000,0.21684571967941524,-1.23632163420504,-1.8386035409070947,0.680582687539775,0.6808848508982154,-0.1926648657912883,0.18995598102738734
19,801000000,0.21541213240670246,-1.239279684205402,-1.8375200453927412,0.6806241767643397,0.6809152593860883,-0.19224334128907053,0.19012531990520026
19,834000000,0.21723270357132593,-1.2388333733337185,-1.8411223845702387,0.6803676319099586,0.6807470478297794,-0.19339506316079824,0.19047753637976894
19,867000000,0.21557787475022472,-1.2414900199620715,-1.8403205058484675,0.6804413673364819,0.6807089822954255,-0.19296300103879294,0.19078812140615012
19,900000000,0.21608888486056668,-1.2413629071079046,-1.8432932108014783,0.6802418716474151,0.6805421644821705,-0.19372658717344263,0.19132006648983418
19,933000000,0.21668698983780682,-1.2423975830085958,-1.845161441490713,0.6800753570806883,0.68048772362842,-0.19426992600303505,0.19155459413274487
19,966000000,0.2155053794354314,-1.2446481747779643,-1.8457446274867442,0.6801018617462725,0.6804127829579203,-0.19409093129312824,0.19190782377609908
19,999000000,0.21626120843410923,-1.2458569228386818,-1.847949406338136,0.679973134284529,0.6802936304777661,-0.19468414541081136,0.19218531813933298
20,32000000,0.21610114222908808,-1.2470429827249114,-1.8504140242713656,0.6797634346297713,0.6801357137089941,-0.1953131526608226,0.19284671704642553
20,65000000,0.21573084696719982,-1.2486843441361117,-1.8527808042680287,0.67974685745711,0.6799670622239268,-0.19552021564069377,0.19328954794184441
20,98000000,0.21638754901229068,-1.2497209505631572,-1.8563228007309809,0.6795782467235381,0.6798561080554418,-0.1961642606338402,0.19361988991280946
20,131000000,0.21593504747487038,-1.2526843815982178,-1.8571924453311965,0.6795311625156085,0.679928713887817,-0.1960589609791178,0.19363684313898977
20,164000000,0.2157699120566541,-1.2544461595372802,-1.8592086757990192,0.6794906265833538,0.6798217286751504,-0.19626137297144283,0.19394942404105212
20,197000000,0.21641460133293167,-1.2536404787064417,-1.864509072390584,0.6792274757429194,0.679558332700833,-0.19731870070834132,0.1947198988381458
20,230000000,0.21596889823609303,-1.257856411418599,-1.8638974366070455,0.6792794961652314,0.6797240913376255,-0.19687560545003852,0.1944081318346268
20,263000000,0.21580428040070918,-1.2587599719407736,-1.8668828031972675,0.6792030732136571,0.6795422251052009,-0.19726239627779654,0.19491817937518685
20,296000000,0.2166953002894524,-1.2582054847834176,-1.8711359171310935,0.678994355474615,0.6792954052456353,-0.19822976777739154,0.19552334083863718
20,329000000,0.21515391417835744,-1.2630753319877528,-1.868904946401873,0.6791602949665174,0.6795036932196377,-0.19727579990120522,0.19518781574474733
20,362000000,0.21668744029922637,-1.262675444220411,-1.872962980221465,0.6789557711275641,0.6792878881163775,-0.19831750295664236,0.1955944629380104
20,395000000,0.21633553657647014,-1.2636889018537592,-1.874558651366618,0.6789309080958974,0.6791415044155628,-0.19850671252958507,0.1959967451080329
20,461000000,0.2161555112293052,-1.2662613018514386,-1.8781066564625883,0.6788014684796073,0.6789925953493067,-0.19894733041447596,0.19651356587191343
20,494000000,0.21664305955385396,-1.268630844875991,-1.8786795935891272,0.678776874643011,0.6790429096638426,-0.1990240501830889,0.1963469091527753
20,527000000,0.2165035204901685,-1.2684523865981885,-1.8818722998271742,0.678615360119032,0.6788624792568145,-0.19957680373971948,0.1969670700316304
20,560000000,0.21708385026640012,-1.2705155913062074,-1.8828599159273243,0.6785933167706423,0.6788588830124813,-0.1997486892241261,0.19688115334512968
20,593000000,0.21557110320075215,-1.2716280459033331,-1.8841498644834804,0.6785921389722442,0.6788012068527709,-0.19951804168611809,0.19731746385465415
20,626000000,0.21639149369273053,-1.2732853671816617,-1.8860239307989304,0.67858363128986,0.6788589186356354,-0.19962902354307782,0.19703572491698174
20,659000000,0.21598190135012976,-1.2735780217952983,-1.8885988805627185,0.678512003320676,0.6788178983146081,-0.1997430446019995,0.19730797857822435
20,692000000,0.21647172588902686,-1.2762452035985024,-1.8893360727206803,0.6786001209173053,0.6789203731963005,-0.19952859308550588,0.19686884794536064
20,725000000,0.21625047606402242,-1.2770583789679575,-1.8914602145764585,0.6785345071827497,0.6788239747808144,-0.1997495195724397,0.19720310153650988
20,758000000,0.21626384374645172,-1.2773168491633082,-1.894376641556844,0.6783569792272904,0.6787084747229503,-0.20027725183332493,0.19767558643131178
20,791000000,0.21544187473726742,-1.2799541369548206,-1.8942344606116175,0.6784188398833424,0.6787536265501505,-0.19991218025433907,0.19767779926515652
20,824000000,0.21597168074202233,-1.2806429984416476,-1.897007928036022,0.6783105112301137,0.6786324577224665,-0.20042028651458949,0.1979508687369587
20,857000000,0.21582288118811915,-1.2827304982085723,-1.8974972632788714,0.678267643501298,0.6787068760039067,-0.20036037633898285,0.19790325878447548
20,890000000,0.21591190267637422,-1.2816383789528965,-1.9019318771634337,0.6780927677258293,0.678393195373251,-0.20118274965310848,0.19874197360197768
20,923000000,0.2152654672610888,-1.2856764235698026,-1.9002911849112973,0.6782102385738679,0.6785974732762544,-0.20051439367788648,0.19831873205688372
20,956000000,0.2160886873742359,-1.2844849976064496,-1.9051221701867098,0.6780023995515588,0.6782988870459917,-0.20153352548387937,0.19901659262618265
20,989000000,0.21591400232245736,-1.2871729413320223,-1.9048418737747244,0.6780098934495945,0.6784284637552317,-0.20128785925498344,0.19879789150725874
21,22000000,0.21563482154419505,-1.2884098591749384,-1.907243412441894,0.6779350466695002,0.6783623007062364,-0.20148605353746474,0.19907795384638194
21,55000000,0.2160057241495318,-1.2880856462976475,-1.9100882167389555,0.6778300012716924,0.6781388303888185,-0.20207579888143515,0.19959856613045224
21,88000000,0.215713478146721,-1.2922920561726097,-1.9097368245577162,0.6779211553661179,0.678349087618183,-0.2015534652864454,0.19910204184204697
21,121000000,0.21569854953997827,-1.2925070188979344,-1.9116844590749742,0.6778718636811715,0.6781642197973834,-0.20189610382804327,0.19955197487140466
21,154000000,0.21597112552149314,-1.293333498743302,-1.9149915552580328,0.6777518766632823,0.6780706903633074,-0.20234157243166528,0.1998259758277392
21,187000000,0.21624846596385827,-1.2947256885653007,-1.9158122459437372,0.6777047062737612,0.6780758776495055,-0.2024689663020592,0.1998393177751158
21,253000000,0.21637525234202626,-1.2966976967151747,-1.9196224249539402,0.6776146098331272,0.6779052334552628,-0.20291388442955,0.2002720412348558
21,286000000,0.21598836890362658,-1.2981554004110234,-1.9213279632947264,0.677574773077069,0.6778991782607102,-0.20293614497250445,0.20040472066972642
21,319000000,0.21667170701386806,-1.2990590182467907,-1.9223621629625836,0.6775366959401553,0.6778533915445215,-0.20320744105430144,0.20041342551398586
21,352000000,0.2159602872061746,-1.2996889090530224,-1.924841677209199,0.6774743219179432,0.6777352922019559,-0.20335840453840034,0.20087004791493648
21,418000000,0.2158629022953588,-1.3027230047106733,-1.9270002440007212,0.6773566976422961,0.6776525301125844,-0.20368378686306415,0.20121597242827857
21,484000000,0.2154550710047686,-1.3051879330692813,-1.9289450058311381,0.6770248457855226,0.6773145333500187,-0.20471498024892987,0.20242074489443065
21,517000000,0.21644375631120116,-1.30477819536081,-1.9309028841849567,0.676655218289815,0.6769593631450276,-0.20611611201213786,0.2034204625411159
21,550000000,0.21560181786672802,-1.3074832703433314,-1.9310298412436537,0.6764341713566359,0.6767771538827807,-0.2066248267688442,0.20424415968670873
21,583000000,0.2165467806623769,-1.3063254494134628,-1.9337803681005596,0.675943939828743,0.6761970025045849,-0.20854584492301625,0.20583011096036544
21,616000000,0.2163817045338067,-1.3068985914479214,-1.935569873281544,0.6754783092219439,0.6757248075431753,-0.2100389462027169,0.2073853401748908
21,649000000,0.21582110511923036,-1.3080697395340732,-1.9359173573516557,0.674969728213381,0.6753193882014271,-0.21141588935254407,0.20895672194040057
21,682000000,0.2159420326889619,-1.3093830098394974,-1.9360779386318783,0.6744290505673258,0.6748438733568602,-0.21307707400792708,0.2105453938602928
21,715000000,0.21581139905297003,-1.3102956995051935,-1.9372285031041918,0.6738005998175732,0.6742434252836261,-0.21500987411375014,0.21250719795073095
21,748000000,0.2148587997479094,-1.3120359025359667,-1.9368274463167352,0.6732310472971378,0.6736379638796057,-0.21663647241479775,0.214570476522309
21,781000000,0.21518103180734102,-1.3115997665193753,-1.9385267496556184,0.6724124010449251,0.6727847908550542,-0.21928203392769066,0.2171119013588501
21,814000000,0.21553445409278066,-1.312965924406494,-1.938896646635839,0.6716518017260159,0.6720242955654461,-0.2216854873525803,0.21936897708019598
21,847000000,0.2162308000858825,-1.3124753786772771,-1.9409388744895366,0.6706111558748746,0.6710937819631595,-0.2248389986271139,0.22217389163199328
21,880000000,0.2153379521398381,-1.3152480922644594,-1.9411430909440415,0.6696823141730167,0.6703148975132062,-0.2272005896833049,0.22490759947874497
21,913000000,0.21672177036584547,-1.3159053126261089,-1.9428114133020917,0.6687853978347904,0.6690191415965459,-0.23065310087168447,0.22790047581929004
21,946000000,0.21565589475402638,-1.317817163752185,-1.941562708338766,0.6677057791015967,0.6682095740195095,-0.23319623259787045,0.2308343017082939
21,979000000,0.2171702004326165,-1.3177234859060265,-1.9442776880638413,0.666531439660759,0.6667129258286841,-0.23728905937083394,0.2343578818380483
22,12000000,0.21507267815484046,-1.3184918059022828,-1.943154826781324,0.665135962487782,0.6658396053879119,-0.24008539842909304,0.23793018464134724
22,45000000,0.21689881512138112,-1.3178833024363765,-1.9451854047250687,0.6638813252832937,0.6641499995641656,-0.2444684908545462,0.2416640664193111
22,111000000,0.21541122839927326,-1.3190839033017472,-1.9436154499472467,0.6609110026042517,0.6616127406922219,-0.2516041381692547,0.24932024716511944
22,144000000,0.21624576397685566,-1.3202170050451962,-1.9429355585781902,0.6595603284042548,0.6599931594321388,-0.25561772791590137,0.25307860413944006
22,177000000,0.21590811433591295,-1.3214108068556045,-1.9431776895945392,0.6579444697379564,0.658525827819821,-0.2595337227941664,0.2570895866581526
22,210000000,0.21628369593733449,-1.3225692015149202,-1.9457496744623781,0.6563580427722152,0.6568611928326913,-0.26370606901709986,0.2611256444744361
22,243000000,0.2149244682190324,-1.3250447882085827,-1.9471246398185333,0.6547886698039802,0.6556045134153509,-0.26695975418845486,0.26489056141998546
22,276000000,0.21467259468721023,-1.3276568196982586,-1.9504328454700894,0.6532543254288574,0.6542336651977029,-0.2704863386610242,0.2684664564302631
22,309000000,0.2147493863024659,-1.331511157604767,-1.9544992186530559,0.6518699240588709,0.6528553940999449,-0.27383476347755625,0.2717718874594619
22,342000000,0.21500860191615656,-1.3380047811573132,-1.9577845836179526,0.650766891594639,0.6516319640516632,-0.27663263863167215,0.2745043159480415
22,441000000,0.21578067020437897,-1.362118553143186,-1.9760761003619984,0.6483295077370308,0.6490931415788687,-0.2825547262086803,0.2801959486678421
22,474000000,0.21617585248796375,-1.371111868674434,-1.9843370491827599,0.6480622040519991,0.6487778092722373,-0.2832964273320125,0.2807950643015284
22,507000000,0.21565003172425765,-1.3822913327192863,-1.9911026114812658,0.6479694505814398,0.6487647246193816,-0.2833547955528118,0.2809803961844124
22,540000000,0.21513040484273974,-1.3923553768201837,-2.000892268673257,0.6476745329187537,0.648569577681439,-0.2838556766383833,0.2816046113875977
22,573000000,0.21701810699498808,-1.4027394768749433,-2.013473466522329,0.647515274918983,0.647960525385818,-0.2849718441343643,0.28224488363651196
22,606000000,0.21600125588457195,-1.4142998982366917,-2.0241131717638496,0.6471367734263367,0.6477766522382776,-0.2854898432084791,0.2830105205096056
22,639000000,0.21625024054012562,-1.4267786675205898,-2.034268566915892,0.6469982776468104,0.6475526769997756,-0.28592667617312195,0.2833984740344872
22,672000000,0.21615708405728515,-1.4397024003434926,-2.0466699812665414,0.6466657112821171,0.647260158730523,-0.28665432452955186,0.2840898502246046
22,705000000,0.21564072138829274,-1.454613151567671,-2.056291153235922,0.6465544386384245,0.6472596311645401,-0.28672334958652734,0.28427460059523
22,738000000,0.20587380163855562,-1.4712657221864291,-2.0587714567994624,0.6455455950373629,0.6490352957975108,-0.28482189248368234,0.2844302359084011
22,771000000,0.21428051819986912,-1.4801821979310026,-2.0838743947403695,0.6455831487403102,0.6466281862207874,-0.2883651624551087,0.28625149768970654
22,804000000,0.21415894804406474,-1.4966799958542583,-2.097591274854044,0.6454799936347044,0.6464690075401838,-0.28863040311461385,0.2865761513197623
22,837000000,0.21561168721097035,-1.513369903024607,-2.113669089512649,0.6454916223105974,0.6460062451422358,-0.2893529316209693,0.286864737683831
22,870000000,0.21483113890518185,-1.5312338439696953,-2.1270521574119003,0.645371606416319,0.6460659512862968,-0.2893151001661382,0.2870384103844113
22,903000000,0.21432538508724652,-1.546405563625208,-2.1437486655468745,0.6446517674160963,0.6455376848679003,-0.29065911931439853,0.2884830541679579
22,969000000,0.21389381341629396,-1.5791334265299912,-2.1736199053706224,0.6436639829679397,0.6447050057156261,-0.2926612716074288,0.29051938444135766
23,2000000,0.21477970948547995,-1.5953258967663257,-2.186410161066088,0.6434910958962525,0.6441927838608078,-0.2935518882869681,0.29113940923045456
23,35000000,0.21439694575093574,-1.6095175522819458,-2.1996627070593164,0.6429254392328361,0.6436640896774823,-0.29468392094654494,0.292412048285452
23,68000000,0.22402120575149023,-1.617471951847106,-2.2250828980337887,0.642804095636553,0.6400094298033135,-0.30017029151922864,0.295107811629872
23,134000000,0.23521793607643735,-1.6461127792317023,-2.2502829885547193,0.64505105084665,0.6346850893950987,-0.304306011520811,0.2974589559140293
23,167000000,0.21559970183281096,-1.6617684608218108,-2.246175632778937,0.6405715016445448,0.641103868856578,-0.300241946969486,0.297504208202091
23,200000000,0.21575777948078564,-1.6751400124847824,-2.2485414318284302,0.6403680017381683,0.6408582623293347,-0.3007437900450465,0.29796423057714794
23,233000000,0.21687594551476752,-1.6795439320414347,-2.2607310092340147,0.6392681973126076,0.6395381038283466,-0.30348150167133814,0.3003767031572881
23,266000000,0.21411883582160957,-1.690015490500886,-2.261872822281568,0.638636734130545,0.6394225082913995,-0.3039115119407349,0.30152905435347915
23,299000000,0.21491485045403352,-1.6997904620487687,-2.264602675193922,0.6381914573350052,0.638750510526995,-0.305172764216155,0.30262027867741553
23,332000000,0.2150332158657305,-1.709605962272606,-2.267612628746586,0.6375776592984771,0.6381835051729299,-0.30644987578604044,0.30381740522785833
23,365000000,0.21416994575182732,-1.7170834686736856,-2.273636608488201,0.636631888821254,0.6373774112134887,-0.30815886207208293,0.3057580571908336
23,398000000,0.22899654126979657,-1.732216936014159,-2.2783074709023468,0.6379967631449112,0.6349503951919064,-0.31085450456814134,0.3052336856442183
23,431000000,0.22485362548176177,-1.7394128945117384,-2.2854647174184315,0.6364638000967737,0.6345266863105072,-0.3124586803043118,0.3076674968674283
23,464000000,0.21728850425469676,-1.7473763099332824,-2.2927070584731193,0.6344434403284092,0.6346041734856472,-0.31369905292252576,0.31040613430530245
23,497000000,0.21679924552297866,-1.7574989735750832,-2.300139449069079,0.6334352219767271,0.6336246231855118,-0.3156247416040022,0.3125070862232081
23,530000000,0.21604780804530385,-1.7699309129626013,-2.3053265377036776,0.632589777825821,0.6329410437230537,-0.31708046106731475,0.31412702744334003
23,596000000,0.2144023788777869,-1.7980826380167623,-2.3211815997832512,0.630576167515404,0.6313754209615052,-0.3204901997355452,0.31784399733318475
23,629000000,0.21416421959107945,-1.8137241045791979,-2.333110454460063,0.6293562682728067,0.6301587204832902,-0.3228499174072608,0.3202789493780606
23,662000000,0.21436724766052365,-1.8299667731940688,-2.346955459675127,0.6282469540404884,0.6289583568184361,-0.32512750576149096,0.32250465907396314
23,695000000,0.21402628550094946,-1.849416251474038,-2.3553213399848283,0.6274901485031492,0.6282655699313189,-0.3264849276194796,0.32395382264710804
23,728000000,0.21328176915173483,-1.8676760882458536,-2.3676298243718996,0.6258671618709513,0.6269317695474783,-0.32922300466528065,0.326893048599741
23,761000000,0.21491318135747908,-1.884838087223594,-2.3848496288090275,0.6235308978798901,0.6241360026304233,-0.3343011806549699,0.3315210253095684
23,794000000,0.21464656201111418,-1.9046922394032988,-2.39347491858539,0.6213861249368232,0.6221573446894729,-0.3381515946751844,0.33534015745742873
23,860000000,0.21443400711583424,-1.9422332254289612,-2.4134636076001255,0.6165721632955591,0.6171740258888082,-0.3470771531020312,0.3441982553875374
23,893000000,0.20410676389533133,-1.956542179427515,-2.4142907894395274,0.612286321896329,0.617193784086651,-0.3507539136121748,0.34806462760413986
23,926000000,0.20635263182384395,-1.9787712597134277,-2.422356988072064,0.6097213691891104,0.6138493775216824,-0.3557070006438033,0.3534138132039963
23,959000000,0.21287920900917187,-1.9962312673837583,-2.4430989998372947,0.6066119908928471,0.6081936602227657,-0.3637121919873081,0.36032735889693285
23,992000000,0.2133530018279205,-2.0170513035909376,-2.4452984278220176,0.6036767205040882,0.6046476940778915,-0.3685355075242997,0.36627470955762736
24,25000000,0.21521236631034127,-2.033889064885401,-2.4567882385484414,0.5996796988127324,0.600032047036379,-0.3760335524783862,0.37275269116625853
24,58000000,0.21387412952445156,-2.052151220491301,-2.4631451093095857,0.5954878471111863,0.5962573969583116,-0.38206828763283623,0.37933516064384987
24,91000000,0.21328943521686386,-2.072019303695964,-2.4687946717444005,0.5914102472812781,0.592454819949939,-0.3880868567937873,0.3855123828266757
24,124000000,0.213752427333375,-2.0926717643255723,-2.4740727995179173,0.5883045787822865,0.5890921007857357,-0.3930550544826148,0.39035361343442687
24,157000000,0.2149851292153633,-2.113476307185463,-2.4844503899881065,0.585622163780263,0.5862470131059188,-0.3973825059120946,0.394269279691857
24,190000000,0.212643431458776,-2.135944817954268,-2.488257725276115,0.5838991921971967,0.5850276848183672,-0.3992547730982268,0.39673664754570626
24,223000000,0.21190610854189287,-2.1586988227284896,-2.4978969205441928,0.5821543127410613,0.5834159718066534,-0.4016284805976414,0.39927023877408013
24,256000000,0.2133646057627575,-2.1835916425311175,-2.504665551668663,0.5807883393339245,0.5817936226459066,-0.4040000803994498,0.40122938648550266
24,289000000,0.2142605825831091,-2.208927102915253,-2.5154208357080874,0.579166670793286,0.5799057297158144,-0.4065967515815951,0.4036760999716046
24,355000000,0.21338793052840227,-2.2598302370433685,-2.5320019531712963,0.5755798909645344,0.5766078009957192,-0.41145808757360847,0.4085749320729366
24,421000000,0.21391617482802594,-2.308231838981401,-2.54652152142345,0.5727177045264789,0.5735771884045829,-0.4156384853694219,0.41261154775845454
24,454000000,0.2133376111829625,-2.330813759774198,-2.552283077925111,0.571146803509668,0.5721497935027762,-0.4176565830882347,0.41472752650201544
24,487000000,0.21319949613556907,-2.352299202679864,-2.5580801402282387,0.5698789089730615,0.5708390295130952,-0.41937392128577405,0.4165409291265557
24,520000000,0.21302307915899352,-2.3725531478603563,-2.5638539020137365,0.568498241903442,0.5695138510955056,-0.4212067862828879,0.41838805617787833
24,586000000,0.2130885893622242,-2.410248048164911,-2.574767126584791,0.5659927958758283,0.5670022372429857,-0.42461444566915574,0.4217382962302425
24,619000000,0.21342277134943013,-2.427418581401286,-2.579852674431284,0.5648777537686475,0.5657864590263177,-0.4262100435503798,0.4232538302916252
24,652000000,0.21197402757828357,-2.4430248068274083,-2.5814839415987114,0.5639746669165092,0.5652427545465865,-0.42699589935247656,0.42439098181413987
24,685000000,0.2118380044042042,-2.458228513227407,-2.58441730546347,0.5631356703447599,0.5644253321590782,-0.4280743496890036,0.4255051261040329
24,718000000,0.21234696701630928,-2.4718552899380355,-2.5881511224966207,0.5623981572727124,0.5635153272899283,-0.42920224596138623,0.4265492007579952
24,751000000,0.20733589957615747,-2.4845224794442426,-2.583109747566648,0.5625443907028009,0.5637451763680029,-0.42769770630674103,0.4275626932165348
24,784000000,0.21301240291518547,-2.4965364636175127,-2.594450102116247,0.5611194223827893,0.5621104949966559,-0.43098292655193754,0.42828787311824135
24,817000000,0.21237909015146503,-2.507445480162325,-2.5917342257218086,0.5610176522945833,0.5621539167257443,-0.43095384416243443,0.42839345457814726
24,850000000,0.21434649865346433,-2.517428373239201,-2.5973195678182157,0.5604616222421812,0.5611466647919011,-0.4321915054327115,0.4291942371682021
24,883000000,0.21376605414940128,-2.5261460361002417,-2.596464139284469,0.5602673107683311,0.5610617019837827,-0.43230149514821264,0.4294481625808908
24,916000000,0.21468490900515924,-2.5339224569012626,-2.600038051854235,0.5598352738281602,0.5604261635898525,-0.4331022038418308,0.43003425720407223
24,949000000,0.21308047709923014,-2.5399399745696485,-2.6009308203515302,0.5593985207738047,0.5603311630842209,-0.43326052213145794,0.4305666064561207
25,15000000,0.21252797123187103,-2.5493580070982147,-2.603768947469832,0.5589306789102821,0.5600093520797741,-0.4337282910478781,0.4311215504944864
25,48000000,0.21377000501594104,-2.552706925349213,-2.608202734877742,0.5586694564825663,0.5594581238195274,-0.4343973829315466,0.431501981209857
25,81000000,0.2138412347925691,-2.5546118733242396,-2.6093392101441335,0.5586130428076921,0.5593920341945856,-0.43448796535055567,0.4315694943462868
25,147000000,0.21360171648710152,-2.5555058288537467,-2.606669929360261,0.5588575642578159,0.559716942340961,-0.4341107403811062,0.431211122785666
25,180000000,0.21360171648710152,-2.5555058288537467,-2.606669929360261,0.558857564257816,0.5597169423409608,-0.4341107403811064,0.43121112278566576
25,246000000,0.21360171648710152,-2.5555058288537467,-2.606669929360261,0.5588575642578159,0.5597169423409608,-0.43411074038110614,0.43121112278566603
25,279000000,0.21360171648710152,-2.5555058288537467,-2.606669929360261,0.5588575642578159,0.5597169423409609,-0.43411074038110614,0.43121112278566587
25,312000000,0.21360171648710152,-2.5555058288537467,-2.606669929360261,0.558857564257816,0.5597169423409608,-0.43411074038110614,0.431211122785666
25,345000000,0.21360171430460922,-2.555505828566393,-2.606669936920778,0.5588575622981246,0.5597169430338695,-0.43411074232959046,0.431211122464472
25,378000000,0.21360171430460922,-2.555505828566393,-2.606669936920778,0.5588575622981246,0.5597169430338695,-0.43411074232959046,0.431211122464472
25,411000000,0.21360171430460922,-2.555505828566393,-2.606669936920778,0.5588575622981246,0.5597169430338695,-0.43411074232959046,0.431211122464472
25,444000000,0.21361409953045973,-2.555503711236271,-2.606677511313786,0.5588586901584853,0.5597143220345091,-0.43411242306873465,0.43121137076981647
25,477000000,0.21332711315544595,-2.555944006569916,-2.605739956353368,0.5589360177795546,0.5598465457237225,-0.4339364424278504,0.4311166167094587
25,510000000,0.21282668922324105,-2.5574072569279966,-2.606986285904614,0.5588060100829003,0.5598023005957372,-0.43397034345993435,0.4313084375945087
25,543000000,0.21133713318037137,-2.559861342769317,-2.604248889928134,0.5589397996132662,0.5603484342134224,-0.4334094586195766,0.4309897607390844
25,576000000,0.21264764769751374,-2.5638680936116107,-2.6056858166797716,0.559074302735353,0.5601181595675366,-0.4335796706620992,0.43094343077972574
25,609000000,0.21338562396630903,-2.5690771984132534,-2.607110359301421,0.5591550511375477,0.5600193697040884,-0.43367198060861795,0.4308741667570712
25,642000000,0.2132142935464235,-2.5751009451524856,-2.610273768557201,0.5589922545773474,0.5598858366318208,-0.43384528413804113,0.43108442177003176
25,675000000,0.21324502270423656,-2.5822559613749876,-2.611581355367071,0.5590406415310306,0.5598904753878606,-0.43380214134809014,0.4310590665423254
25,708000000,0.21270776580531603,-2.5904695297978044,-2.614191911294004,0.5589066924418483,0.5599465086194421,-0.43384435630638274,0.4311174910969293
25,741000000,0.21302918873188043,-2.599662483146068,-2.616318528844953,0.559002633158431,0.5599049987847526,-0.43380854271372576,0.43108305084563503
25,774000000,0.21245230085018646,-2.6096405530808777,-2.616570457334851,0.5591545399923297,0.5602213686821194,-0.43345849418879584,0.43082705612981237
25,807000000,0.2139554382073075,-2.6217054834743325,-2.6229751418393397,0.5590288525880219,0.5596301250915426,-0.4340499520716595,0.43116296706782964
25,840000000,0.2130718590343693,-2.6339833892140616,-2.6272194025246853,0.5587568268162817,0.5597383172916064,-0.4341720332105008,0.4312522118431633
25,906000000,0.2129527191993804,-2.6622922904857496,-2.6321138862678226,0.5590320520999698,0.559899500908601,-0.433810956964838,0.4310496110941849
25,939000000,0.21289999089972525,-2.6781548107421385,-2.63586170507371,0.5590638057809947,0.5599573555925432,-0.43377357131659516,0.4309708920689695
25,972000000,0.21404650266347378,-2.6952249874428955,-2.6437748858935466,0.5588723923253746,0.5593726651459162,-0.43435852860308904,0.4313890810090433
26,5000000,0.21256194228382055,-2.713283873183623,-2.6462776923753717,0.5588881648549148,0.5597826090481828,-0.4339500913294965,0.43124791944708196
26,38000000,0.21307700964044204,-2.731118568482633,-2.649912040443011,0.5590766186544743,0.5598255617010038,-0.43386055992016753,0.4310379211691167
26,71000000,0.21259640894136644,-2.749704683587828,-2.651650874013501,0.5593295574694279,0.5601723991322125,-0.43342654188639307,0.43069567234872236
26,104000000,0.2126004923783378,-2.767707857616789,-2.658259863645722,0.5590745676830876,0.5599444741884153,-0.43377344082648095,0.43097379923770673
26,137000000,0.21302552479972015,-2.7862339058341687,-2.6631426815974972,0.5590049911158792,0.5596664137718916,-0.4340113642699546,0.43118564550293004
26,203000000,0.21251370516359372,-2.8228402120682836,-2.673494645976302,0.5585229645116896,0.5593289045674459,-0.4345262760433376,0.4317293018273885
26,236000000,0.21146076464203412,-2.840787677999205,-2.6757205613176875,0.5584051321758438,0.5595287089054816,-0.43437986823876323,0.43177014989357226
26,269000000,0.21118555221575708,-2.8589972285540717,-2.6785004019569216,0.5583237417202715,0.559465748415131,-0.4344172280678769,0.43191937643453193
26,302000000,0.20540977348108283,-2.874658694688001,-2.675446248258691,0.5576040753132113,0.5612567563861095,-0.4336218798070302,0.43132425616658676
26,335000000,0.20365948447118123,-2.8919885833952406,-2.6787165257610654,0.5571980942052451,0.5608157223081123,-0.4335975876028408,0.4324455358204891
26,368000000,0.21205665243546076,-2.910779735274739,-2.69729504578299,0.5565879674734558,0.5574043487343637,-0.4369910257531157,0.4342223737752662
26,401000000,0.21130414719922874,-2.9291742439776476,-2.6994807038119597,0.556231765018719,0.5572492578518476,-0.43721042250699443,0.4346568010039429
26,434000000,0.21173416915884613,-2.947203702636075,-2.705993230581895,0.5553556279404712,0.5562755260558214,-0.43848538384600877,0.4357387219189758
26,467000000,0.21167723021949247,-2.964481604349471,-2.7131717986872745,0.5542315458002447,0.5551430686862966,-0.43989980638502196,0.4371861471637147
26,500000000,0.21231922772003914,-2.977962801474149,-2.7326047980026136,0.5513145916532322,0.5525086388276006,-0.4436245906693016,0.44043574741907215
26,533000000,0.22792201943986887,-2.995806899584011,-2.7417065405922485,0.552734945970878,0.5480231778701738,-0.4474713162179683,0.4403681382454972
26,566000000,0.2152184467124633,-3.0223319343855835,-2.729966094219863,0.5521653830079439,0.5521370442734991,-0.44345118860475247,0.44001036064352755
26,599000000,0.21218581955362095,-3.040639149111836,-2.724572436910158,0.5518327137287873,0.5524535396462156,-0.44311670025051153,0.4403672700714576
26,632000000,0.2140896488913036,-3.0575231027406256,-2.7336474083943134,0.5505521280520933,0.5507395653772814,-0.44521452683000184,0.44199808882493186
26,665000000,0.21270613488469378,-3.0750350953963776,-2.73488135918369,0.5496847992614445,0.550190801324505,-0.4459434789152598,0.44302496228966587
26,698000000,0.2136089701160228,-3.0927172608387035,-2.7403504056733383,0.5486560026682094,0.5488793817426745,-0.4474842868035364,0.4443712728089563
26,731000000,0.21303648222111052,-3.1105838233274374,-2.7383835060211847,0.5480944627408543,0.5484673211159442,-0.44803094940893434,0.44502171402353286
26,797000000,0.21276369229300018,-3.145116418564687,-2.74653513074981,0.5458882558754277,0.5462998208435278,-0.4506893629868667,0.447707064869548
26,830000000,0.21426225372207958,-3.1626289431457804,-2.755373629536245,0.5444499130743422,0.5445307807103201,-0.4528498054448927,0.4494302779307081
26,896000000,0.2116346390114309,-3.198205021852077,-2.7511418699684023,0.5429241824318148,0.543553073722956,-0.4540192301537157,0.4512758877091702
26,929000000,0.18473008954085005,-3.2089761878322474,-2.719506805141516,0.5409784894098405,0.5504207920244918,-0.44894597585255047,0.45036289419620196
26,962000000,0.19470624099389802,-3.22993875899916,-2.7273529204655835,0.540460135988971,0.5472383801454934,-0.45235272376708724,0.4514532201712783
26,995000000,0.211854039024414,-3.2542313102008125,-2.7553144861367658,0.5391091312284875,0.5397170001060182,-0.4586796032647784,0.4557191305744048
27,28000000,0.21185022163853315,-3.271359206206821,-2.757552074613516,0.5377222617238647,0.5383354459561,-0.4603247970950331,0.45733007560539385
27,61000000,0.21015195597340208,-3.287572499950652,-2.755367826140822,0.5366050568372921,0.5376831983698406,-0.4611559326174054,0.4585706019569902
27,94000000,0.21158964947369807,-3.3053390388302195,-2.761246071179791,0.5348482722938684,0.5354770244882969,-0.4636323011695643,0.460702475771119
27,127000000,0.2124447618379394,-3.3223866956850228,-2.7638189525669423,0.53335427479722,0.5335659382013145,-0.4655959652373061,0.46266727169924593
27,193000000,0.21191005565945942,-3.3558453674850974,-2.7629082307038506,0.5302206649180757,0.5307245124378243,-0.46906477267482316,0.46602121993208007
27,226000000,0.21231611004581138,-3.373612060184122,-2.766894393985515,0.5280880614325946,0.5283637777817171,-0.4716101899620561,0.4685494065992933
27,292000000,0.2106086016116499,-3.408459892483586,-2.7657145545002932,0.5246792731428166,0.5254594910730425,-0.4749413776218699,0.4722654670820484
27,325000000,0.21112862256033796,-3.4278059875091182,-2.765306087469585,0.5232877967257207,0.5238873404697658,-0.4766462185196321,0.4738357507242268
27,358000000,0.2119020617731302,-3.448590618458377,-2.771972492600225,0.5209897342391299,0.521393318012745,-0.4794239920661727,0.47631013067164113
27,391000000,0.21291891462087717,-3.4684592860118157,-2.7713265593082226,0.5197247745892537,0.5196544213514068,-0.48111434711441636,0.47788536915117286
27,424000000,0.21070778080501365,-3.4873676375350917,-2.769531891473076,0.5180930847368515,0.5188470523681156,-0.4822479180436898,0.47938944224846913
27,457000000,0.211002738917558,-3.5072559226748106,-2.7718719612463105,0.5163970450243546,0.5169898260330412,-0.48417629158831826,0.4812784332714528
27,523000000,0.21088568951278372,-3.5463287429625234,-2.7750958900429707,0.5134270071090322,0.5140220894825102,-0.4873402164334997,0.48443112342380096
27,556000000,0.20962592700531696,-3.5654138594994356,-2.772513487758459,0.5124728751332075,0.5135574915330846,-0.48798008942937304,0.4852892822466314
27,589000000,0.21047057942997513,-3.5867124177404293,-2.776247922822413,0.5110328018667892,0.5118722925367253,-0.4897880451731576,0.48676472998239406
27,622000000,0.20922109355609725,-3.6072154193800445,-2.7740379616683737,0.5102095445128952,0.5114323742586074,-0.4902617342701613,0.48761314498130764
27,655000000,0.20218456173410673,-3.621393894475236,-2.7751809210231113,0.5073790193653024,0.51229574924907,-0.4922192731948481,0.48768820275333047
27,688000000,0.2051688559341587,-3.6455184002288736,-2.7758893316637128,0.5068940316875894,0.5107291734548234,-0.49341740170947845,0.4886240064834322
27,721000000,0.21205283949940176,-3.67265994853408,-2.7779999144753362,0.5073683405530167,0.5073129371884344,-0.49412827068646076,0.4909666005688467
27,754000000,0.21174429261811092,-3.694136671322433,-2.777019819530625,0.5064186013907632,0.506487268631019,-0.4950538399922777,0.49186638672409155
27,820000000,0.21042663897364866,-3.7387047303607632,-2.7776111702645885,0.5038015986696558,0.5042558657222351,-0.49745250189247775,0.49441984125187854
27,853000000,0.21098947442365953,-3.7603196932819234,-2.778325703839075,0.502535395310995,0.5027419522173884,-0.4988714938799463,0.49581845320062645
27,886000000,0.21196595009478253,-3.7823794563998403,-2.7798568081984314,0.501121570015355,0.5010265887839735,-0.5005706591234961,0.49727109771382216
27,919000000,0.21127242320185327,-3.802908751244926,-2.775499016851188,-0.5001672634754746,-0.5002208486501499,0.5013687975248072,-0.4982380354727127
27,952000000,0.2105535515951815,-3.8248422977000023,-2.778932733194707,0.4980444918160554,0.49836850164810803,-0.5033256052651364,0.5002437963845139
27,985000000,0.21165162243849112,-3.8457367098601325,-2.7782397775422263,0.49646130169972924,0.4963669235847007,-0.505183412415076,0.5019320401272761
28,18000000,0.21127754772235785,-3.865490560258672,-2.7750766269449767,0.4948472495340548,0.4949344170288338,-0.5067099362899674,0.5033996056155852
28,51000000,0.21082126481419347,-3.885265887533668,-2.7740783673680967,0.4929974452613531,0.49329168342218616,-0.5084346317215337,0.5050852000390366
28,117000000,0.21080273085395704,-3.922520115464839,-2.769571355685971,0.4896878778399538,0.48984506978031517,-0.5116192593666284,0.5084322210026261
28,183000000,0.211083598348444,-3.9592759595397546,-2.7649259305639218,0.4860593771699061,0.4860910728564568,-0.5151756895782446,0.5119138205030629
28,216000000,0.21090366432627258,-3.9778726545966343,-2.7630452415296634,0.4839638393483404,0.48408851876295,-0.5171319915184168,0.5138207971202633
28,249000000,0.21014120290985436,-3.9962769644514875,-2.760142674277294,0.4818726039176831,0.4822670811749483,-0.5188897166136742,0.5157234898675535
28,282000000,0.2100540862550288,-4.015104124885242,-2.7576075333095167,0.47977041726803704,0.48015429328787274,-0.5208048183890414,0.5177205254714506
28,315000000,0.2108070922717611,-4.034865554246367,-2.755001900824375,0.47771663707173345,0.4778390795601926,-0.5229310706860331,0.5196149767097757
28,348000000,0.2107236291796938,-4.0540271576135885,-2.7512661337317965,0.4756572734313149,0.4758257110177025,-0.5248052080044093,0.5214590536349273
28,381000000,0.21061419727307495,-4.073404329018035,-2.7494731030454367,0.47319989231315535,0.47340996072968533,-0.5270084512730093,0.523666843788644
28,480000000,0.21087530508607744,-4.125995514583617,-2.740305417748757,0.4673473180315976,0.4674009564602022,-0.5323350969862639,0.5289065841388118
28,546000000,0.21022023072325408,-4.1607838340197585,-2.7347290843227423,0.4630883020393175,0.4633717958962094,-0.5358873023371135,0.5325979745324936
28,579000000,0.2100469468694747,-4.17842796440547,-2.7321459028794646,0.46084022766046745,0.46121974775244867,-0.5378047249195584,0.5344798468672268
28,645000000,0.21203923281832243,-4.2111638114263945,-2.719140957014377,0.4576507434947795,0.4573295572622429,-0.5407973530779807,0.5375348323009834
28,678000000,0.21177057270883762,-4.231264810724171,-2.7162062953856627,0.4554215126576799,0.4552162690736575,-0.5426551449976974,0.5393466304583521
28,711000000,0.21115336963094844,-4.250065864685908,-2.710314268650839,0.45362871045636477,0.45363219254544074,-0.5440287585487231,0.5408063764491382
28,744000000,0.2119358800956542,-4.270087630953614,-2.7059543479988157,0.4518083991950659,0.4514845458724262,-0.5457390161211128,0.5424018819457774
28,777000000,0.2111799621924029,-4.2890102808696415,-2.7011099085165085,0.44965480490883813,0.4496161394453604,-0.5473653322931473,0.5441020828633698
28,810000000,0.21191348950533487,-4.307252725972434,-2.6941258152631984,0.44802571703600075,0.4476334346784093,-0.5488546227467432,0.545578471094597
28,843000000,0.2116619483147419,-4.327017600999433,-2.6908967785664024,0.44536526897095957,0.44507790324401664,-0.5509975447614498,0.547683433111856
28,876000000,0.21201653567015796,-4.3458057093579106,-2.6852211633633316,0.4430834549195477,0.44260097832649076,-0.5529196327087044,0.5496010423263968
28,909000000,0.2124528898144263,-4.367040105413019,-2.6856176132434175,0.43954991816989786,0.4388997679244377,-0.5558692432789049,0.5524239744338116
28,942000000,0.2117671064350134,-4.385508579584408,-2.6855108583080742,0.4359574149151411,0.4356800548541335,-0.5585645187783742,0.5550943168009288
28,975000000,0.22363808478829972,-4.407437943653122,-2.689581856798307,0.4343665331748136,0.4289990007925556,-0.562434731835061,0.5576313698154952
29,8000000,0.22835937715459748,-4.423121550345806,-2.68419073239276,0.4333384918855176,0.4256798332695279,-0.5642424666424636,0.5591465548809549
29,41000000,0.23161814243820578,-4.43858386193161,-2.6796757230602584,0.4320708189438698,0.42268208232994375,-0.5659546317459546,0.5606692603484672
29,74000000,0.21703748297367087,-4.449102372085264,-2.6562252697472113,0.43009808120301324,0.428314615799759,-0.5639620873869826,0.5599187391290887
29,107000000,0.2151405036859063,-4.4573692447866895,-2.642979750590638,0.4293322439382223,0.4280734093449371,-0.5642026858425531,0.560448311456839
29,140000000,0.2176555397021833,-4.471178392880909,-2.64300838271311,0.4273780972109957,0.4254023579010155,-0.5661619845822783,0.5619976896130634
29,173000000,0.21614111613924106,-4.481973757716741,-2.640629187610877,0.4252676108692546,0.4237305152476102,-0.5675035367063181,0.5635065620020514
29,239000000,0.2152563687580661,-4.497050625989194,-2.6287142703336337,0.42273009878213175,0.42139619122019534,-0.5692230829829281,0.5654286828665243
29,305000000,0.2163465594889037,-4.512176888625601,-2.6280403214679198,0.4192583232744197,0.41765460869817894,-0.5720295269744482,0.5679518522442569
29,338000000,0.2165016496114311,-4.517123606640071,-2.624332051981825,0.4181669977605391,0.4164790133284157,-0.5728553116093069,0.5687867661979581
29,371000000,0.2157348558589949,-4.519228188683067,-2.619530130434253,0.41719560076926365,0.41576376829958483,-0.5734363401152576,0.5694375150122452
29,404000000,0.21633063849759673,-4.523023327568639,-2.6210512182950283,0.41565274674425695,0.41404860634407775,-0.5746599926154611,0.570580790594706
29,437000000,0.21587034566615207,-4.523104237717325,-2.6173465205189714,0.41480203015626654,0.4133109538450509,-0.5751778098938857,0.5712125858343872
29,470000000,0.21514373407119353,-4.523201946045925,-2.6146827473234926,0.41387606163695695,0.4126148373017098,-0.5757156531014334,0.5718453360974063
29,503000000,0.2149985799494968,-4.524229880568995,-2.6147028434031667,0.4126879756085869,0.41148761379637694,-0.5765469123746043,0.5726781262730057
29,536000000,0.214862061276285,-4.524638792280461,-2.6128337646525295,0.41185887189654213,0.4106990149071194,-0.5771133389287526,0.5732702528693915
29,569000000,0.21535490022852383,-4.526236149626001,-2.61336000402555,0.4108480978275816,0.4095500419174933,-0.5779242533862066,0.574000140265517
29,602000000,0.21542288040449384,-4.527566523082321,-2.6145864201357885,0.40969838922654117,0.4083732359020908,-0.5787491254243019,0.574828652630189
29,635000000,0.2160093198499194,-4.528103206004724,-2.6132143137910067,0.40910733027488577,0.407609954021105,-0.579265664981147,0.5752708988574147
29,668000000,0.2586848632258261,-4.501176415595652,-2.6230643263474227,0.42109235575455073,0.39276198050681976,-0.5749424326853049,0.5812576482863234
29,701000000,0.29971779439421026,-4.581058962157026,-2.713549880823854,0.4094199492514361,0.36820829919017545,-0.5889883955786087,0.5915155310185575
29,734000000,0.2975552766025923,-4.5794787475781735,-2.711354898983579,0.40878404624860726,0.3683086727060763,-0.5891845475564446,0.5916974683593067
29,833000000,0.2997052449203,-4.58428324349363,-2.709101469003261,0.4075225384264321,0.3662146098547585,-0.5903710802926042,0.5926839189294305
29,866000000,0.2972443959442017,-4.587567903134925,-2.708528754511912,0.4066192515926056,0.3661321189011061,-0.5907138736169867,0.5930136383420455
29,899000000,0.2970809402771083,-4.5926184333748035,-2.707241295353645,0.40605954117149673,0.3655754223030431,-0.591140837493939,0.5933150679685371
29,932000000,0.3003032530529297,-4.599996493305898,-2.7054001383086415,0.4060855051925787,0.36432079300193154,-0.5915165195730739,0.5936944747351868
29,965000000,0.2952119664697167,-4.6035399674803825,-2.700310666280219,0.4055461079455793,0.36540234937248106,-0.5912704642348444,0.5936435930141716
29,998000000,0.29525064184698646,-4.61013514449508,-2.695574090152384,0.40559133870207,0.36531639959376655,-0.5913345958536576,0.5936017098225895
30,31000000,0.2955146524712607,-4.619188734020121,-2.6917078949736815,0.4054554452179188,0.3648956318172258,-0.5914921044787531,0.5937963877990019
30,64000000,0.2955528064048086,-4.630417763607393,-2.6888715555783507,0.4050545197191133,0.36428553781951184,-0.5918100357638874,0.5941277342119402
30,97000000,0.29451022451517395,-4.640894450053389,-2.6837628121744213,0.404804851496483,0.36422376217366725,-0.5919454118501616,0.5942009026099784
30,130000000,0.2666261299749035,-4.607030675553069,-2.629867445504491,0.4098342127864607,0.3785605540846664,-0.584923116813194,0.5887213027726712
30,163000000,0.21416589221592264,-4.615699159043141,-2.574048479419078,0.4029952155662093,0.40191641288807123,-0.5833124855011205,0.5794864947006403
30,196000000,0.21607112929126362,-4.632729550477494,-2.5733538802328613,0.4022133710812208,0.4005116511523352,-0.5842484541707165,0.5800591049314187
30,262000000,0.21630344187922035,-4.665130122287345,-2.562119201507991,0.4013398660414724,0.39951950421438126,-0.584946761949894,0.5806442657621291
30,295000000,0.21506942261423442,-4.682138422234204,-2.5525347614176974,0.4010821256969652,0.3995956232009402,-0.5849125663059165,0.5808044043759335
30,328000000,0.21480445229530457,-4.701802344454745,-2.54420708173074,0.40066241597670144,0.3991678353872367,-0.5851699237330324,0.581128925432436
30,361000000,0.2135471824094534,-4.7197515126850975,-2.531882836343017,0.40066250259517067,0.3995596593025267,-0.5849468417912923,0.5810841849083629
30,394000000,0.21519346448239351,-4.743959868972996,-2.528531530535394,0.3994801441191178,0.3978072955343061,-0.5861279708269704,0.5819097626681548
30,427000000,0.21371825661936508,-4.76315861605437,-2.5147857907047535,0.3994833756438024,0.39821470610790866,-0.5858542530792719,0.581904523588323
30,460000000,0.21351214074316852,-4.784956994881747,-2.50688999268051,0.39867242669678893,0.39740906216508,-0.5863954373834642,0.5824660715583535
30,493000000,0.21372148388057632,-4.807448404298527,-2.5002547052494037,0.3976388947715992,0.39628945662213977,-0.5871935076085382,0.5831309977675101
30,526000000,0.21371701018139724,-4.828316948490407,-2.490880763536494,0.3969855109355829,0.3955656987032677,-0.5876608329725164,0.5835966308218872
30,559000000,0.21388903959407404,-4.848466220576585,-2.4821044591007118,0.396411926007075,0.39486820443634213,-0.5881219686783618,0.5839942088775097
30,625000000,0.1975921064060126,-4.870911051014371,-2.4679082051506516,0.3931262775791717,0.3978160522509809,-0.5896809116831057,0.5826410051178774
30,658000000,0.20759615040629276,-4.90181295319007,-2.462466041340587,0.3927858160969277,0.3936772434372301,-0.5901084607071638,0.5852431420141172
30,691000000,0.21068081065948466,-4.926025056723644,-2.4557959874724977,0.3919262028593168,0.39148866457214393,-0.5905688977817378,0.5868209726966653
30,724000000,0.20979287586986223,-4.942395603469861,-2.4436260738679745,0.39150215747919115,0.39125097975958856,-0.5906890605875967,0.5871415206135938
30,757000000,0.21054303629547128,-4.961994718068808,-2.4370762624102853,0.3904396197442626,0.38997013396550034,-0.5915349355652434,0.5878491455762342
30,823000000,0.21000704136511292,-4.996187941787578,-2.421686994914637,0.3884244466573724,0.38810680980056483,-0.5928716864742893,0.5890693650178002
30,856000000,0.21033780708248334,-5.013364357781935,-2.4151616949553407,0.38730172639029614,0.3868407433882229,-0.5936325861497316,0.5898745329738562
30,889000000,0.21061343806309824,-5.027337811557425,-2.40635401341919,0.38661271681463794,0.38605421225929737,-0.5941288035294994,0.5903420340875819
30,922000000,0.2093895477663528,-5.0421913453079314,-2.398854237801786,0.3854512987334628,0.38524882758996504,-0.5947310718446127,0.5910208027876872
30,955000000,0.20875579148522255,-5.05458415854585,-2.3890274184201643,0.384766215150258,0.38469234825971693,-0.5950346452614373,0.5915239029895287
30,988000000,0.20869981324914288,-5.068933682414117,-2.3827227520266243,0.38363719208465563,0.3835605349249843,-0.5957607186088107,0.5922609113052915
31,21000000,0.2098620267191627,-5.084175343047022,-2.377771385154953,0.38246267942324735,0.3820315453338927,-0.5967239983153567,0.5930385038534365
31,54000000,0.20880740509649406,-5.09577832575385,-2.3702778209174293,0.3815876082162996,0.38147337200353204,-0.5971442357830629,0.5935383099506557
31,87000000,0.2091099583311521,-5.108587056290243,-2.363908536434683,0.3806335318679972,0.38044250232942106,-0.5978621091638496,0.5940896525484819
31,120000000,0.20962797065450925,-5.121278777074684,-2.3597702034862658,0.3794491422574845,0.37910490806635705,-0.5987368656199035,0.5948209670713633
31,186000000,0.2096761602152068,-5.139509768675722,-2.3501508236216204,0.3777579352222844,0.37735749594717993,-0.5997989157918139,0.5959375162246752
31,219000000,0.20891327784100835,-5.14674363032684,-2.3434283902583095,0.37718378420355964,0.37697001460604046,-0.5999883235449923,0.5963556092060123
31,252000000,0.20893986110544516,-5.156820256477437,-2.3395528409631297,0.3761615415715775,0.37594946124355555,-0.6006720507303941,0.5969569370603859
31,318000000,0.20876973690588888,-5.177247701334239,-2.331485639427602,0.3741189673352498,0.3739443570864845,-0.6019551520878322,0.5982061609161988
31,351000000,0.2089719978495943,-5.188466731346925,-2.326141708914394,0.37322963732857684,0.37298801531460785,-0.6025581754923589,0.5987513869700585
31,384000000,0.20952201987575525,-5.201791285565577,-2.3202620036944546,0.3723920225853432,0.37195498415194833,-0.6031755445706153,0.5992936957045876
31,417000000,0.20920866439595207,-5.214596302201878,-2.313932002204043,0.3717839142306034,0.3714100539639027,-0.6034941467114546,0.5996883422402971
31,450000000,0.20786488348075446,-5.22547351493987,-2.306031224515615,0.3715251108399675,0.37154275178382606,-0.6034106440323013,0.599850539952058
31,483000000,0.20912514358047307,-5.238693308451913,-2.2995945436298717,0.3715094061342924,0.37116073802016974,-0.6037196846032618,0.5997858035404026
31,516000000,0.20923258485281468,-5.25154992001736,-2.2930322713934306,0.37150432209692924,0.3710865101213423,-0.6037427140118816,0.5998117004084126
31,549000000,0.20812521442652496,-5.265921615305514,-2.2887969370546446,0.3707298905132244,0.37060442129854076,-0.6039639219028206,0.6003659652526865
31,582000000,0.20904123690772577,-5.276156841845318,-2.2791182771758063,0.37072363254413615,0.37036057606757466,-0.6042630966852814,0.6002192449034676
31,615000000,0.20830238732073203,-5.288140415926992,-2.2717859909523046,0.36996848333032184,0.3697728512227889,-0.6045252850936454,0.6007832716739684
31,648000000,0.20758246535311534,-5.300256021956596,-2.2653620853877063,0.36905319311620344,0.3690413888783148,-0.6048821341035014,0.601436445343889
31,681000000,0.20881189718083562,-5.31347990343691,-2.2596074912792656,0.36827362335391994,0.3679084210693795,-0.6056752218342725,0.6018101508815021
31,714000000,0.208083736543559,-5.32580157267767,-2.253354971729151,0.36731487977984845,0.3671568002388686,-0.6061056906675235,0.6024214097051296
31,747000000,0.20892677634560355,-5.335968790780614,-2.245253150281216,0.36693694911576763,0.3665298521594972,-0.6065856120935869,0.6025504444032866
31,780000000,0.20775200737100175,-5.346599310705451,-2.240629097334143,0.36569189180089173,0.36562382423833517,-0.6070432067765497,0.6033963908798785
31,813000000,0.20813284088183906,-5.3550931496520935,-2.234145953760031,0.3652338629266832,0.3650432431908577,-0.6074300420028443,0.6036359830599696
31,846000000,0.20832919666471694,-5.36385103439773,-2.2304002095911204,0.36435935945604847,0.3641162385681475,-0.6080210660165245,0.6041291296303226
31,879000000,0.20872728684372335,-5.369842592010596,-2.226993356738503,0.3637750564671628,0.36342161483973523,-0.6085214096847066,0.6043956751292394
31,912000000,0.20798882012441786,-5.372562365236493,-2.2238018544766858,0.3632360570408524,0.3630874642934176,-0.608630536363156,0.6048106566064193
31,978000000,0.20904856290015836,-5.382244262365452,-2.2215339346846443,0.3617896862074393,0.36127885686026984,-0.609707776519848,0.6056750265537473
32,11000000,0.2080303001151598,-5.382334537954807,-2.216711241146,0.36205804479438547,0.3618923582609813,-0.609323629188234,0.605534976813769
32,44000000,0.20795738485251014,-5.385681982562008,-2.215827660383599,0.36188669289428615,0.36172106826610717,-0.6093928421318556,0.6056700869589996
32,77000000,0.20840829728954388,-5.389162952565979,-2.2160458495467346,0.3612782069691035,0.36096365965118804,-0.6098731422694118,0.6060016863993406
32,110000000,0.2083373520691502,-5.389427419593031,-2.2135836364503096,0.36094463620658684,0.3606821818353483,-0.6100746962670404,0.6061651575889743
32,143000000,0.20820248137789285,-5.390717394093078,-2.2119201658707177,0.3603960148119903,0.36017382940056186,-0.6103708774097036,0.606495603555936
32,176000000,0.20831790732878802,-5.392199824556176,-2.2107257980857082,0.3597763308361262,0.359513651651631,-0.6107422328459268,0.6068812495575849
32,209000000,0.20798554581292464,-5.394724395526025,-2.2102403141137232,0.3588639070234393,0.3586814425139619,-0.6111738032732057,0.6074791364520601
32,242000000,0.20870361678644533,-5.396360257248511,-2.2090125172767117,0.3584022888338354,0.35801293057187816,-0.6116285052752009,0.6076883349520767
32,275000000,0.20828247509731368,-5.397449493948039,-2.207258303654387,0.35789425492212507,0.3576417053502187,-0.6118393998964001,0.6079939651199979
32,341000000,0.207397151999333,-5.399389570938935,-2.203737714212161,0.3569332926741443,0.35695477483343185,-0.6121721048058885,0.6086273304756664
32,374000000,0.20829154232269148,-5.40113592052144,-2.2022895604853896,0.35654623793518003,0.3563232198579874,-0.6126578588029792,0.6087354854542777
32,407000000,0.20778589416329304,-5.403279884087584,-2.2016806865338796,0.35580493458225915,0.35572909339959413,-0.6129542403629102,0.6092181545695637
32,440000000,0.20814884922726426,-5.404708632819417,-2.2000009191519574,0.3554357103660377,0.35525063705207466,-0.6132632798242568,0.60940182990362
32,473000000,0.20774210261558654,-5.407205886180045,-2.1997333518294355,0.35464622360769243,0.35455829436536235,-0.6135853580863964,0.6099405547424409
32,506000000,0.20842468933608946,-5.408749908847396,-2.198043491474253,0.3543532737097915,0.35408258161964823,-0.6139549177384713,0.6100152799639249
32,539000000,0.20781501176897288,-5.409803587821566,-2.1962383286011002,0.35390117528180515,0.3538287765326944,-0.6140860233815311,0.6102929713825905
32,572000000,0.20777847546856645,-5.410440737429936,-2.194191064902755,0.3536085545403255,0.3535574699792379,-0.6142435651374163,0.6104612586111086
32,605000000,0.20825059360341563,-5.413782668822804,-2.194310376190546,0.35287036014175627,0.3526459407603937,-0.6147676220995942,0.6108879768146158
32,638000000,0.20784054059042575,-5.415025634479781,-2.192711172347556,0.35245923265724727,0.35236944383031377,-0.6148950501213253,0.6111565607155607
32,671000000,0.20838284308847346,-5.416705966105373,-2.191372036025692,0.3520867456486409,0.35185120494843675,-0.6152876867499908,0.6112746646547096
32,770000000,0.20790444471768915,-5.421385784623553,-2.18738126378885,0.35077268645296794,0.35067323333378747,-0.6158974181654001,0.6120924571982481
32,803000000,0.20767748747683903,-5.422059433534443,-2.1852936105517964,0.35053471219142435,0.35051214618971266,-0.6159777577901191,0.6122401921061817
32,836000000,0.20736078193288573,-5.423956482598354,-2.1841587329031404,0.3500476917084344,0.3501191152360269,-0.6161752133847034,0.6125449576041369
32,869000000,0.20765561577177,-5.425815966128883,-2.1829959002291734,0.34963898528191867,0.3496270421523096,-0.6164948638064635,0.6127377858979381
32,902000000,0.20779944980621387,-5.427654112365649,-2.181678817719158,0.3492741881793613,0.34921595009828693,-0.6167388139447171,0.6129347412593469
32,935000000,0.20776793309631716,-5.429309798913472,-2.1803618796677613,0.34889646472184105,0.348851340122807,-0.6169525136372427,0.6131423939965419
32,968000000,0.20790377508566862,-5.430910633162034,-2.1790252553268195,0.34854773239199466,0.34843959239994005,-0.617152286644545,0.6133737716775729
33,1000000,0.2074849931980908,-5.431774323547146,-2.176962116885089,0.34831329323847393,0.3483440759918102,-0.6171898875241748,0.6135233469173584
33,67000000,0.20809711913810605,-5.436659104464234,-2.175610661807921,0.34741102998136086,0.34723796408782004,-0.6178467490139842,0.6140006248175051
33,100000000,0.2081350388385529,-5.437997077080151,-2.174301052841695,0.34709366986440066,0.3469158506016721,-0.6180304026555827,0.6141773345986964
33,133000000,0.2079366550126418,-5.4394862450825565,-2.1731126495784885,0.3467191116692613,0.3466044689829146,-0.6181883292710139,0.6144057203814617
33,166000000,0.2074057513533056,-5.440615874036744,-2.1713506062568713,0.346418996187323,0.34648086586630705,-0.6182415886719451,0.6145911052931786
33,199000000,0.20783185969464946,-5.442232810773209,-2.169878275031778,0.3462064771601711,0.3461610070022683,-0.6185040216640482,0.6146270475572305
33,265000000,0.20750345818426552,-5.4451579190811135,-2.1669744702643774,0.34561309714085947,0.3456566317458341,-0.6187299126722029,0.6150173779491729
33,298000000,0.20743660546577786,-5.446855467279451,-2.165693964600975,0.3453035465829307,0.34535705872936356,-0.6188768740745464,0.6152116525544449
33,331000000,0.20750376818613872,-5.449109600888047,-2.1651176869633963,0.3448637621029586,0.3449174835847625,-0.6191595665479418,0.6154204629827594
33,364000000,0.20755960181095562,-5.450783743989938,-2.1638197039330898,0.3445784661024001,0.3446124272529495,-0.6193324323441457,0.6155772038729439
33,397000000,0.20760513687720608,-5.453289054113558,-2.163318739932285,0.3441074942227665,0.34411237737301187,-0.6195916035531779,0.6158595204791627
33,430000000,0.20824625233124416,-5.456102145818319,-2.162865695574333,0.34371034944566237,0.34351647221395265,-0.6199853202457262,0.6160177202657613
33,463000000,0.20821384288031858,-5.457084884780009,-2.1606457643327004,0.34362236668349483,0.3434427473342347,-0.620034908554991,0.6160580009962949
33,496000000,0.20775769206175573,-5.457555396564714,-2.1582723350842876,0.34356992095521954,0.34354218745823917,-0.6199560500570582,0.6161111676060439
33,529000000,0.20745451251698888,-5.458036801551058,-2.1559056144953934,0.34351873528480065,0.343572561176404,-0.6198842033591172,0.616195056894203
33,562000000,0.2080837620732103,-5.461207554553307,-2.1559015757654074,0.34304595558487255,0.342871437169243,-0.6202737667238765,0.6164568956906342
33,628000000,0.20784947483244975,-5.464280545096859,-2.153211305258356,0.342553116352463,0.3424731989829571,-0.6205132173941762,0.6167112918495362
33,661000000,0.20759291735551708,-5.4649698749116755,-2.150922559111511,0.3425140741518695,0.34251848992884737,-0.6204765523571637,0.6167447130212935
33,694000000,0.20812483672013415,-5.469081433546216,-2.1518273845690254,0.34181001117270404,0.3416431402178694,-0.6210067475010509,0.6170871093795068
33,760000000,0.20762359628136237,-5.470662194891943,-2.1474977650875524,0.3417055184874442,0.34171348414093355,-0.6209627236792874,0.6171503294921682
33,793000000,0.20796570212854604,-5.474073581875571,-2.1478015496630194,0.3411309404999302,0.34100302648840647,-0.6213399427417916,0.6174814109857942
33,826000000,0.20751785415308696,-5.474536090958111,-2.145438585726844,0.34110521860502213,0.34114742035529955,-0.6212800797712791,0.6174760966262078
33,859000000,0.2076395195461,-5.476560132106655,-2.1442430723302,0.3408844782366682,0.3408573912154412,-0.6213902207192079,0.617647314367716
33,892000000,0.20786853894451135,-5.478625038243534,-2.1432344435892294,0.34060542859916404,0.34050721302467396,-0.6216174530513655,0.6177657500613662
33,925000000,0.20757846080723477,-5.479699843756975,-2.1411851404397493,0.3405512920045591,0.3405556696504883,-0.6215879842689997,0.617798536090314
33,958000000,0.20780194432869253,-5.481943117487247,-2.1405242097737713,0.3402278781387796,0.34013534474853174,-0.6217908367360143,0.6180041209742119
33,991000000,0.2075499095564476,-5.483322748862918,-2.1388148698399267,0.34010968954516535,0.3401181169253953,-0.6218196695387557,0.6180496454099194
34,24000000,0.20775832301345676,-5.485319246057565,-2.1381537626147664,0.3398301372908138,0.339758057559435,-0.6220038087747546,0.6182161450350878
34,57000000,0.20825689304692982,-5.488001206356637,-2.137355643728851,0.3395725957402699,0.3393573830345978,-0.6223110364353516,0.618268544188432
34,90000000,0.20754617912585965,-5.488716725639195,-2.1356028672945717,0.3394186251561293,0.33941849186844325,-0.6221845496448123,0.6184468210429711
34,123000000,0.20770782902270038,-5.490378060357436,-2.1341687788228625,0.33930488648061274,0.3392767564407985,-0.6223229934486135,0.618447708682429
34,156000000,0.20756708789231765,-5.492430523226284,-2.1332972075479435,0.33901420991480186,0.33901617608380413,-0.6224279327745506,0.6186443779194614
34,189000000,0.20756311762583957,-5.493586593808595,-2.131501929543764,0.3389607152794954,0.3389854138853154,-0.6224824310530134,0.6186357132437027
34,222000000,0.20768022501147262,-5.495779097527463,-2.1304298514216606,0.33874999394043687,0.3386987798652984,-0.6225811684303376,0.6188087481920629
34,255000000,0.20779101514300571,-5.4977871653790995,-2.1294730219735682,0.338498621285698,0.338425531229573,-0.6227765330556583,0.6188992107563538
34,354000000,0.2074226263187359,-5.502262667500215,-2.1252150316354914,0.33810211228277604,0.3381535079543503,-0.6228990584190208,0.6191412841579775
34,387000000,0.20737077383564112,-5.503035293638302,-2.1229555716696757,0.3381855541128402,0.3382520867906667,-0.6228402648859217,0.6191010105047362
34,453000000,0.20774524661651633,-5.508256083608254,-2.121834544104563,0.3375709546359378,0.33746298237543343,-0.6232245111819119,0.619480261811889
34,486000000,0.20736732908133898,-5.508631509870714,-2.119612298748917,0.3375838736361794,0.33765898964270213,-0.6231911417832268,0.6193999804465447
34,519000000,0.20756602159378934,-5.5116198392971905,-2.1195482449061975,0.33715906359886866,0.33713712917570066,-0.6234425223634863,0.6196626043851242
34,552000000,0.2080378697993416,-5.514125383394883,-2.11858007564323,0.33697984100572564,0.3367964569145316,-0.6236755992702608,0.6197108037144868
34,585000000,0.20744337682245853,-5.513672340990495,-2.115546541689678,0.3372317716042702,0.3372488707718285,-0.6233811776544587,0.6196239494483022
34,618000000,0.20732821483759184,-5.5151873154501585,-2.1141963780837107,0.3371064935002975,0.33715614968895796,-0.6234212288497134,0.6197022786680426
34,651000000,0.20761339098504067,-5.5183141258530215,-2.114468922098942,0.33663566341521395,0.3365985783447428,-0.6237725587444352,0.6199077529203172
34,684000000,0.20734748063298727,-5.519275148020582,-2.1127143887454434,0.3366355004835332,0.3366933122644382,-0.6237084514581289,0.6199208988817085
34,717000000,0.2073935008044103,-5.520895784713917,-2.111380013582206,0.3365560969365354,0.33657857276482206,-0.6237367401774512,0.6199978523537383
34,750000000,0.2075195163863489,-5.522371182570714,-2.110179810707012,0.3364719241101657,0.33644673779569056,-0.6238116984190185,0.6200396776237955
34,783000000,0.20801424476335298,-5.524641602300778,-2.1097868011528456,0.33623888942295704,0.3360506768344647,-0.624073125674231,0.6201177998170269
34,816000000,0.20732981906220102,-5.525350925970114,-2.108191470766425,0.3361625583764848,0.336213049150745,-0.6239497733439907,0.6201952920415615
34,882000000,0.2073070763662125,-5.5278926386811325,-2.1067032528388334,0.3358885698340779,0.3359379474814433,-0.6240764478019748,0.6203653370358808
34,915000000,0.2071492570881632,-5.526056560615956,-2.1067389874946776,0.3359244210846874,0.33604473202315044,-0.6240381534734399,0.6203266110750578
34,948000000,0.20776153788930996,-5.525431259461034,-2.10874437944394,0.33566074178176686,0.33556031618179233,-0.6243162631914113,0.6204517258781718
35,14000000,0.20710883345924821,-5.521425107983969,-2.110186099820281,0.33555055220425317,0.3356895480354394,-0.624225676946932,0.6205325603828761
35,47000000,0.20779250103035624,-5.521008509204308,-2.1120570646085235,0.3353191200162125,0.3352231295032768,-0.624520625854432,0.6206130268371512
35,113000000,0.2074313839396071,-5.515288884287532,-2.115607118332766,0.3351264909874103,0.3351675257181437,-0.6245114893354817,0.6207562842456137
35,146000000,0.20798560058818416,-5.511772342722419,-2.118814571690524,0.3349981768508659,0.3348369430965966,-0.624682373242336,0.6208320027226735
35,179000000,0.2074698946590853,-5.505376813562473,-2.120500797212302,0.3351887629493891,0.33523044717515404,-0.6244778934525362,0.6207224831342003
35,212000000,0.2072555545459301,-5.501306618296398,-2.12393011166768,0.3349550197587891,0.33508557047054166,-0.6245521056247323,0.6208522066969997
35,245000000,0.20758876307838683,-5.497893323535442,-2.126025141886809,0.3349447645661664,0.33498166432577126,-0.6246636520642036,0.6208015875020483
35,311000000,0.2080481059576195,-5.495427337489142,-2.1304906936951307,0.334399759235997,0.33424089139707047,-0.6250033899501934,0.6211526302703431
35,344000000,0.20756111651643247,-5.492202757571772,-2.130434374020749,0.3345528786599578,0.3345973728851017,-0.624850248985757,0.6210323146030013
35,410000000,0.20793052277220392,-5.489206930331624,-2.1337089719465023,0.33426006137819,0.33417515696230543,-0.6250686118437855,0.6211975582086187
35,476000000,0.20798602205514105,-5.486438023009592,-2.1347727120355318,0.3342223601248731,0.33413898957587,-0.6251061446029845,0.6211995312436809
35,509000000,0.20764984337905418,-5.48601819645095,-2.1339243275487068,0.3342628638497343,0.33429715744145294,-0.6250118279913977,0.6211875427343903
35,542000000,0.20780507100931386,-5.487835657128103,-2.133628727014178,0.33407908593180824,0.33406054242680416,-0.6251560421497571,0.6212685742093575
35,608000000,0.2073017042575067,-5.490582009783576,-2.130108781770239,0.3340852663854675,0.33422375766401646,-0.6250236317475361,0.6213106906807708
35,641000000,0.2072997892387671,-5.492869827561087,-2.1289167744108344,0.3339610676449543,0.33408967143358875,-0.6250879113516239,0.6213849047256488
35,674000000,0.20779645185712825,-5.4953805612955815,-2.127700113232336,0.33391132305232996,0.33383367729812985,-0.6251952607219915,0.621441220237129
35,707000000,0.20820899272596363,-5.498950736586539,-2.1278184693715456,0.33354917373654513,0.3333443539384592,-0.6255136978306259,0.6215779148451751
35,740000000,0.2078532850623493,-5.5005955885254325,-2.1265423118934015,0.3334422583117093,0.33335290884231916,-0.6254758475340826,0.6216687724905224
35,773000000,0.20756441006842938,-5.501555963251034,-2.124342741967973,0.33354897325191196,0.3335644146311813,-0.6253598172231575,0.6216148025401035
35,872000000,0.20754810023679243,-5.507374070033294,-2.1202611131925524,0.33340019267376275,0.3334491459828538,-0.6254831350137581,0.6216323884594208
35,905000000,0.20816191640818923,-5.510396241671153,-2.1195913527004424,0.33323192668440454,0.33305266109186693,-0.6257163850519879,0.6217004209869077
35,938000000,0.20771694737779922,-5.51119319163115,-2.117624520805809,0.33329716079325294,0.3332753220944401,-0.6255706668820922,0.621692772216871
35,971000000,0.20746333905025258,-5.51242983457951,-2.1160268977960826,0.3332870607285208,0.3333446601324369,-0.6255042477019146,0.6217278414378716
36,4000000,0.20761588075499418,-5.514177836268262,-2.11481338592841,0.33326011644967785,0.33326534453319234,-0.6255635063958808,0.6217251839702256
36,70000000,0.2078534993229846,-5.518736909226693,-2.1132696737122685,0.3329492829282127,0.33285572740204494,-0.6257780305734831,0.621895245346688
36,103000000,0.20790647256907868,-5.521242961288722,-2.112702123374809,0.33273188369066475,0.3326035055517958,-0.625897935863809,0.6220258640536916
36,136000000,0.207822448749301,-5.522527216666442,-2.111013257241074,0.3327895547171372,0.33270227820872383,-0.6258670588638218,0.6219732558358471
36,235000000,0.20728610717775478,-5.526103591437881,-2.105464759320427,0.3330044796039326,0.33310591513384163,-0.625652857609212,0.6218576747391538
36,268000000,0.2074521859229815,-5.52871078731992,-2.105066939675392,0.3327814669817235,0.33281205890875315,-0.6258001670245651,0.6219861571051523
36,301000000,0.2077343225543544,-5.530961874979504,-2.104370366744084,0.33265003103697255,0.3325552538780369,-0.6259017147413475,0.6220916358970409
36,334000000,0.20787582148104708,-5.532629134491969,-2.103295498664982,0.33261286516571803,0.33247073255619347,-0.6259611735835473,0.6220968598905705
36,400000000,0.207123391187031,-5.535398886045937,-2.1007409228668528,0.33246607919618754,0.3326051818461914,-0.6258847416703802,0.62218035113396
36,433000000,0.20743092048351391,-5.537235424771799,-2.099495273754561,0.3324925029479919,0.3325225058887398,-0.6259492720088036,0.622145503425446
36,466000000,0.20796950418351728,-5.539499408677232,-2.0985097047293353,0.3324685648822456,0.33230783062104635,-0.6260947295184627,0.6221266340081231
36,499000000,0.20748458757485178,-5.54076073293333,-2.0972552190747096,0.3323576477996058,0.33235924417777907,-0.6260301362266967,0.622223428757446
36,532000000,0.2071339040800536,-5.541453910272871,-2.09565077188286,0.33239760593196216,0.33253427698209354,-0.6259371010944248,0.622202163027584
36,565000000,0.20719177166279895,-5.54267602343229,-2.094416404702221,0.3324245587736663,0.33256351137199025,-0.6259693823643018,0.6221396595383708
36,598000000,0.20754256367724955,-5.544741659914454,-2.0936578679735165,0.3323512690223596,0.332349729393651,-0.6260869962902155,0.6221747057117398
36,631000000,0.20769574626157067,-5.546515732168319,-2.092911584738175,0.33226487883312916,0.3321777473918038,-0.6261249894345918,0.6222744507347584
36,664000000,0.2076651502369455,-5.549507872506828,-2.093267724601934,0.33186501984806316,0.3317755389855679,-0.6263222373975039,0.6225038596454365
36,697000000,0.20764096640030918,-5.550375930756456,-2.0914979796319813,0.33200243999488754,0.3319410040183604,-0.6262807311849006,0.6223841220944107
36,730000000,0.20702235650251075,-5.550046652446408,-2.088611577370312,0.3323818536439605,0.3325452513459498,-0.6259306131333257,0.6222112396268673
36,763000000,0.2080028624141677,-5.553803205711206,-2.089144297611411,0.33210837170268304,0.33189197391128544,-0.6262967682489956,0.622337613501809
36,796000000,0.20724165277112966,-5.5535995685225545,-2.086525327915724,0.3324218467394609,0.3324861564179459,-0.6259580585846718,0.6221938447892716
36,829000000,0.20714137001698102,-5.55578513918418,-2.0859130453158503,0.3322410151142885,0.33235584699356185,-0.6260589803941656,0.6222585089115592
36,862000000,0.20712984577296734,-5.55747459619345,-2.084718417159826,0.3322007242937334,0.3322978362112866,-0.6260556131456322,0.6223143868470843
36,895000000,0.20711960384845327,-5.558716329204773,-2.0833151598121535,0.3322380346017161,0.3323299486404482,-0.6260256688027309,0.6223074445968965
36,928000000,0.2075114915281279,-5.5608857783953995,-2.0828852815977905,0.3321187852479968,0.33206029630006606,-0.6261693627622327,0.6223704694508302
36,961000000,0.2073851362218067,-5.562651223279295,-2.0819402088817847,0.33203349134034166,0.33202760159455447,-0.6261964104381085,0.622406208164844
36,994000000,0.20732169500619696,-5.56393915787101,-2.080170432776044,0.3321258350190771,0.3321326769957803,-0.6261261613604217,0.6223715487107044
37,27000000,0.2073219665860045,-5.564821246987947,-2.078164982958555,0.33229537246923885,0.33230621752988254,-0.6260536080367237,0.6222613945045221
37,60000000,0.20803858290427335,-5.568239384264065,-2.0788451637875065,0.33173857912996985,0.3314719023079957,-0.6265022823281972,0.6225518318459173
37,126000000,0.20733052412421865,-5.57038965598403,-2.0762612756136445,0.3317124858695389,0.33175051428958324,-0.6263996793366098,0.6225205737273591
37,159000000,0.20716245258179997,-5.571437864719521,-2.07451951762353,0.3317983943012978,0.33191358259076764,-0.6263447864870644,0.6224430959303157
37,192000000,0.20714534543929436,-5.573001971934046,-2.0732944743351567,0.3317991491963241,0.33188477268331457,-0.6262977120632814,0.6225054201513743
37,225000000,0.20754143086841265,-5.576025313676364,-2.0737732369504296,0.33145862772278256,0.33136987843083066,-0.6265225035467563,0.6227348828565582
37,258000000,0.20702158098389958,-5.576835460819814,-2.072345741249447,0.33146334385547344,0.33156272833483713,-0.6263802443187534,0.6227728304819391
37,291000000,0.20661651894661742,-5.577359576952383,-2.069808906772857,0.33170136801073974,0.33195831133318043,-0.6261846075552518,0.6226320898070564
37,324000000,0.20636937517346404,-5.579724443047985,-2.0695856817985248,0.33138485141103285,0.3316639372781398,-0.6261564390204473,0.6229857356614859
37,390000000,0.20566976975690746,-5.582603980995869,-2.0678851355924097,0.3311402632366023,0.3316675644043624,-0.6260713974556885,0.6231992924206134
37,423000000,0.20578083299560013,-5.584738514406252,-2.0661624415543756,0.3311948731370854,0.3316959964778035,-0.6261294799765624,0.6230967791864971
37,456000000,0.20367047395597515,-5.583710891908511,-2.0648715132615054,0.3309958777077033,0.33219342231729054,-0.6254481149247337,0.6236216117540592
37,489000000,0.20402575056219122,-5.586389960806246,-2.0652363691477764,0.3304459314819955,0.3314751225352616,-0.6257381263098938,0.6240044285014433
37,522000000,0.2039812226480265,-5.587756744035397,-2.0641657421750543,0.33035286028364946,0.33142315619401846,-0.6257989100233056,0.6240203550000989
37,555000000,0.2034860095393922,-5.589057794561606,-2.0632731086499825,0.3301989033709185,0.3313872817361576,-0.6256155863101828,0.624304646692566
37,588000000,0.2009489592319507,-5.586743452739132,-2.061303757309837,0.3301543971302514,0.33221039969903626,-0.6247364705957383,0.6247708913633436
37,621000000,0.20174559575282835,-5.589084911171456,-2.0603784443147126,0.3302054103876056,0.33198591470658806,-0.6249592271427176,0.6246404596216614
37,654000000,0.2003241787874066,-5.5905658245594045,-2.061978686182244,0.3294262536953435,0.3316009506606481,-0.6246818174083912,0.6255331964784564
37,687000000,0.200242172186929,-5.591035897683384,-2.059771608123091,0.3297083342281962,0.331996480228273,-0.6246453421124518,0.6252111227687205
37,720000000,0.19921129823600606,-5.590145232186767,-2.0581158381234568,0.3297605551179398,0.3324179242707583,-0.624219138399689,0.6253852949721305
37,753000000,0.19823707502237511,-5.591035611679168,-2.058690741316064,0.32927942587249653,0.3322223576385912,-0.6239875005550733,0.6259736128090126
37,786000000,0.19999820690754874,-5.594114790953335,-2.057499323776187,0.3295605117863331,0.33193848652853275,-0.6245380582730548,0.6254269933419886
37,819000000,0.1984614957096906,-5.592641684257247,-2.0574959341852743,0.3292873368073819,0.3321542806077652,-0.6239971312025349,0.625995977577529
37,852000000,0.19755656466078078,-5.591813491865387,-2.057372271774398,0.3291557616533749,0.3322995653889174,-0.6236756160660272,0.6263083979457603
37,918000000,0.1981944664870062,-5.589768705201782,-2.0577416717462746,0.32951847521857147,0.33252164433799497,-0.6239465708562963,0.6257296598796102
37,951000000,0.20097827000179178,-5.5926532181379764,-2.0605785703752137,0.32941263564998785,0.3314269753342934,-0.6249485852749069,0.6253660857911808
37,984000000,0.19977276300725935,-5.588172871024084,-2.0599533096029643,0.3297573884008427,0.3321973779195396,-0.6244082880268838,0.6253153258491068
38,17000000,0.20164247079465325,-5.590130053429609,-2.0620400643418484,0.32965207150644743,0.3314329496835721,-0.6251477003731953,0.6250376503328903
38,83000000,0.20219202383985618,-5.586157520055441,-2.063142315013353,0.3298967396732722,0.33157820091452966,-0.625388778623756,0.6245901963709611
38,116000000,0.20255439406389011,-5.585415679968027,-2.0641946188828064,0.32956154047007097,0.3310557034604044,-0.625644464223102,0.6247882174275682
38,182000000,0.20520090117222592,-5.584766821807025,-2.0659228507518748,0.3288119099552262,0.32947930020996735,-0.6270563847601686,0.6246009997880678
38,215000000,0.20426849198599634,-5.583107270766381,-2.0684083229008543,0.3275331960152933,0.32851507428918986,-0.6273785471180152,0.625456641254103
38,248000000,0.20562993969097584,-5.581249366367921,-2.0671166672422903,0.3272631994867715,0.3278225899390174,-0.6280641903549168,0.6252731567732452
38,281000000,0.20592417612331312,-5.58035417177882,-2.068296607420852,0.32606652296879574,0.32656566648195484,-0.6288421277335617,0.6257739739408819
38,314000000,0.20463152786619082,-5.577688459803894,-2.06919095025089,0.3245944706615123,0.32551003451727134,-0.6291290927269904,0.6267999934022428
38,347000000,0.20634626443298096,-5.577456055636333,-2.069628806537065,0.32337930430136463,0.3237268156050447,-0.6303216016377823,0.6271534524472968
38,380000000,0.20596122436178307,-5.57569857776664,-2.070206149786086,0.32170556725038024,0.3222159140270767,-0.631091922222181,0.6280170526774884
38,413000000,0.20497584583255737,-5.574186483792596,-2.0729347865492618,0.3193250263824098,0.3201437758151641,-0.6318780377864652,0.6294995120695565
38,446000000,0.20600888622400162,-5.57415663690472,-2.0739414558886002,0.31735865603849867,0.3178344121714394,-0.6331841426464703,0.6303511809920943
38,479000000,0.20498312317736936,-5.571402409631677,-2.073950439981934,0.31524396917010045,0.3161073014649202,-0.6339695627443791,0.6314903066367271
38,512000000,0.2051890262526209,-5.570097902746362,-2.074271988109957,0.3129797509024169,0.31378566191923685,-0.6351647950283342,0.6325724599250127
38,545000000,0.2037122924067248,-5.567105654118226,-2.0749856170676404,0.3103078091860705,0.31158864641982,-0.6359459702267699,0.6341879074318101
38,578000000,0.20514107037420107,-5.568315742040516,-2.0770023122652663,0.3074136146887704,0.30821960782402325,-0.6377488512775992,0.6354320935795519
38,611000000,0.20196400583314872,-5.5644399537304325,-2.077779632645995,0.304244284229205,0.30600319590667635,-0.6380929347962792,0.6376792815921108
38,644000000,0.2004786604193828,-5.562777691844503,-2.076896840268639,0.30144289250639633,0.3037133385643556,-0.6389750521363213,0.6392192685478557
38,710000000,0.19904334311550903,-5.561431758274871,-2.073592012378704,0.29585111008099435,0.2985641549219232,-0.6408750792563532,0.6423478020883735
38,743000000,0.19764138040320542,-5.559705995854268,-2.071666881311319,0.2928775469742854,0.2959666649401487,-0.6414527804582494,0.6443328380308675
38,776000000,0.20464811672415145,-5.575258071756195,-2.061218599169045,0.2921427599634916,0.29324089388852215,-0.6452817461516045,0.6420855504026785
38,809000000,0.12693134528608688,-5.4706382717286735,-2.0382317496570184,0.29192004496897583,0.3148690717138169,-0.6396807374809272,0.6375333004002595
38,842000000,0.12651345855545829,-5.479965209250442,-2.029886441548091,0.2898436377496264,0.31320843973638757,-0.6411222635760653,0.6378505954226767
38,875000000,0.12730526920970137,-5.494571063229236,-2.0253086514803393,0.28695792669799297,0.3103104450249686,-0.6429462354307371,0.6387352459032134
38,908000000,0.1252003990410808,-5.49928345977823,-2.015281395692151,0.2858570064299453,0.31003938924671287,-0.642920028046424,0.639386570493329
38,974000000,0.12390614027766127,-5.516611748888126,-2.005457439102277,0.28296926994983457,0.307831321287794,-0.643508659230103,0.6411434125015587
39,7000000,0.20360176939247288,-5.631341530571231,-2.0010746653508997,0.28232178200648306,0.28373833664734516,-0.649558061348852,0.6464219153602412
39,40000000,0.20584009980105428,-5.6467775559505835,-1.9943800125310192,0.28106105810475884,0.28181778122296136,-0.6503209640816658,0.6470440970130964
39,73000000,0.20571831633855306,-5.651748397203096,-1.9792133033304007,0.28137376189049823,0.28215721569002156,-0.6501681450821625,0.6469138233753119
39,106000000,0.205192523593088,-5.667530157365798,-1.970299913349931,0.2799520630557193,0.2808799477212735,-0.6507382202516291,0.6475129852463837
39,139000000,0.20917974713614523,-5.690418635487463,-1.9648525336526885,0.27807646772481065,0.2777817135583438,-0.6519186560537354,0.6484696319793041
39,172000000,0.20557919556843637,-5.694521807043283,-1.949197150498719,0.27798049718080586,0.27877838323116727,-0.6516459714926368,0.6483571423741287
39,205000000,0.2074061872832806,-5.710075677840166,-1.9415251150742872,0.27666451723937396,0.2768866092781817,-0.6523657933796146,0.6490064885124969
39,238000000,0.20627497933371589,-5.717240467478974,-1.9289074970720383,0.2763871992965917,0.2769351449771699,-0.6523786753776212,0.6490909839567951
39,304000000,0.20389328425323414,-5.730050872563706,-1.9038707730826865,0.27544027113746017,0.2767242218375751,-0.6525445969583523,0.6494165928466663
39,337000000,0.20519881925034075,-5.745970449469432,-1.8977647823224253,0.27356117141114134,0.27444296045275524,-0.6534715359903576,0.6502463368635724
39,370000000,0.20453250768043224,-5.75130505949014,-1.8835198168437464,0.27330102945833845,0.27439407728064286,-0.6535348764159928,0.6503126962917531
39,436000000,0.20418993999462876,-5.775825228813804,-1.8618879466141087,0.27015787397786806,0.27139939154171766,-0.6547702202968675,0.6516387434851734
39,469000000,0.2036258428920258,-5.782464125549457,-1.8495098369135548,0.26830453391417236,0.2698617283339089,-0.6554156065760354,0.6523938283876558
39,502000000,0.20537336915183463,-5.794819277379763,-1.8420985893821589,0.26498378849961,0.2658594312295609,-0.657040833131856,0.6537581343708734
39,535000000,0.2051938446661142,-5.805348945675026,-1.8360321433151696,0.26103480011802715,0.261741558514472,-0.6586848097654637,0.6553522038247768
39,601000000,0.2062412942288704,-5.815614113844537,-1.817792184290717,0.25286036631457076,0.2534866029404625,-0.661876667692616,0.6585783583151543
39,667000000,0.20505104673152,-5.820278622615739,-1.8033005746182285,0.24304362980809366,0.2442583646322666,-0.6653590506919229,0.6622423868790189
39,700000000,0.20511925798556901,-5.822656354987264,-1.797784338371841,0.23753949490132092,0.2387043403467889,-0.667379352073184,0.6642288963060903
39,733000000,0.20523671261486426,-5.823559507654192,-1.7924990289754632,0.2320577686705724,0.2331694365754582,-0.6693395907699116,0.6661574273958715
39,799000000,0.2047155180776892,-5.82076963692927,-1.7766282128189712,0.22078849626444835,0.2223335530459503,-0.6732497320784561,0.6697425097479887
39,832000000,0.20556187786831823,-5.825221372390375,-1.7724077548594301,0.214471661274559,0.21527412513254718,-0.6752215430522118,0.6721122118788925
39,865000000,0.20871343837416517,-5.829685647655408,-1.7667259748242654,0.20887907817671333,0.2086242852236588,-0.6770145743924489,0.6741637073998981
39,898000000,0.20688171752177084,-5.8318234915197005,-1.7588265924809816,0.20343367909726562,0.20410314125443316,-0.6787799663449051,0.6754364538784039
39,931000000,0.20626103279763883,-5.834121263183194,-1.7508000484612238,0.1999663943235044,0.20082056624378897,-0.6797766298233393,0.6764527144308045
39,964000000,0.20416149858680321,-5.833101245767662,-1.741335032968822,0.19739183726096565,0.19900624315808113,-0.6804530580451963,0.6770647041190289
39,997000000,0.20427921439023158,-5.841489266861728,-1.7333800312713472,0.19382495783835937,0.19538037704121794,-0.6813653033565613,0.6782327899534282
40,30000000,0.20153710858647075,-5.839828743262959,-1.7214909023752765,0.19203804488359466,0.19459231408105393,-0.6818087145498,0.6785219947664307
40,63000000,0.2047603471167491,-5.849740891737434,-1.71159328386261,0.18982508152579117,0.19124299432325667,-0.6825670912310537,0.6793340279379357
40,96000000,0.2065216356526581,-5.854979033438234,-1.6988564832939332,0.18838143329438034,0.18916763054523322,-0.6830418910585854,0.6798395532792783
40,129000000,0.20605054063122558,-5.86643793319366,-1.6874915333624179,0.18571913642743257,0.18666001106485686,-0.6837126577360535,0.6805905114570864
40,162000000,0.1963191902684103,-5.859006987657051,-1.6757554610440752,0.18455069353551126,0.18844923974521777,-0.6851922647718266,0.6789252431982966
40,195000000,0.19825418497936761,-5.872907318460453,-1.6616125293207367,0.18219535689618338,0.18553347858970543,-0.6857993226073358,0.6797510348349571
40,228000000,0.2002172101615357,-5.88281667857237,-1.6436259636794122,0.1805770102733322,0.1833131051265108,-0.6857494847432039,0.6808347031578607
40,261000000,0.20473199531914038,-5.895564517497633,-1.6245798161699991,0.17868927644967125,0.1800415586868469,-0.685519038626019,0.6824359510670304
40,294000000,0.20624522214165936,-5.909467159914368,-1.6061287950966114,0.17625166487232988,0.1771452407149597,-0.6862277039197782,0.6831152557912612
40,327000000,0.2062076873241581,-5.917102084772599,-1.585479746740959,0.1742059040938579,0.17511209689520407,-0.6867287190388492,0.6836605319506659
40,393000000,0.20563139546314915,-5.942064997401272,-1.5435934825518747,0.16915082127544576,0.17023562214562757,-0.6880306685587362,0.6848515399246408
40,426000000,0.20511142127999754,-5.952021278086008,-1.5204075229182974,0.16732705485051474,0.16857594193990613,-0.6884325544316974,0.6853060823550119
40,459000000,0.20481752362900874,-5.959699983466154,-1.495213658459122,0.1659476058413997,0.16728001325092828,-0.6887359289102167,0.6856541471547135
40,492000000,0.20551250996190382,-5.9752069772544605,-1.47312039751799,0.16369681804643646,0.16479336786622648,-0.689276867710587,0.6862535226196368
40,525000000,0.2047880667250688,-5.982230275380207,-1.4506008118516696,0.16229037688091205,0.16362684562920377,-0.6895997599470891,0.6865422492769148
40,558000000,0.20670557049437213,-5.99301941338006,-1.4296801390965046,0.16052722021955024,0.16123175811627974,-0.690065034177815,0.687055733073008
40,591000000,0.20617365733144194,-6.003470626561473,-1.409244090425212,0.1581965679231218,0.15906512619595206,-0.6906617250722988,0.687501645849497
40,624000000,0.20535694179504918,-6.012888695113952,-1.3902252350333268,0.15570627339658702,0.15686759168257952,-0.6911599078693628,0.6880741942978742
40,657000000,0.20716150104615974,-6.02663602080689,-1.370861636358777,0.1529020103863918,0.1534593895105108,-0.6919318161086053,0.6886955443790153
40,690000000,0.2070295882637106,-6.033816636177357,-1.3482026773948355,0.15113093575712258,0.1517184469991169,-0.6922591716943344,0.689143085507231
40,723000000,0.20414765450360456,-6.041897299941688,-1.326146652270675,0.14888639278322433,0.15047617222760767,-0.6926610866663315,0.6895000961957464
40,756000000,0.20545700733626954,-6.049711766943478,-1.3019706241693425,0.1470094195649178,0.14816064478580007,-0.6930783914550088,0.6899847804074953
40,789000000,0.20534525235458473,-6.062850744118741,-1.2775473003102042,0.14438700014943037,0.14556261533747636,-0.693670616284378,0.6904961949986499
40,822000000,0.2055004971602941,-6.072922608667125,-1.2527927565693997,0.14265185581790787,0.14379289002718978,-0.6939617089582861,0.6909350181522359
40,855000000,0.20482643846709353,-6.084198060418149,-1.2277578221305934,0.1403159609040215,0.1417026856882801,-0.6945776566424661,0.6912261995015598
40,888000000,0.20452902784823812,-6.0924922877210115,-1.2033097880702042,0.13855351678078567,0.14007143759272178,-0.694807458188949,0.6916831004176672
40,921000000,0.2050259675872132,-6.099702059095303,-1.1788513715018287,0.1370288204470671,0.1383765540567024,-0.6951328314428542,0.692000995884051
40,954000000,0.20533834364895073,-6.111142831796374,-1.156109884937803,0.1343391020093093,0.13557886255767732,-0.6957244708241684,0.6924874283301682
40,987000000,0.20480002877237494,-6.1170570182021065,-1.1335213911744568,0.1322646372838109,0.13374101041969738,-0.6961011623609402,0.692865484503196
41,20000000,0.20471327048481527,-6.126035750379813,-1.1120276572053838,0.12944505538246656,0.13096731517326426,-0.696590115157862,0.6934361913382469
41,53000000,0.20529542337907286,-6.134174631980904,-1.0916494143875883,0.12654675525036485,0.12785636605170533,-0.6971540466014848,0.6939848007722008
41,86000000,0.20577633663944647,-6.141664491080537,-1.0718173784987195,0.1238069061062267,0.12495035721519594,-0.6976834117860298,0.6944761444072822
41,119000000,0.2047845583900083,-6.145013357929316,-1.0523901466785464,0.12145371527367074,0.12300137409724934,-0.6980414977794787,0.6948796474168695
41,185000000,0.20524330968512405,-6.156374152632997,-1.0180320646344914,0.11435933899303877,0.11578302404482498,-0.6992412267789162,0.696116326270852
41,251000000,0.20660134745334974,-6.165400351104657,-0.9842034421091016,0.10726571379648892,0.10813182179101707,-0.7003758534940169,0.6973343814859646
41,284000000,0.20530057917924285,-6.168233805424976,-0.96803971736865,0.10406255951934316,0.10551618090795543,-0.7008531850629556,0.6977407342702541
41,317000000,0.2061630544732575,-6.1743796447677175,-0.951535388184505,0.10057858354447358,0.10168192093658687,-0.7013957097743417,0.698275585852019
41,350000000,0.20541040180672923,-6.174976648623454,-0.9353782535602233,0.09738618717359303,0.09883791577455857,-0.7018296772956232,0.6987002941320782
41,383000000,0.20637563540888323,-6.174182333541203,-0.9167447090673565,0.09443198587632631,0.09572778432355548,-0.7022812193662654,0.6990850307919543
41,416000000,0.20758266315085958,-6.17663821926914,-0.9012631641011862,0.09088470692630819,0.09181135303378381,-0.702756726222153,0.6996024794485416
41,449000000,0.20602661750475423,-6.180933035433169,-0.8848109471218099,0.08662545793566408,0.08812268679021515,-0.7031965597830074,0.7001749927122886
41,548000000,0.20602061321827606,-6.188180545759171,-0.828847948764286,0.0747094101696671,0.07625464250409336,-0.7046855894275925,0.7014427657205966
41,581000000,0.20655031889566286,-6.18980375608306,-0.8077180809855936,0.07109883840040788,0.0724936505838813,-0.7050367329241461,0.7018638265581019
41,614000000,0.2059780516109895,-6.194102585882372,-0.7857005120282712,0.06696435006477659,0.06858011410199717,-0.7054462614823204,0.7022521740306518
41,647000000,0.20681489587516,-6.201073671053194,-0.7625100739438709,0.06273240815006637,0.06408533300559525,-0.7058421378478491,0.7026696176010696
41,680000000,0.20600100912807545,-6.201406870975739,-0.7388017096878312,0.06025006417992644,0.061895874568661,-0.7060706891936782,0.702853478570932
41,713000000,0.20641467873703576,-6.205239026228528,-0.7141469828376894,0.057674841146366444,0.05921664078025987,-0.7062428151958308,0.7031273626717359
41,746000000,0.20629686295916053,-6.208600883360584,-0.688317812993026,0.05528960125381513,0.056875197679103776,-0.7064626512309226,0.7032914006995487
41,779000000,0.2064672325740651,-6.212900977185757,-0.6616286814330032,0.05283256502027003,0.05436999875831678,-0.7066503211231845,0.7034898343010366
41,878000000,0.20680496522623149,-6.221560457602634,-0.5795297695563898,0.04562096075125844,0.047072131059631137,-0.7071348407076516,0.7040335641679318
41,911000000,0.2081184110894087,-6.227813358396984,-0.5516955931711666,0.04272542209859232,0.043680942405567656,-0.7072864643497274,0.704281457177967
41,944000000,0.2123937106024728,-6.239739910142581,-0.524993901048248,0.039714594058469735,0.039012682426264926,-0.7075898335769923,0.7044269934117819
41,977000000,0.20809234791139,-6.235529772818212,-0.4931954393458867,0.03814662365486584,0.039290782547993584,-0.7075934342887299,0.7044945714922018
42,10000000,0.20972841183477292,-6.238583572094258,-0.46545500905703663,0.036079800630440174,0.03670754094190618,-0.7076104420207837,0.704725667737182
42,43000000,0.2092174202256855,-6.23990416560692,-0.4382843283574266,0.03414360886109136,0.03493633815780365,-0.7077394362754466,0.7047826307384267
42,76000000,0.2091110579999716,-6.239871257849247,-0.41100265321662416,0.03273204534011634,0.033553715096305774,-0.707838730052644,0.7048170639595417
42,109000000,0.21096012271804518,-6.24638234227401,-0.3826141299646499,0.030545008580698228,0.030738685800457966,-0.7078556307265866,0.7050266248126605
42,142000000,0.20808346608495512,-6.239309257059212,-0.3565944959392358,0.029737617047690474,0.030902156471557394,-0.7080060360466534,0.7049029605408375
42,175000000,0.2103062050885488,-6.248018688239131,-0.3278413996043125,0.026730443166187463,0.02711335444947819,-0.7080876663448594,0.7050973026390948
42,208000000,0.2093903925726362,-6.247770023269672,-0.300312746937406,0.024436350205003902,0.025156822380252568,-0.708103835235118,0.7052368095907244
42,274000000,0.20822418202870074,-6.25155739436653,-0.2443526225941016,0.0189095524803477,0.02000852725498296,-0.7084286321547218,0.7052453195913245
42,373000000,0.20899729299600311,-6.248792152885717,-0.16250458278944135,0.013556983224939857,0.014402365128467197,-0.7083774679880663,0.7055566192243973
42,406000000,0.20700827827686574,-6.249718673871547,-0.13577264310845247,0.011667534908561504,0.0132371997125571,-0.7085811733802414,0.7054086517076522
42,439000000,0.20874383028459356,-6.252178373779764,-0.10797111438617467,0.01026767516722586,0.011168620563559889,-0.7084913147190746,0.7055564426245464
42,472000000,0.20924060444496811,-6.252381835117271,-0.08057728457316742,0.009079743475475946,0.009771083601831336,-0.7085141110535729,0.7055705766410835
42,505000000,0.20880761702569514,-6.251475612283854,-0.05350699440753583,0.007915679307528529,0.008791781789550078,-0.7084869353392421,0.7056247650470283
42,538000000,0.20837538032750647,-6.2506583938415,-0.02625819940312157,0.006883011698191981,0.007916721544781347,-0.708578393386162,0.7055541156397789
42,571000000,0.2106310888814901,-6.2538537031207975,0.0021094497344273325,0.005321393148872018,0.00543285171687701,-0.7083862487152269,0.7057840247046869
42,604000000,0.21008990905208416,-6.253714228623561,0.02946930027465808,0.0038909922389264795,0.004206150381177336,-0.7084689252057323,0.7057187474456109
42,637000000,0.20877672846395492,-6.255430080838961,0.05672300649217733,0.0016704295600206635,0.002524103118923799,-0.7085570388376268,0.7056470514940058
42,703000000,0.20056572767130879,-6.248398177788074,0.1024545945928755,-0.001126585586272362,0.001750185928096082,-0.7105027318147746,0.7036913639784679
42,736000000,0.20884886748696332,-6.2518842144545825,0.1351641553377534,-0.0027826015687257032,-0.00218502085766163,-0.7088852849870667,0.7053149194091718
42,769000000,0.20951807842127745,-6.252115253795292,0.16234157060978852,-0.004679440312592605,-0.004132083472770591,-0.7084624463858623,0.7057209014798231
42,802000000,0.21049311799585846,-6.252556021047126,0.18990085936688808,-0.00699233099898859,-0.0068000433287719415,-0.7084054214654341,0.7057383548853698
42,835000000,0.20972956588346464,-6.252855688187525,0.2169871217443344,-0.01022835588967304,-0.009762159979460935,-0.7084262424237072,0.7056432101379255
42,868000000,0.20868616110025548,-6.248576107248144,0.24271327234139528,-0.012092755394830856,-0.01122994796303607,-0.7083961680223222,0.7056220820432126
42,901000000,0.2088781849975234,-6.245777639558184,0.2677947395585291,-0.014088472140190256,-0.013312973506644404,-0.7084333751667732,0.7055114688217198
42,934000000,0.21072810192815436,-6.245734185053087,0.29294269111684584,-0.016413430714550672,-0.01633198319427013,-0.7083136435453282,0.7055179997595119
42,967000000,0.21067825278057678,-6.2426331817576495,0.31572170796259347,-0.018742767150154556,-0.018655479968912633,-0.7082804529284357,0.705435668042221
43,0,0.209884247202999,-6.241195275341647,0.3370383085670978,-0.021985510030407655,-0.021548212430320155,-0.7081617372671026,0.7053788101159545
43,33000000,0.20904720766873763,-6.237550754442906,0.35685612335092753,-0.024603075421494,-0.02384304505389411,-0.7081517357085909,0.7052285566362668
43,66000000,0.21037371039447658,-6.235368395718643,0.37695337640175913,-0.027196924243109658,-0.026928368775692338,-0.7079305772052086,0.7052442754994153
43,99000000,0.21026162232489998,-6.233314034868386,0.3958781752492706,-0.030191818006444916,-0.029892611184573932,-0.7078891157272669,0.7050445984169382
43,132000000,0.20947753266235106,-6.231619801526746,0.4142729139227322,-0.03391938087578727,-0.03327847928363524,-0.707756409745155,0.7048566399504373
43,165000000,0.20967918884462067,-6.228166398665387,0.4329796692359667,-0.03756809515700611,-0.036985717778534044,-0.7075419236991256,0.7047021506387088
43,198000000,0.2095209365974365,-6.22557129543747,0.45256862692697664,-0.04177992752146266,-0.04113252161243926,-0.7073687522805162,0.7044089732670996
43,231000000,0.20977153665500273,-6.222454475111747,0.4731564663851625,-0.046141693090725994,-0.045559026299435514,-0.7070522499512426,0.7041821036637144
43,264000000,0.2096348346842555,-6.217786625490767,0.4940027130024849,-0.05049096092887927,-0.049820957863547684,-0.7067593823758964,0.7038889901438141
43,297000000,0.20963425218882495,-6.211703417991134,0.5154739177518938,-0.05375028916959704,-0.053061049689994325,-0.706523138483251,0.7036479845830282
43,330000000,0.20990468785906521,-6.207270341535391,0.537999804846315,-0.05691369538430429,-0.056303161857293296,-0.706216384775256,0.7034551891325713
43,363000000,0.20966767212184023,-6.2027906823798995,0.5601587455951338,-0.05969186095819558,-0.058965767151272754,-0.7060044142773174,0.7032195155572343
43,462000000,0.21251769390580993,-6.185560032208563,0.6243650792313861,-0.06654604370179192,-0.06664740293380904,-0.7051517551990356,0.702773612118111
43,495000000,0.21004664171377763,-6.176863510210825,0.6435694877015499,-0.06857608072250944,-0.06778844852919007,-0.7052180178593783,0.7024027296965999
43,528000000,0.21107868080444364,-6.172444951630142,0.6664982089488376,-0.07097808339340148,-0.07055486592792316,-0.7048777826899747,0.7022331764035057
43,561000000,0.21150503559230924,-6.1698578945529645,0.6892880984329164,-0.07363144154706183,-0.07336122193636327,-0.7045609671093349,0.7019903030367756
43,594000000,0.2118539243271806,-6.161245041674924,0.709918086630006,-0.07487232754792951,-0.07471080324779686,-0.7043750977631242,0.7019032355651411
43,627000000,0.2116308265208274,-6.157545414325829,0.7337509306444125,-0.07737421794122783,-0.0771212305024542,-0.7041214545083888,0.7016256291675509
43,726000000,0.21112851069730815,-6.13544727357692,0.8105092646503199,-0.08244739380287275,-0.08199368520700122,-0.7036109220276415,0.701007227669374
43,759000000,0.2099460278459759,-6.13610878723847,0.8399325326860442,-0.08617696280469386,-0.08527200000710632,-0.7033985691597382,0.7003803752251913
43,792000000,0.22344737046554602,-6.143101292201738,0.87185936291927,-0.08866664644803245,-0.0929889184740893,-0.7014188027456879,0.7010727137775972
43,825000000,0.2319313639929913,-6.135079088765225,0.8976452810776221,-0.0887942629385265,-0.09661579769047773,-0.6999742478508459,0.7020092726249981
43,858000000,0.21577804191418476,-6.107278927247362,0.9197249965319141,-0.08949867621719722,-0.09040214842638684,-0.7024254053354795,0.7002970715735932
43,891000000,0.21594280205837815,-6.10040410035556,0.9425537735131359,-0.09162428399511989,-0.09261448095233016,-0.7021539278675075,0.7000052928946633
43,924000000,0.21502386686959463,-6.088610643956076,0.9607670421526918,-0.09390473777574844,-0.09457800744239979,-0.7018813797711116,0.6997138196878021
43,957000000,0.21594551408864307,-6.088258556964447,0.9822181313405698,-0.09829980288812952,-0.09928392332253039,-0.7012374534962812,0.6991036297544819
43,990000000,0.21435645232181336,-6.076977137649688,0.9970095986665719,-0.10091695642605017,-0.10139416102263767,-0.7009641996973669,0.6987017838526306
44,23000000,0.21575006126746085,-6.074355757091,1.0155647349688153,-0.10430883173908463,-0.10523555581878574,-0.7003667062158745,0.698234646975546
44,56000000,0.2156267465091676,-6.070598772259192,1.033790903487199,-0.10720087991006683,-0.10811658051706341,-0.6999540909587022,0.6977700530360855
44,89000000,0.21439484396622988,-6.060816966818577,1.0476306706223828,-0.1087690042108447,-0.10926585079715959,-0.6997831653764313,0.6975197481278193
44,122000000,0.21397652948720655,-6.051645633373961,1.0618810291326848,-0.11011344480426245,-0.11049014468831372,-0.6995971412701761,0.697302514785865
44,155000000,0.21563031781017428,-6.051271172033872,1.078581653433343,-0.11261045638254737,-0.11352101987638546,-0.6990663306247454,0.6969491577915807
44,221000000,0.21665958158099252,-6.041890215709786,1.108880523702843,-0.11641579138357903,-0.11770662185193287,-0.6983732165694267,0.6963241810157205
44,254000000,0.21509488494585752,-6.0301059335851255,1.1208763323880309,-0.1172621923699295,-0.11803100225266622,-0.6983451929067054,0.6961553363236723
44,320000000,0.21466053488467413,-6.01487227888662,1.1533579708839565,-0.12014783611697932,-0.12078979320072958,-0.6978896265167377,0.6956467440700494
44,386000000,0.21460048753556604,-6.002115537151865,1.1916622805881707,-0.12337362256677635,-0.1240264643245299,-0.6973202441761632,0.6950833492927326
44,452000000,0.21368463182031994,-5.987616290929091,1.2311152144343944,-0.126538210069113,-0.1268880009058634,-0.6968149569655289,0.6945044509344391
44,485000000,0.2138774745233748,-5.976766157357908,1.249795372667535,-0.1275350085963298,-0.12796496598104345,-0.6965948605366592,0.6943452954674043
44,518000000,0.21370946748121977,-5.967369248275282,1.2703870880222512,-0.12861096080251955,-0.1289975110637099,-0.6964104705469308,0.6941407057747178
44,551000000,0.21507367508480113,-5.964397413088202,1.294469235812466,-0.13083168100582504,-0.13176512978071397,-0.6958867129074261,0.6937310030681628
44,584000000,0.21379887493234906,-5.950044363660423,1.3131970960581645,-0.13122797405858905,-0.1316893690956223,-0.6958881528832961,0.6936690908267066
44,617000000,0.21230791508418626,-5.9389797055665925,1.331766471534864,-0.13221125625483798,-0.1321140792523263,-0.6958368240313272,0.6934530756329684
44,650000000,0.2138034016111287,-5.934827242180764,1.3530884295983203,-0.13416252630619302,-0.1346690961770204,-0.6953218519723995,0.6931032918978796
44,683000000,0.20065951506369492,-5.927360123494712,1.3571213319076796,-0.13469365940840433,-0.1339146133105266,-0.6984276212273309,0.6900169217952535
44,716000000,0.20375461556540922,-5.9186640099829795,1.378124238743038,-0.13626042139766928,-0.13567458722872788,-0.6973059328193474,0.6904997755218923
44,749000000,0.2123442991870509,-5.914784415799119,1.403251482559275,-0.13883402489830543,-0.138756816820355,-0.6944681337412745,0.6922323818879975
44,782000000,0.2140003758637237,-5.908435835423563,1.4199774948019528,-0.14009870519692713,-0.14058975006419733,-0.694148833628493,0.6919279382646967
44,848000000,0.21356112641466712,-5.89376948070895,1.4443479984508585,-0.14228651287196364,-0.14264049371308343,-0.6937355876638359,0.6914760821725771
44,881000000,0.21344234239644813,-5.890982695656585,1.4589280283477681,-0.1441062666303595,-0.14444429270359027,-0.6933697315808555,0.6910916332518517
44,914000000,0.2123627427382638,-5.8838417054040075,1.467275062070074,-0.14507819487254417,-0.14505568769994764,-0.693223652488384,0.6909067465795102
44,947000000,0.2125058306627514,-5.8761139621664595,1.4755559234499938,-0.14573813158175467,-0.14572668731735092,-0.6930456423390534,0.6908052310466526
44,980000000,0.21284745673709443,-5.872064206593766,1.4865805510386814,-0.14708641564171104,-0.1471911235500435,-0.6927410375295459,0.6905144563325507
45,13000000,0.2125421626417171,-5.8662961047510835,1.4953907101677777,-0.1483629471634859,-0.14836198526842076,-0.6924854443607747,0.6902471054518361
45,46000000,0.2137139117199854,-5.862362077542804,1.5064806727792266,-0.14990553688818523,-0.1503350260487677,-0.6921195902853956,0.6898537400756464
45,79000000,0.21278739433184002,-5.855957573371016,1.5150305012776866,-0.15103590461488545,-0.15106723324297544,-0.6918580113467495,0.6897096046110976
45,112000000,0.21210866582462728,-5.849952275353863,1.5243310892076274,-0.1520166944363694,-0.15189161399588771,-0.6917390694342223,0.6894323186714124
45,145000000,0.21259610245472405,-5.848397208754818,1.5374041169899857,-0.15373814173202535,-0.15381718288398755,-0.6913609972130139,0.6890027790648195
45,178000000,0.21202422530276294,-5.840298618404818,1.545477362759549,-0.15438006897186232,-0.15419529656979425,-0.6911863620040634,0.6889499385293422
45,211000000,0.212644179642101,-5.835151510666355,1.5560084957607965,-0.1553218923926714,-0.1554175858097266,-0.6909860065855664,0.6886645209879535
45,244000000,0.21195302344795294,-5.828738201778356,1.5646049724524564,-0.15618576444608537,-0.15601950307960885,-0.6908243112778469,0.6884952378852539
45,277000000,0.21343693236124675,-5.82396249273803,1.575501342227295,-0.15708897463610472,-0.15741743362590555,-0.690514410927923,0.6882823940355255
45,343000000,0.21263043392278175,-5.815304530104942,1.5974515873377395,-0.1595732885643809,-0.15967629249038093,-0.6900276824697582,0.6876784456551548
45,376000000,0.21207026849133037,-5.808197402579795,1.605648393346491,-0.1602713215012121,-0.1601475017518627,-0.689874363838235,0.6875603561184159
45,409000000,0.21232979903070295,-5.804365394245726,1.6170457309547748,-0.1615015070342805,-0.1614855679535248,-0.6895834905313929,0.68725125256701
45,442000000,0.21237679364251272,-5.795289032817064,1.6243149555934633,-0.16168522099613722,-0.1616419679001327,-0.6894995841894015,0.6872554742797217
45,475000000,0.21412916930416043,-5.7929329353688646,1.6372694219552661,-0.16291120441234028,-0.1635488090396309,-0.6891385663133321,0.6868768178925857
45,508000000,0.21223928667629713,-5.787325474329263,1.6456782522466766,-0.1640003453020085,-0.16397074023299152,-0.68901190055157,0.6866440737285805
45,541000000,0.21215410545347171,-5.78098258558247,1.653879230384261,-0.16463738886580084,-0.1645662614032804,-0.6888552127319166,0.6865063522555812
45,574000000,0.21228910988346847,-5.776247196928018,1.6627063190308469,-0.16548782080532956,-0.16546970184631876,-0.6886451955999141,0.6862953835726636
45,640000000,0.21220865113311851,-5.764235674344338,1.6779613127834927,-0.1666932637251364,-0.1666073183961319,-0.6883333505608403,0.6860412201837434
45,706000000,0.21272858700877917,-5.755873952004045,1.6954923285927987,-0.1684476219072859,-0.16860184663985003,-0.6879042321403775,0.6855556748993987
45,739000000,0.21248915565198603,-5.751714056362414,1.704125983553443,-0.16938892282396786,-0.16947283615569422,-0.687698867017468,0.6853149778990475
45,772000000,0.2117529712070693,-5.747473271763997,1.71215149043177,-0.1703995284588549,-0.1701410144877859,-0.6874519085206356,0.685146633474472
45,805000000,0.21209203475711064,-5.742247349845158,1.7195245896396896,-0.17096522149562063,-0.17084705134736333,-0.687305643471443,0.6849767372233677
45,838000000,0.21214932533672737,-5.735974555028106,1.7261368434201343,-0.171315837398001,-0.1712467445384999,-0.6872369138814592,0.684858277704428
45,871000000,0.21334932606976884,-5.734787699467266,1.7353610162817985,-0.1724519187675733,-0.17278421264963614,-0.6868259021977966,0.6845992489351784
45,904000000,0.21268395207801002,-5.729936198910293,1.73825461711203,-0.1727668112466346,-0.17286913543015728,-0.6868101123962979,0.68451425146412
45,937000000,0.21372664215799664,-5.729717880892937,1.7443757204611159,-0.1736051797104001,-0.17412476909765878,-0.6865394578450358,0.6842553464798438
45,970000000,0.21335062876008262,-5.7268222173566565,1.7471934758952348,-0.1737779972119446,-0.17415552750558197,-0.6865260877348431,0.6842170640840146
46,3000000,0.21164977259701157,-5.725304763001844,1.7500825368915682,-0.17423173462090583,-0.17388961083321097,-0.686472728532885,0.6842228429947956
46,69000000,0.21233990244194295,-5.721031520598169,1.7553590842940976,-0.17416589006043853,-0.1741895289769522,-0.6865264368116978,0.684109422748201
46,102000000,0.21123062862589184,-5.721030592187699,1.75926012225677,-0.1753416312542818,-0.17483524353698224,-0.6862270143669513,0.6839447599912377
46,135000000,0.21235782155199262,-5.718644636310414,1.7619330755978269,-0.17563825580081407,-0.17562585818562146,-0.6861212651745934,0.6837721627201763
46,168000000,0.21341905819396728,-5.7170778928205435,1.7655173896888963,-0.17612100111554674,-0.17660281900623073,-0.6859844709918836,0.6835335711163687
46,201000000,0.21166987754956182,-5.715787069859309,1.7679375919893197,-0.17725420443674147,-0.17693386574810582,-0.6857208956779068,0.6834194959112728
46,234000000,0.21303982987254869,-5.71370741083044,1.7692164427926291,-0.177436219981,-0.17771297931646676,-0.6856368048736573,0.6832544596444006
46,267000000,0.2121119859236657,-5.713579387531554,1.7717564795563252,-0.17850542135747208,-0.17838303776467412,-0.6853914221233354,0.6830475128888108
46,333000000,0.21109134759833437,-5.708305709094955,1.7722868810081598,-0.1790717261962257,-0.17848140218788616,-0.6852667330604811,0.6829986899773421
46,399000000,0.21215071417782452,-5.7058957464801345,1.7756387324264695,-0.1787016712390395,-0.17857275035135867,-0.685339565366756,0.682998657151851
46,432000000,0.21256363490139799,-5.706682991467154,1.7799931292366895,-0.17860008652653092,-0.1786747934734782,-0.6853390788401673,0.6829990294901132
46,465000000,0.21339652631356068,-5.704557287726272,1.7802585963163997,-0.17800064985998346,-0.1784404422630554,-0.6854944477196612,0.6830608606558463
46,498000000,0.21144394743087053,-5.7030363656500604,1.7809941285209328,-0.1789014239240841,-0.17843574402205825,-0.6852823543685633,0.6830395746692196
46,564000000,0.21273469726739275,-5.7010346770043565,1.783930467010494,-0.17963328353826732,-0.17975713410726052,-0.6850842465146179,0.682699664098572
46,597000000,0.21263450471358902,-5.700209629625506,1.7863981543102712,-0.18025688653038707,-0.18033056357561467,-0.6848859399510531,0.6825830293497159
46,630000000,0.21342167290836855,-5.700007543497352,1.7879900423653543,-0.1807641608991769,-0.18112984785446448,-0.6847115983021567,0.6824121361033529
46,696000000,0.21349427150694203,-5.697638008105766,1.7908986345632518,-0.18167955525608911,-0.18215854525853434,-0.6845158536197412,0.6820915259219111
46,729000000,0.21303344662388282,-5.698393056829768,1.7933108860977534,-0.18274258781773756,-0.18292589625748445,-0.6841948875459647,0.6819242032161913
46,762000000,0.21282591340580342,-5.695511805489239,1.7937723019631637,-0.18293847735114813,-0.18306510108115379,-0.6841554837805506,0.6818738565772934
46,795000000,0.2131143297775286,-5.693425947424322,1.7933556813700986,-0.18306368626199626,-0.1833443057612264,-0.6841671356052341,0.6817535352859071
46,828000000,0.21215487358710497,-5.691892253421018,1.794890491271156,-0.18371796003953797,-0.18357052207425692,-0.6839944712804111,0.6816899132612471
46,861000000,0.2130576855247154,-5.692346066980659,1.797389250120479,-0.184368656520083,-0.18458010382781093,-0.6837780035921498,0.6814587482507127
46,894000000,0.2122314480720409,-5.691641893336663,1.799415463171543,-0.18498699443013186,-0.18482779965098894,-0.6836230248585312,0.6813795243850174
46,960000000,0.21341164475565924,-5.689106644543182,1.8015041441221276,-0.18445596695039437,-0.18477134311760904,-0.6837105075498352,0.681451017230774
46,993000000,0.21304145616243228,-5.688630958355877,1.8047650712174748,-0.1851639500452823,-0.18533017779091915,-0.6835118170137455,0.681306563014171
47,26000000,0.21330969748403683,-5.685224876275718,1.803780153621262,-0.18499114065463115,-0.18532197431931494,-0.6836157124574741,0.6812514964350169
47,59000000,0.21319910424671465,-5.686300331039114,1.8081680040063182,-0.1861318411630679,-0.18633533717108097,-0.6832277598923845,0.681053527954316
47,125000000,0.21269709952879232,-5.681189133107332,1.8090486941469528,-0.1864665521170606,-0.1864908523555559,-0.6831989392819705,0.6809483066233913
47,158000000,0.21357580720399583,-5.681458755023277,1.8120561736972127,-0.18707925220884725,-0.1874747059825198,-0.6829905603843754,0.6807190921632675
47,191000000,0.21282873823356352,-5.678957219072785,1.8126853300529153,-0.1873348159735896,-0.18746148603634244,-0.6829962661970544,0.6806467206547533
47,224000000,0.2138089844587783,-5.678161514772712,1.8149638207660672,-0.18764057892664798,-0.18819367909467,-0.6828757094963662,0.6804813867173144
47,290000000,0.21365759502187753,-5.67635109400465,1.819106918880585,-0.18868743475416827,-0.18914106374462705,-0.6825587046291167,0.6802472526269141
47,323000000,0.21240648930956119,-5.673381377529494,1.8187604490644254,-0.18888929227115656,-0.18882177442939685,-0.6825904842346142,0.6802480456414342
47,356000000,0.21264460135295807,-5.671321493340064,1.8199667427553854,-0.18902185335627536,-0.18908237043640724,-0.682557889486254,0.6801715398662155
47,389000000,0.2121176355205973,-5.670337114072288,1.8215072411105844,-0.18954872980932047,-0.18937778953104537,-0.6824454095069674,0.6800555822158038
47,422000000,0.2126409954208886,-5.669787978711304,1.8247366479528868,-0.18996613243996238,-0.19010333701040483,-0.6823467095375055,0.6798356843875218
47,455000000,0.21234378169817442,-5.668849245411365,1.8257407572314721,-0.19044879105316145,-0.19038351154037292,-0.6821988427411564,0.6797706344661949
47,488000000,0.21252479345581252,-5.667535877752039,1.8281193396688304,-0.19078023637224067,-0.1908244425505764,-0.6821003429356874,0.6796528935434848
47,521000000,0.21300992217022896,-5.667400041549486,1.8302309216569912,-0.19125175450528714,-0.19148279063214446,-0.6819481789868959,0.6794878869169285
47,554000000,0.2120630635210028,-5.664917418646713,1.831139912305659,-0.19152305654755744,-0.19133020086963273,-0.6818910409463493,0.6795117963089172
47,587000000,0.21228700768684303,-5.6628439415042555,1.8315712388535168,-0.19158915359320589,-0.19146865670462854,-0.6818656490155365,0.6794796438582876
47,653000000,0.2126566390377537,-5.659981560921143,1.8350126280227932,-0.19206291679179044,-0.192136377049012,-0.6817366620193713,0.6792868114917257
47,719000000,0.2138140942224367,-5.659081885294102,1.840773698360517,-0.19287679035449654,-0.19347202183253204,-0.6814491862900158,0.6789654829335989
47,752000000,0.21234683910837132,-5.6579273405147505,1.8416880211795799,-0.19356780970303658,-0.19337180383320965,-0.6812283633399454,0.6790189728647051
47,785000000,0.21340557360924578,-5.656928936233993,1.8444055580646515,-0.19366648498201605,-0.19404839079853983,-0.6812134100457375,0.6788127905373217
47,818000000,0.2118900523831095,-5.654349999967337,1.8438982761413736,-0.19391495329603128,-0.19359973045842221,-0.6812223856525935,0.6788609552334068
47,884000000,0.21269794616798324,-5.652206408130718,1.848190195829708,-0.1944143503504561,-0.1944409385760846,-0.6810295643029759,0.6786711385706337
47,950000000,0.2129488464543743,-5.649054144046304,1.851077275972429,-0.19471566128434234,-0.19488000576512182,-0.6809533807472298,0.6785352517389984
47,983000000,0.2120232019285248,-5.648512378768649,1.853383689922045,-0.19537729768818043,-0.19508012704145847,-0.6807565174702404,0.6784850915851748
48,82000000,0.21355999327069594,-5.644437199990099,1.8586780010736659,-0.19572950427685637,-0.1961152172825187,-0.6805907185665971,0.6782514699628521
48,115000000,0.2132113011769371,-5.6440193670433985,1.8611134756029521,-0.19630057718246743,-0.19650476888594817,-0.6804074518334772,0.678157547102725
48,148000000,0.2129881213301265,-5.64138650615177,1.861615922321797,-0.19622247532628717,-0.19633235742731456,-0.6804627781371593,0.6781745742607261
48,181000000,0.21351005684230667,-5.641485308479697,1.86499502930278,-0.19669599359456327,-0.19707820177281105,-0.680309822881408,0.6779744931639464
48,214000000,0.21283323757823594,-5.638841111247226,1.8651826352551013,-0.19671936974674856,-0.19674853385754548,-0.6803130570922875,0.6780602099674441
48,247000000,0.2131059406247593,-5.6380854618007055,1.8673174447123753,-0.19696595251771035,-0.1971822658442967,-0.6802756567232513,0.677900138999137
48,280000000,0.21257972461913668,-5.636722347893512,1.868932856541421,-0.1972713534772927,-0.1972152032939769,-0.6801878816565441,0.6778898305289257
48,313000000,0.21302671473912738,-5.635801830226291,1.8709779948551597,-0.19746120889906915,-0.19764700813868233,-0.6801469123262753,0.6777498866152467
48,346000000,0.2121073829321421,-5.6333584045151675,1.8717515857640865,-0.1975760971949654,-0.19735503922112865,-0.6801521047393304,0.6777962737651273
48,379000000,0.2130524755382861,-5.63377530549669,1.8748404626485473,-0.19798950795966508,-0.19817304266943336,-0.6799840932805954,0.6776055141322237
48,445000000,0.21342397761213353,-5.632523681290304,1.8796428469390147,-0.19862359793902068,-0.1989370215230642,-0.6797494625160982,0.6774314696102962
48,478000000,0.21205559709999802,-5.628183212082415,1.8781843966600416,-0.1982708072100798,-0.19804005272557504,-0.679977754389617,0.6775685043299817
48,511000000,0.2128185233187942,-5.627724123329208,1.880959109678282,-0.19855796431264247,-0.19861251344871944,-0.6798128628429183,0.6774823066493451
48,544000000,0.21271520686866632,-5.6271051452366985,1.8834925049050575,-0.19893081887351358,-0.19896007660696924,-0.6797148714906532,0.6773692572691109
48,577000000,0.21216086020241884,-5.624344770304167,1.8834549472608157,-0.19878852728837934,-0.1985841130919168,-0.6798153016463236,0.6774205688444455
48,610000000,0.21346236024179918,-5.62574083687355,1.887971259719663,-0.1993677544744657,-0.19974283089682793,-0.6795582225787282,0.6771675731359043
48,643000000,0.21245260057491283,-5.6238043986725685,1.8887214400600023,-0.1995643505244459,-0.19946168404898046,-0.6795438856447283,0.6772069211688294
48,676000000,0.21255067730650087,-5.620782280698819,1.8884934818676629,-0.19916877290096258,-0.19915839969798854,-0.6796976633425601,0.6772583097884624
48,742000000,0.21315550716129336,-5.62025755377491,1.8933992921873881,-0.19980355645988324,-0.20004192435419063,-0.6794594902255067,0.6770499010184915
48,775000000,0.21177471801249437,-5.6177939006782145,1.8933832478550237,-0.19994695192272277,-0.1995409628247467,-0.6794830564049781,0.6771317424477565
48,808000000,0.21271731921382958,-5.617843247717301,1.8956095116148113,-0.20023090040363303,-0.20024464043605728,-0.6793359770921908,0.6769876665999041
48,841000000,0.212163578874653,-5.616178675020181,1.894987261625877,-0.20045993094685793,-0.2002216392605774,-0.6793121509441405,0.6769505985197395
48,874000000,0.21238389730287865,-5.616035305203741,1.8964787076626837,-0.20111131344691296,-0.20100664286972722,-0.6791280724749852,0.6767094134872892
48,907000000,0.21265914880932701,-5.615864725290022,1.897909568400921,-0.2019454129872315,-0.20195615130129674,-0.6788630321859364,0.6764441933051836
49,6000000,0.21240554412800386,-5.612853485810542,1.8991992379975209,-0.2051425810424909,-0.2050313215496579,-0.6779234033116163,0.6754987326925355
49,39000000,0.21309519181397682,-5.6146556552517035,1.9011955335251538,-0.2068050167357663,-0.2069791404922638,-0.6773536959662898,0.67496910374832
49,72000000,0.21287895502663565,-5.614847354775813,1.9010549226313744,-0.20821049469788833,-0.20829251067188315,-0.6769572845484888,0.6745305440025681
49,105000000,0.21245561759708675,-5.613506719406168,1.9001332530980188,-0.2095161794248431,-0.20938230427538948,-0.6765515831492831,0.6741957998636183
49,138000000,0.2128018403794905,-5.6135399622760715,1.900701571841602,-0.21122575576098113,-0.21119804750182253,-0.6759803041331149,0.6736688305530557
49,171000000,0.2125932245039551,-5.612917650442798,1.9011536675814849,-0.213096710376876,-0.2130014177488247,-0.6754138127053448,0.6730797647161694
49,270000000,0.21681940449316506,-5.612282568667143,1.9020161044008024,-0.2183873785247753,-0.21961001551009532,-0.6733699963838975,0.6713056248525571
49,336000000,0.21624953659249632,-5.613826743452846,1.8973630350394532,-0.22039530855162598,-0.22144160495367105,-0.6728774022895506,0.6705412180112735
49,369000000,0.21528944335547445,-5.616368512150213,1.8980919678200894,-0.22148653892014486,-0.222149663448238,-0.672689572598104,0.6701357914816891
49,402000000,0.21528032465424765,-5.615676130149461,1.897350462143371,-0.2215995170497202,-0.22225698386190418,-0.6726598268071198,0.6700927134119246
49,435000000,0.21569816555007396,-5.614381997563497,1.8986521937565655,-0.22178130601104704,-0.2226121466752718,-0.6725138696338945,0.670061176018061
49,468000000,0.21659412396903432,-5.612878185291254,1.900971642166716,-0.22196860704843227,-0.2231521325027884,-0.6723017255037393,0.6700324269236017
49,501000000,0.2155180110532256,-5.608534183349976,1.9014011982515389,-0.22177753739804235,-0.22256680698359235,-0.672566982355475,0.6700241746236015
49,534000000,0.21648165994831797,-5.607107576217299,1.907140556397785,-0.22250375428034905,-0.22352544391494403,-0.6720638506075359,0.6699691306025591
49,567000000,0.21641325360363828,-5.60351638065746,1.912203991696951,-0.22274743811127198,-0.22385139482633207,-0.6720667887886788,0.669776353163087
49,600000000,0.21610879148243203,-5.597807946075909,1.9179966364652818,-0.22286313763759838,-0.22383569816408933,-0.6720757137756611,0.6697341540213215
49,633000000,0.21585427003930038,-5.592389274025018,1.927744934455495,-0.22350586463255154,-0.22438107429286053,-0.6719099528189711,0.6695037544904774
49,666000000,0.2051707562663975,-5.584450843657258,1.9272378433222783,-0.22428183950251546,-0.2204737002181305,-0.6735570007031803,0.6688871136337056
49,699000000,0.20384172692732644,-5.577304743057349,1.93587288148407,-0.2252855957839968,-0.22009001058130181,-0.6729802877809488,0.6692565426148955
49,732000000,0.21299829822837238,-5.568726426614879,1.95868886731001,-0.22469681314167284,-0.22472982863013208,-0.6716276640203758,0.669271340496798
49,765000000,0.2126514528436491,-5.558531904348733,1.9689512990664622,-0.22473350380979132,-0.2246036160251157,-0.6716512002299359,0.6692777698112373
49,864000000,0.21278594076606713,-5.535199051901722,1.99818891750904,-0.2257295362635504,-0.22567184970601042,-0.6713128982186068,0.6689225556025485
49,897000000,0.2126604305531949,-5.528173246352477,2.0058333173662977,-0.22596384279831336,-0.2258235307959927,-0.6712231983087689,0.6688822712098128
49,930000000,0.2106409414775244,-5.522579391662134,2.011423420595493,-0.22695456473353226,-0.22559992648840183,-0.6709023598292004,0.668944184734908
49,963000000,0.20945550358470955,-5.5194974921039766,2.0178593056448277,-0.22800377796048757,-0.22581984746256478,-0.6705006953794974,0.6689159074378027
49,996000000,0.20518103735163967,-5.51615098300348,2.0184673811012086,-0.22977042693142727,-0.22486311676629292,-0.6698834143311696,0.6692520757008624
50,29000000,0.20448711384030313,-5.511269428654103,2.019788293930584,-0.23064776230724743,-0.22506916258112347,-0.669472332492641,0.669292370959474
50,62000000,0.2044637946603376,-5.510164832430457,2.022566493753579,-0.23190300189110444,-0.2260007867246806,-0.6689181974386099,0.6690987126345415
50,95000000,0.2039595541792247,-5.508414329143897,2.0238219670947233,-0.23241814194472943,-0.22600322545805054,-0.6686612049979846,0.6691760174335003
50,128000000,0.20135944040494017,-5.502402267226945,2.0181123529310936,-0.2319145934651045,-0.22379588586274607,-0.6688136489266854,0.6699397926815487
50,161000000,0.2032538495358783,-5.50184112376828,2.0230553343334194,-0.23160081882506667,-0.224720453272535,-0.6689908776094384,0.6695617852565203
50,194000000,0.20608612727300835,-5.5029195496798815,2.0313810796114495,-0.23161715628001642,-0.2265140313548629,-0.6689663717883646,0.668975993539707
50,227000000,0.20108594955418893,-5.499533738547533,2.020235221806842,-0.23259925460097508,-0.22384498588116594,-0.6683619624164007,0.6701367742855403
50,260000000,0.19820230280238046,-5.497227489799752,2.0142218005828814,-0.23373164016522546,-0.22275121658570982,-0.6676789363938259,0.6707877859586214
50,293000000,0.21398702137714937,-5.493159102495783,2.0502955460831926,-0.22963197208068442,-0.22949214581118135,-0.6697436213844639,0.6678667487037659
50,326000000,0.21315549555419644,-5.490129415820998,2.0490583618255065,-0.2297369046687139,-0.22941968211411348,-0.6698259881288415,0.66777294772933
50,359000000,0.2145187944442377,-5.493597544268396,2.057965445757515,-0.23124423006553896,-0.231214684221982,-0.669111199537043,0.6673500419686994
50,392000000,0.21254930669840041,-5.486719053001744,2.051330617595097,-0.23058056565047827,-0.23007798704691673,-0.6695924243713314,0.6674898559867911
50,425000000,0.21395859102232734,-5.491006630897905,2.0607914068550226,-0.2322407007018933,-0.23207516534171518,-0.6688400087656059,0.6669770740014483
50,458000000,0.21221935962070773,-5.485143791715504,2.0556600132382585,-0.23178384233736335,-0.23121977114820788,-0.6692342333818669,0.6670376366677399
50,491000000,0.2136669595757985,-5.488182039558626,2.063233334963979,-0.23317268876488392,-0.23291244459382518,-0.6685481417632063,0.6666525875690028
50,524000000,0.2121208345175267,-5.482786907696876,2.0588389731873695,-0.2328391804533499,-0.23223369904400737,-0.6688783373480227,0.6666747294600978
50,557000000,0.21392711340727946,-5.485079109750501,2.066132721025551,-0.23406009357071628,-0.23388835203683012,-0.6682207833028548,0.6663280694532404
50,590000000,0.21273074032875608,-5.4835183090528306,2.066798283600555,-0.2346342935295448,-0.23419181387336782,-0.6681822246973265,0.666058148522428
50,623000000,0.21206494994831956,-5.479398656882674,2.064417401550426,-0.23456564411885977,-0.2339352472303757,-0.6682803592021155,0.666074035079479
50,656000000,0.21365974444260105,-5.481659050004652,2.0706312260105424,-0.23596150492579776,-0.23570531493604668,-0.6675771167323138,0.6656620508331704
50,689000000,0.2124166808821722,-5.478198407196853,2.068073910582554,-0.23632334376149472,-0.23579541593170222,-0.6676304539023585,0.6654482519633759
50,722000000,0.21165112859310647,-5.475843676648116,2.0668828601350113,-0.23683392947936147,-0.23611255168886514,-0.667546305116514,0.6652386664255376
50,788000000,0.21091005795663623,-5.474038652646081,2.064839771535037,-0.23801228005651348,-0.23709020477579446,-0.6672153868124298,0.6648022389721708
50,821000000,0.21237038649214704,-5.4770516180172475,2.0696542647785106,-0.2392639774441846,-0.23867134588447106,-0.6665689903301594,0.6644354888787292
50,887000000,0.2144521055383365,-5.481752466462427,2.0779389125213474,-0.24151194001413334,-0.2414508650190227,-0.6655009416827936,0.663688149081698
50,920000000,0.2126283976872514,-5.473810033994397,2.066784189366527,-0.24049242479970087,-0.2399760856266287,-0.6661026200995424,0.6639895868444069
50,953000000,0.2128352971005339,-5.474359343747537,2.0680811445228056,-0.2413176504900371,-0.24084639921680423,-0.6657759750658195,0.6637026100381295
50,986000000,0.21446968941364616,-5.479861089146848,2.0765018148783883,-0.24318428145847576,-0.24312631220693842,-0.6648916370312155,0.6630762494390293
51,19000000,0.21248138477331702,-5.472072399741143,2.0654948279289926,-0.24226029790574374,-0.24168115243519933,-0.6654719911512549,0.6633605336537579
51,52000000,0.21317765612987336,-5.473567983757314,2.0680957447985726,-0.24344346285687518,-0.24306271336717677,-0.664970399396751,0.6629254601302959
51,85000000,0.21422918342558703,-5.473167744732346,2.068187288320074,-0.24441815738749872,-0.24426565214273202,-0.6644640511107115,0.6626323115454962
51,118000000,0.19708020449027208,-5.476117007790801,2.043883796113077,-0.2467614695398768,-0.23779171895118695,-0.6664205710176655,0.6621536816126969
51,151000000,0.19862068778073733,-5.477392704625054,2.0492451367107334,-0.24739298798902276,-0.24105489510686753,-0.6668626446981822,0.6602904362059369
51,217000000,0.2189392300722616,-5.474856098672012,2.0742323925389208,-0.25099127182710196,-0.25227450277902275,-0.6616224999636985,0.6600125940131724
51,250000000,0.2194941390355334,-5.474148474687094,2.0737204858589093,-0.25289808141746395,-0.2542946290773237,-0.6607640481590491,0.6593691490343313
51,283000000,0.2199462160346275,-5.473617380960165,2.0736252955907193,-0.25509004483486913,-0.2565955107455464,-0.6598151307597929,0.6585831808601054
51,316000000,0.2193414217195481,-5.473044892922753,2.072823360866014,-0.2574654067890893,-0.25876999435262343,-0.6590124208104536,0.6576110427503613
51,349000000,0.21796351173929898,-5.4731939360376884,2.0725178213862696,-0.2602825771211917,-0.26123933015209966,-0.6582283056888841,0.6563097515798268
51,382000000,0.21835962562745542,-5.472164717033769,2.071628773977137,-0.2628656815157602,-0.26387735367881887,-0.6570931706471586,0.6553616869985481
51,448000000,0.21848825547289089,-5.471678242302367,2.071551879204317,-0.269075800038604,-0.2700989486394667,-0.6545507353750483,0.6528461584457885
51,481000000,0.2203455700074109,-5.4719285145372485,2.073446502381524,-0.2725802534742936,-0.27412799282162126,-0.6526952824041332,0.651569426304571
51,514000000,0.2198119765647064,-5.471059419440491,2.0727188879990486,-0.2759674111132333,-0.27738784169589453,-0.651410345371553,0.6500481022398782
51,547000000,0.2202409863460887,-5.46893530523452,2.0727974148137416,-0.2792389563587749,-0.28078108347881015,-0.6499182915043853,0.6486862128796546
51,580000000,0.21955266290591163,-5.465838943121347,2.0722206030785797,-0.28248279611442795,-0.28379674949168887,-0.6486632439469613,0.6472239726937896
51,613000000,0.21946756926485553,-5.4646387263590475,2.0774652278485153,-0.28668258254630863,-0.2880301265781033,-0.6468719334687665,0.6452971755233091
51,646000000,0.20863418624401497,-5.454038416024903,2.0661831956773997,-0.2893990614837259,-0.28754085296605286,-0.6474035108825932,0.643767920282446
51,679000000,0.21888638882765354,-5.451078869792999,2.082535521832818,-0.29340617718036666,-0.29440374657525825,-0.6437358924404307,0.6425288709301525
51,712000000,0.21911297590755643,-5.444784976454217,2.089367466296047,-0.29700772095408823,-0.29805347922400655,-0.6420360621730816,0.6408901872282069
51,745000000,0.2191322168747958,-5.437518273453317,2.095092847549655,-0.29992927948438075,-0.30099436860980006,-0.6406730729858435,0.6395176548962852
51,778000000,0.21898740733121935,-5.428181951232997,2.100443337961993,-0.30225134602845194,-0.30326950622106125,-0.6396046682049911,0.6384180439420601
51,811000000,0.2189742723440184,-5.419734481788099,2.1107522263934007,-0.30497904427989253,-0.306015819551954,-0.6383158851910308,0.6370988396213417
51,844000000,0.21757697144551164,-5.407301263538616,2.1148231482148523,-0.3065806534861239,-0.3072416483160742,-0.6378180799219685,0.6362381388856663
51,877000000,0.2173375684663556,-5.3967675950643335,2.1255970255877843,-0.3093767834385429,-0.3099833761757562,-0.6365226189679282,0.6348505870723522
51,910000000,0.218368463401163,-5.383427430766679,2.1331903937111614,-0.31144010604577843,-0.3123364493037443,-0.6353002752077341,0.633912109920217
51,943000000,0.21676218366496686,-5.370215985518062,2.141508464254765,-0.314189389889782,-0.3146337714905655,-0.6342835066990831,0.6324358072151065
52,9000000,0.22810049567904422,-5.3435610081169305,2.172144285371267,-0.3204301633137381,-0.32438285277167167,-0.6287719361973615,0.629877867143357
52,42000000,0.21271111399350423,-5.323254295748084,2.1691240358520565,-0.3235745731632161,-0.32278924144187127,-0.6299492001897725,0.6279097119744923
52,75000000,0.21559531178703825,-5.308110054250049,2.185572219198015,-0.326714410462711,-0.3265448817346245,-0.6277977490317039,0.6264951081370461
52,108000000,0.21356036309871085,-5.289034931474517,2.191634660657356,-0.32812154229889806,-0.32754409893752534,-0.6274547938799749,0.6255810086372791
52,141000000,0.21317684262323006,-5.270671848831042,2.2054255193156784,-0.3299815977671792,-0.32935016913128345,-0.6265480597860625,0.6245623587813592
52,174000000,0.2143872603588729,-5.252588844324372,2.221493174676426,-0.331850013811645,-0.3314811008606199,-0.6253364224387639,0.6236587262894109
52,207000000,0.21281891813640663,-5.230143641784567,2.2289823113422647,-0.3322076545645348,-0.3315103328974391,-0.6254597413735276,0.6233290345811914
52,240000000,0.21537800739161145,-5.209022044380275,2.2460680348753908,-0.3334839079346079,-0.3333512748181387,-0.6242790983055393,0.6228491134653774
52,273000000,0.21913018221631822,-5.188328220079363,2.2699948953820517,-0.33527631778534406,-0.3361486221958737,-0.6226044310519625,0.6220591748078144
52,306000000,0.2140377732030542,-5.160722451653051,2.272300183726526,-0.3347263982594274,-0.33431447856169505,-0.6238691434993512,0.6220766508410994
52,339000000,0.21609741741971075,-5.139097129235048,2.2932352663300795,-0.3365069887389425,-0.3365367030706783,-0.6224605516281065,0.6213283799111392
52,405000000,0.2124894160738949,-5.091224756600668,2.317481821611865,-0.3377760429401805,-0.33701152273340607,-0.622514563619895,0.6203274912832062
52,438000000,0.21434946404145538,-5.070067750641009,2.337002812238917,-0.3390811501627917,-0.33875561757052375,-0.621406556018968,0.6197761671001368
52,471000000,0.21316514899269517,-5.044661344285181,2.344982483357616,-0.33884109627685033,-0.33820804375231406,-0.621783857117264,0.619828093622347
52,504000000,0.21554277230045793,-5.02281866682382,2.3634689326540026,-0.3399633963155387,-0.3399139769310039,-0.6206365397795645,0.619430111427433
52,537000000,0.21507705496696106,-5.000955160121241,2.3814116474921594,-0.34142950455877674,-0.341270500819362,-0.6199156079157214,0.6185992060694321
52,570000000,0.20764784247303752,-4.981234402818258,2.3869533251364135,-0.34104754390623454,-0.34107815815786807,-0.6218471500821161,0.6169751897425952
52,636000000,0.2150899867395599,-4.935760146912617,2.4199879353208305,-0.3441556584958721,-0.3440861247500593,-0.6184335111734677,0.6170102217446772
52,669000000,0.21457190539687412,-4.914440649442954,2.4307967664043195,-0.3452493390803695,-0.3449027167644647,-0.6178629946638399,0.6165146629708748
52,702000000,0.21296143240074872,-4.895152721462269,2.44031051858425,-0.3461965675060955,-0.34550478497298165,-0.6176425141598371,0.6158669539032652
52,735000000,0.2142488622587873,-4.877396162255006,2.456379233102572,-0.3479737501817613,-0.34761463878370136,-0.6164115152606908,0.6149107056652513
52,801000000,0.21427781505435473,-4.843505485262125,2.4761207804179026,-0.35067835586770285,-0.35040056314286866,-0.6148901807168331,0.6133141134305535
52,834000000,0.21478774534798245,-4.8285283866526205,2.483114105199615,-0.3519591447889544,-0.35173665854870706,-0.6140523545836524,0.6126547063907128
52,900000000,0.21370348771921702,-4.799895807068052,2.4928431170997447,-0.35464794852942166,-0.3541405718786954,-0.6127012422290067,0.6110699433979188
52,999000000,0.2152854495602061,-4.76683288261433,2.5147771279386766,-0.3607722200386935,-0.3607371426504573,-0.6088226332588187,0.6074924858733103
53,32000000,0.21340263133867385,-4.755980225151768,2.5135203371919634,-0.36228351622472943,-0.36170924553392186,-0.6082900405823057,0.6065478563934623
53,65000000,0.21428045326506023,-4.746954087574095,2.520689643261077,-0.3647831984858773,-0.3644084672680286,-0.6066200627989569,0.6051047731554997
53,98000000,0.21324002819750484,-4.738211130176706,2.5240714831511575,-0.3671209039770268,-0.36652114669209024,-0.6054300447575146,0.6036049633622308
53,131000000,0.2147166520341062,-4.729526391143887,2.5295726836199157,-0.36959859012709456,-0.3694181825519822,-0.6036286592892771,0.6021291641007634
53,164000000,0.2143328855398465,-4.721413219269554,2.5329616845578564,-0.372351282807362,-0.37192523802294275,-0.601986576027851,0.6005316825909801
53,197000000,0.21353682362248638,-4.7122717122300255,2.5334214301823144,-0.37469513732243764,-0.37410255850544083,-0.60070248621118,0.5990053028532467
53,230000000,0.21482989644360007,-4.704179861826588,2.54064300324024,-0.37776001530465986,-0.3775206611115124,-0.5985185890115323,0.5971189327752005
53,263000000,0.21330431246437254,-4.694472337254946,2.541296512853939,-0.37995197269165165,-0.3793784430640485,-0.5974665583111273,0.5956023900941612
53,329000000,0.2150259134544082,-4.6761467788251005,2.5502404545449884,-0.3848139703970178,-0.38463758193252157,-0.5939736780304551,0.5925937972670311
53,362000000,0.21386754769303495,-4.6661820197985096,2.552791564655699,-0.38736374863921774,-0.38689425838168856,-0.5925682121314779,0.5908680673744012
53,395000000,0.21356004252667152,-4.655031072597084,2.555509692722166,-0.3897566780164626,-0.3892017475370924,-0.5910630471772288,0.5892844864046686
53,428000000,0.21463290899470572,-4.643370964053783,2.5627484130573355,-0.39267290189407195,-0.39233632259601947,-0.5888763368387054,0.5874562639051082
53,461000000,0.2142623742150802,-4.630550936972391,2.567113349322355,-0.3952023887063899,-0.39478164350966616,-0.5872853724429072,0.5857118892622601
53,494000000,0.21523477748811148,-4.6169087377903075,2.572641724703798,-0.39825328044937036,-0.3980780357376837,-0.5849981656558664,0.5836997072586333
53,527000000,0.21327108299940736,-4.602924748156208,2.576190138238769,-0.40181164281348863,-0.4011147221357049,-0.5830300882858724,0.581145678413674
53,560000000,0.2133813770421816,-4.586499064063246,2.5782908343568063,-0.40451107858836016,-0.4038132503207153,-0.5811375160616615,0.5792968441053197
53,593000000,0.2134588935021045,-4.570024062453741,2.584783834064683,-0.4074329198592667,-0.4068275260831271,-0.5790936872329854,0.5771830569610825
53,626000000,0.2153191525097731,-4.552257370992771,2.592466795105347,-0.4102621848171222,-0.41003221843607685,-0.5766148266480745,0.5753901817402537
53,725000000,0.21390176831979152,-4.492853451867742,2.6084737377635863,-0.41753692340062837,-0.4169662613288056,-0.5717758761486219,0.569977545141115
53,791000000,0.21464936448581332,-4.446447222670184,2.618754989778064,-0.4216821730535142,-0.42124205133617754,-0.5685140124919137,0.5670371211087505
53,824000000,0.20997396528901782,-4.423945961227707,2.616151046934733,-0.4243907018238076,-0.4210864541049078,-0.5674447406171618,0.5662024344002535
53,890000000,0.2152778713831073,-4.376040128539962,2.63201446603996,-0.42835533786837043,-0.42795191830571255,-0.5634271721376162,0.5620664389866593
53,923000000,0.21557066244445927,-4.350692511579291,2.6389650893623555,-0.43061628828922377,-0.43034170113331854,-0.5616394221500567,0.5603006264610493
53,956000000,0.21661466739467236,-4.324241888115522,2.6477833678782194,-0.4329021329308174,-0.4328076452084496,-0.5596768114886351,0.5586010671624074
53,989000000,0.21535151578267425,-4.298357609132314,2.647670988208612,-0.4342300104035302,-0.4338861528929361,-0.5589034310132207,0.557507003717772
54,55000000,0.21595142711722334,-4.244792513718536,2.662429919983396,-0.43794772926666975,-0.4377197758417568,-0.5558739234548942,0.5546236250738626
54,88000000,0.21462875144315322,-4.218939003999788,2.665401816865019,-0.4396306498192489,-0.439091534500274,-0.5548303325380797,0.5532511348071357
54,121000000,0.2158175002223239,-4.191892742632443,2.6709035423305822,-0.4413372953714369,-0.4409799376088019,-0.5532255968530209,0.5519959468396315
54,154000000,0.21592856935571486,-4.165065028620327,2.6772800493696787,-0.44300855091424507,-0.4427089051913607,-0.5518637471489123,0.5506347733878502
54,187000000,0.21560517414341965,-4.138680027565166,2.6820648791165076,-0.4443790267914011,-0.4441109227205972,-0.5508333940146021,0.5494318346315048
54,220000000,0.21503166244699215,-4.111627605198729,2.6845937914468747,-0.4455228443676243,-0.4450512864935565,-0.5500277158811643,0.5485510544147749
54,253000000,0.21480975264186847,-4.085275818704108,2.6905403653453352,-0.4468913543751545,-0.4463735490216297,-0.5489805356079788,0.5474113112113702
54,286000000,0.2154880827545173,-4.057882396746326,2.6968229103504093,-0.4481327992406126,-0.44773402664931844,-0.5478091147066888,0.5464580582894117
54,352000000,0.22689749211808224,-4.003718928118947,2.717954378621163,-0.4497624262752862,-0.45264847872350683,-0.5437942036600596,0.5450788738210135
54,385000000,0.21594853133491693,-3.9731777386686606,2.7158249432109116,-0.4511210104779387,-0.45082735866596974,-0.5452777199069503,0.5439822926867254
54,418000000,0.21819805947258253,-3.9445884889625065,2.726264815450514,-0.45257856698302484,-0.4526050825994314,-0.5436416575771709,0.5429318816016424
54,451000000,0.21787136545289906,-3.9173196725106214,2.7312828097677446,-0.4535337517867406,-0.45367899055790983,-0.542889679611,0.5419901339401529
54,550000000,0.2174828619696359,-3.836477411700819,2.7380924359290577,-0.45638755482066,-0.45636034175492435,-0.5405606277254461,0.5396664210706642
54,616000000,0.21629879609200725,-3.7833387748344354,2.73977001264319,-0.45863094912632835,-0.45831243334817934,-0.5388912809200814,0.5377764900869764
54,649000000,0.2151746089106495,-3.757505068993493,2.748455246490285,-0.460812882725799,-0.4603552985675289,-0.5372466781867937,0.5358082613883404
54,682000000,0.21587261736259972,-3.7337094796637613,2.7472063137321383,-0.4616521495813384,-0.46126431782673055,-0.536388988276384,0.5351629426096389
54,715000000,0.2137229360703678,-3.710499299271801,2.751667764549573,-0.46350778256280895,-0.46277646449594323,-0.535226388065768,0.5334146538392198
54,748000000,0.2156892301212859,-3.688470225757797,2.7515804594204214,-0.46464661467783713,-0.4642609022747593,-0.5338263667019866,0.5325361474127441
54,781000000,0.21626650911429823,-3.6669609332024784,2.7541954147435175,-0.4663489994318034,-0.46609158019391167,-0.5322065919395758,0.5310681623834744
54,814000000,0.21644927838897662,-3.6462889128219595,2.761616765835058,-0.4688079542464019,-0.46856325702954127,-0.5300034750130582,0.5289271147060379
54,847000000,0.21581476993429824,-3.627335116381824,2.7580765373294147,-0.470056233978408,-0.46973187880396267,-0.5290287312865959,0.527757236242792
54,880000000,0.2148938900903871,-3.6070137276022436,2.7614180319012918,-0.47227016412080025,-0.4718107090116656,-0.5272448320243441,0.525707555630355
54,913000000,0.21621780675544344,-3.586533686127125,2.7658111659554283,-0.47476904350123855,-0.4744399287132764,-0.5247119876364145,0.5236205108722382
54,946000000,0.2165968867114271,-3.5662034681120582,2.7647772486550406,-0.4766696494152561,-0.4765339963527642,-0.5228843686060177,0.5218173365401795
54,979000000,0.21482174894229097,-3.5442362956517153,2.7676148651638064,-0.4794539085364316,-0.47888146566622286,-0.5207442296579462,0.5192513251870059
55,12000000,0.21394056120334237,-3.5225466032895794,2.762625938869794,-0.48103485698019677,-0.48027498269047775,-0.5194979770801498,0.5177482585014991
55,45000000,0.21509920593702556,-3.4976246138672615,2.7668530754788847,-0.4834594566710803,-0.48298763114331333,-0.5169517624454477,0.5155102105898776
55,78000000,0.21431102596597718,-3.474302816865918,2.7648579990842337,-0.4851079323342368,-0.48443488734221374,-0.5156012742294598,0.5139537527103928
55,111000000,0.21615395790159295,-3.4492008295097243,2.767397587727938,-0.4870239954884251,-0.4867067532670502,-0.5133294420036497,0.5122665791508939
55,144000000,0.21706625969549267,-3.424195946116439,2.7717623190052203,-0.4891847208614487,-0.48911533730143364,-0.5110356366798491,0.5102029730758462
55,177000000,0.2156279125888978,-3.3997665039326455,2.769615940415366,-0.4913299340573827,-0.4909484718609142,-0.5093224785154801,0.5080896640903547
55,210000000,0.2149074080635487,-3.3761320837217568,2.7660398884677733,-0.4933275956531874,-0.49275375719286024,-0.5075795185752265,0.5061468664946039
55,243000000,0.21595214402259405,-3.3495405451819726,2.7703514331739463,-0.49581185340526657,-0.495574674624865,-0.5048512200489547,0.503687992221748
55,309000000,0.21550650432775503,-3.2962814462831083,2.767786447351716,-0.49926636212445386,-0.49881853473056675,-0.5015519799227809,0.5003586518646426
55,342000000,0.21509177979129376,-3.26956296632464,2.7663810662718027,0.5007763053658598,0.5003256046762494,0.50014086797715,-0.49875494330234726
55,375000000,0.21575942084050506,-3.242506797776587,2.7643457990350746,0.502117360978888,0.5018572649848828,0.4985877174606105,-0.4974210785470482
55,408000000,0.21532821759903809,-3.21496242247039,2.768374003852085,0.5044286789721077,0.5040890524985208,0.49635370617755653,-0.4950544751291536
55,441000000,0.21555976539234428,-3.1879234011646522,2.763095060027107,0.5056208966481475,0.5051953156598293,0.49506554797953917,-0.4939992966713692
55,606000000,0.21569078270941253,-3.060152296764044,2.7545971826761946,0.5137952749619376,0.5135497542813175,0.486494293741656,-0.48539094291219836
55,639000000,0.2143932102932386,-3.0381973107587434,2.7471181488073104,0.5150206070872965,0.5144079851358812,0.4856237793910174,-0.48405345158759105
55,705000000,0.2140164825543694,-2.994066004877014,2.741778678052872,0.5187291282867158,0.5180153580204397,0.481802847877788,-0.480048118524292
55,738000000,0.21747714620847133,-2.970673214667183,2.742011543536297,0.5207434088214816,0.5209459984189809,0.4784256196251009,-0.4780695507837462
55,771000000,0.21577160655304672,-2.951215125420838,2.7371552130773686,0.5227380478307456,0.5225056474802623,0.4768360812263382,-0.47577319527485146
55,804000000,0.21491481265241266,-2.9317871633359975,2.732642089237472,0.5247966898340783,0.5243435226393437,0.4748559721938807,-0.4734597240285205
55,837000000,0.21475278054717697,-2.913852502922959,2.7293640677513986,0.5266465424996235,0.5262896753786341,0.4728400714669517,-0.4712588075337927
55,870000000,0.21628057479573626,-2.895028763516518,2.7295489681975984,0.5288089130106557,0.5288852377473512,0.4698597972604203,-0.4689065042541142
55,903000000,0.21794754764225066,-2.8764288534962805,2.728450541579627,0.5308195013799731,0.5312320307108537,0.4669788169948836,-0.4668554069298098
55,936000000,0.21732249021534672,-2.8594022036344637,2.7236417215463637,0.5325068957325597,0.5326457734997511,0.46529673610510974,-0.46499874552525045
55,969000000,0.21521904651136514,-2.841527548706872,2.717506323341507,0.5341008418769029,0.533568555446344,0.4642844947443711,-0.46312071351349554
56,35000000,0.21582267017037077,-2.8017703179052624,2.710937125238325,0.5381348004393753,0.5377812104852823,0.45935922914865385,-0.45846636168972404
56,68000000,0.2147934064293326,-2.780730230603973,2.705256010483537,0.5401777819104401,0.5395793510171286,0.4573746122952761,-0.45592823110002434
56,101000000,0.21799356931622663,-2.7557241875374703,2.695412465724952,0.5417937539311689,0.5417037885451896,0.4545239630767995,-0.45433963140575867
56,134000000,0.2115983877815033,-2.736181857077988,2.684945005095715,0.5428300359497158,0.5417792988518106,0.4551453242017111,-0.45238642471209284
56,167000000,0.21630379531856164,-2.708426963855474,2.682265745744716,0.5442313093562984,0.5440488717173078,0.4520447573839073,-0.4510860720762479
56,200000000,0.2119992357917865,-2.685346045255573,2.6724203454560334,0.5452267248151352,0.5442322660438477,0.4521905584336238,-0.44951391303009397
56,233000000,0.2122236894790381,-2.6580059579192623,2.667741362703286,0.546629637737122,0.5456788240765243,0.4504388642913953,-0.447811890907022
56,299000000,0.21479389738330312,-2.606018929198801,2.6581176060489407,0.548898822031752,0.5483498113938258,0.4468962391306443,-0.44531597654631366
56,332000000,0.21329890919658315,-2.5825845194820913,2.653060247095254,0.5501751118349577,0.5493954604521585,0.4458210198092331,-0.4435263156208525
56,365000000,0.21438592500679812,-2.5589323234302124,2.64512644138325,0.5510138832433332,0.55040437332213,0.44443509889071825,-0.44262418503169615
56,398000000,0.21444980974615072,-2.5335569519982473,2.643355186238064,0.5529958129739503,0.552393054876032,0.44196595061000776,-0.4401404801417349
56,431000000,0.21726396054882427,-2.5107096195847527,2.6352903952552946,0.5537640405838777,0.5537305920558963,0.44001637547897876,-0.4394467067665733
56,464000000,0.21795568041444852,-2.4871415934308256,2.6328429854890585,0.5555594462228441,0.5556666617998753,0.43750484553044017,-0.43723880524735637
56,497000000,0.21600418913187794,-2.469202743730992,2.623281359402137,0.5563418885212257,0.5560400798594507,0.4372266365818514,-0.4360458702130472
56,563000000,0.21489174748295528,-2.4322765571806078,2.610534678201308,0.5588178052447949,0.5582531785484297,0.43449217973951487,-0.4327731448775104
56,596000000,0.215405168200882,-2.415175128242134,2.6045517575907384,0.5599764471220638,0.5594903130641569,0.43282796240593296,-0.43134316178125554
56,695000000,0.21474968249288898,-2.370611383847496,2.5899564574192393,0.564484326556311,0.5638289655457933,0.42721255366871796,-0.4253748660554376
56,728000000,0.21448100693886096,-2.3590658188811595,2.585476105215517,0.566449946293812,0.5657219300441854,0.4247300798846635,-0.42272628904763776
56,794000000,0.21692140575004643,-2.334082307914406,2.579995335668093,0.571102006037416,0.5709672516204962,0.4174206053542378,-0.4166520544803278
56,860000000,0.21563133219059522,-2.316779010777617,2.568423236805107,0.5747277080117371,0.5742155325842306,0.4130001322397702,-0.4115768148869861
56,893000000,0.21639774011035728,-2.3057372341154267,2.565604445652708,0.5766631418566484,0.5763216622945733,0.4099632944539063,-0.40895361545600584
56,926000000,0.21621393665122512,-2.2964736027000403,2.561051732699112,0.5780890713857061,0.57769234808861,0.4080394703248712,-0.40692550566569174
56,959000000,0.21799329616362212,-2.2863181785998132,2.5586689492402432,0.5793671373111784,0.5794777182963836,0.405401392833434,-0.4052024245862543
56,992000000,0.21572370269484412,-2.280439428986093,2.5531660893550927,0.5802196830480527,0.5796968781208014,0.405233373518189,-0.40383482005354865
57,25000000,0.21553129179081185,-2.273162115458502,2.549192625292335,0.581125763942903,0.5805357789087273,0.40403142005926856,-0.40252908900290135
57,58000000,0.2162816765036805,-2.2652436463357883,2.5457057529755422,0.5820094104191494,0.5816106692797521,0.40241396122856,-0.40131917393996036
57,91000000,0.21897426406344567,-2.255293859195337,2.544289326416801,0.5830462465891505,0.5834093292357888,0.39962015462753137,-0.3999929510809142
57,124000000,0.21820520089396395,-2.248516117387662,2.5396605502165865,0.5838046709211483,0.5839536614056382,0.39887921974100277,-0.3988302842067136
57,157000000,0.2152216560729604,-2.243014416911181,2.5341868221311197,0.5845581547611763,0.5838912958136285,0.399207603030609,-0.3974871168451199
57,190000000,0.21534203672165855,-2.234788515116456,2.5309027029627833,0.5853796318176838,0.5847108217461235,0.3979638502022316,-0.39631895679891693
57,223000000,0.21575882595377568,-2.2256736361870706,2.5275553845234033,0.5861206292360152,0.5855803100166086,0.3966686630110437,-0.39523699256251493
57,256000000,0.2163852185790355,-2.2150093945797638,2.524084161158208,0.5868980426482671,0.5865357656820267,0.3952023513463527,-0.39413396783548843
57,289000000,0.2092768156551177,-2.2133038010632897,2.5208121734455764,0.5846354298347513,0.5895045405619299,0.39637552596251147,-0.3918829586199762
57,322000000,0.2121452149766685,-2.198220313628725,2.5148690328915877,0.5863039334523276,0.5893008115301762,0.39460536444213057,-0.3914828955416801
57,355000000,0.21673852104987704,-2.1802501647413925,2.509122700578391,0.5889155856948499,0.5885389269294883,0.3920816550559399,-0.39124460403048816
57,388000000,0.2163395896909338,-2.16656529953721,2.5034018291515214,0.5895506313230267,0.5891686837890144,0.3911951076172442,-0.3902264764534486
57,421000000,0.21716320756559454,-2.1525861497529277,2.4979905929540402,0.590213551353224,0.5900128090381386,0.3899275735426845,-0.38921631050234107
57,454000000,0.2171806186628349,-2.1402217648392012,2.4919837768402053,0.5910242041746288,0.5907812903182176,0.3887217006803375,-0.3880248658396456
57,487000000,0.21722077898468584,-2.1269616831974894,2.4856637629604577,0.5918336626798489,0.5916245226188797,0.38745838114117015,-0.38676781515322806
57,520000000,0.2177768371547473,-2.1123190259862303,2.481496268830179,0.5927455335688019,0.5925636877588062,0.3859511679736913,-0.3854383275229176
57,553000000,0.21744099189460386,-2.1035568972446788,2.4732801268837576,0.5930448705720258,0.5929285748414307,0.38550923935590337,-0.38485856232641075
57,586000000,0.21714876318708923,-2.091638137411627,2.4689381907208343,0.5939221120171795,0.593640121055434,0.38431844121933934,-0.38359779361862845
57,619000000,0.21764954137683062,-2.081781841352818,2.463172977328549,0.5944045796427919,0.594372665068596,0.3833068612101038,-0.382727293079797
57,652000000,0.21667557497138945,-2.0740484716100807,2.458370639215513,0.5951288554921307,0.5947841680452453,0.3825657586097283,-0.3817026056273592
57,685000000,0.21721633028789675,-2.066255478982706,2.4539858057994066,0.5956512044434862,0.5954594154237633,0.38154880608601366,-0.38085198673835485
57,718000000,0.21732298310583767,-2.0600901203063504,2.450167072148732,0.596197252542107,0.5960298581231193,0.3806598990096131,-0.37999379675590605
57,751000000,0.21745416354423652,-2.054486986214489,2.4463162579258437,0.5966778019178444,0.5966240480897401,0.37979987698137513,-0.37916671713697897
57,817000000,0.21767816141323418,-2.044267308674112,2.441387275624143,0.5979017410998438,0.5978728290643684,0.37781323642151793,-0.3772515694348295
57,850000000,0.21787069643368365,-2.039333781267701,2.438930863799195,0.5984866969318676,0.5984791515662203,0.37683800341168056,-0.3763369473236159
57,883000000,0.21839972686330603,-2.0344083242129,2.4354405725519475,0.5989255349766024,0.599051199658532,0.37594728029224955,-0.37561883097300275
57,949000000,0.21722144983740374,-2.0252363956483324,2.4295140570990474,0.60016397801771,0.5998763691817605,0.37447295570677636,-0.3737934545059567
58,15000000,0.21662799826698137,-2.0140799476203957,2.4272465307525097,0.6016100316460369,0.601138441868176,0.37241903994191355,-0.3714862073077537
58,48000000,0.2183263549112015,-2.007350631891501,2.4289788478618823,0.6022146657122622,0.602465865369841,0.37069308979689175,-0.37007973551934786
58,81000000,0.2209640440164496,-2.0015558613466347,2.428599640424359,0.6024546804754508,0.6036634874104361,0.36918648928283,-0.3692425870233709
58,114000000,0.2228879015836421,-1.9996413446044192,2.423908895377384,0.6021619451900966,0.6042543510488264,0.3687146710378698,-0.3692250836073794
58,147000000,0.23514947773343572,-1.9911017611333655,2.425158241324347,0.6000012995878614,0.6081607162352142,0.36568315989788525,-0.3693437562600004
58,180000000,0.23423171666790119,-1.9891361886076377,2.419261209783852,0.5988532770309344,0.6092640195735305,0.365959653732014,-0.36911466901595774
58,213000000,0.2193901396714927,-1.9869401453127202,2.402735969516007,0.6036412083253536,0.6036735304135183,0.368395254381937,-0.36807675400445217
58,246000000,0.22274665394920795,-1.9631401158455912,2.4120745596489557,0.6054065589012562,0.6054286944459105,0.3650948718954311,-0.36557451893768383
58,279000000,0.2196098459221739,-1.9774374755847894,2.394924538483718,0.6044953198516915,0.6043898844632565,0.3670625294485145,-0.3668288092704161
58,312000000,0.21854253565731638,-1.9787196755601206,2.3859212694110075,0.6043746597471465,0.6043159326451167,0.3673430393700923,-0.3668686626479924
58,345000000,0.2176001088830582,-1.975226661066113,2.381833730125006,0.6047054516997816,0.6045812553375209,0.3669576566651238,-0.36627162133300945
58,378000000,0.22231727657118464,-1.9476584888154067,2.3966064879761677,0.6066464878896956,0.6066618804538875,0.3630828086764519,-0.3634725238293395
58,411000000,0.21994895273021153,-1.9515000012844614,2.384944883282998,0.6063177087296576,0.6062991248034852,0.3639260487824704,-0.36378295501703334
58,444000000,0.21918274160012022,-1.9515239791981922,2.3788188010799645,0.6063495113007417,0.6063437158838215,0.3639585590419955,-0.3636230680988566
58,477000000,0.221061687290659,-1.953061808758423,2.3689039193679653,0.6061673763578577,0.6061478745878371,0.3640483533152495,-0.3641629613518302
58,576000000,0.22230978421238493,-1.9251212856401785,2.372356784090963,0.6081602375133338,0.6081709830315871,0.36055106373604917,-0.3609322808296894
58,609000000,0.22150295333093808,-1.923959330648908,2.366771632110448,0.6084406011343938,0.6084540296053318,0.3601735119251035,-0.3603592236307944
58,642000000,0.22186523149423618,-1.9182356241964909,2.3645508729232594,0.6093110724293542,0.6093421279571033,0.3586427075376335,-0.3589116833453256
58,675000000,0.22288713346048564,-1.9083693085568987,2.366051376629434,0.610784756489841,0.6107911889279629,0.35602464217784924,-0.3565425064837933
58,708000000,0.19242539258849356,-1.9391759147024312,2.3474276154803957,0.6099174353923643,0.6086638698655402,0.362981659200386,-0.3546453589275358
58,741000000,0.21599140235714945,-1.908990523846135,2.353056643409716,0.6123025037274907,0.612367616070146,0.3541992283950684,-0.35303605102305136
58,774000000,0.21493316321003889,-1.9075637374726846,2.349962089856301,0.6133625646982724,0.6134253471215435,0.35252670569181166,-0.35102796115074714
58,807000000,0.21917580695969363,-1.8989065443968838,2.351309615302058,0.6150301044521063,0.6150422314333526,0.3489827641767473,-0.3488152153772405
58,873000000,0.21745354536088166,-1.8978286381480267,2.349359453264353,0.6165252495311786,0.6165259551511254,0.3466166041296004,-0.3459035892516504
58,972000000,0.21765009537758276,-1.8944427567096775,2.3453568230667634,0.61724089077218,0.6172344785628223,0.3453126492604215,-0.3446657155749549
59,5000000,0.21615464735819245,-1.8946462819266683,2.3434005606905273,0.6172400936018171,0.6172614878923427,0.3455223535910206,-0.3444085155513334
59,38000000,0.2161478475596117,-1.8895655502548352,2.343603465587358,0.6176168508295142,0.617675151779699,0.3448180543558354,-0.343696583974318
59,71000000,0.21705764131996053,-1.8882958967444499,2.3398183950439835,0.6175732906389186,0.6176019881876865,0.34477914125730846,-0.34394528435480487
59,104000000,0.2171961554870358,-1.8824073425861763,2.340539703140966,0.618006512031117,0.6180361841320957,0.3439820280610224,-0.3431844847332077
59,137000000,0.21825735060552284,-1.8817684051752348,2.3362052219142675,0.617869782494362,0.6179201000233371,0.34404671955172006,-0.34357464492191414
59,170000000,0.21678961851702466,-1.8783632249356796,2.3355566578764755,0.6181028444690553,0.6181460190905933,0.3438657249338398,-0.34292963703570384
59,203000000,0.21455455405889276,-1.8781835228558366,2.3337748561115563,0.6180479730230934,0.6181549145142675,0.3442641488568333,-0.34261260997777704
59,236000000,0.21662841589422246,-1.877363141271215,2.3318767600648207,0.6181600521485457,0.6181577979776574,0.34382754175537544,-0.34284356236857716
59,269000000,0.2194347529663397,-1.869549679951087,2.334999885041759,0.6188306187497019,0.6188377539705877,0.3421724290790401,-0.3420621702799784
59,302000000,0.21562729656511895,-1.8780649325244205,2.327696617322081,0.6180606161307012,0.6180577493355477,0.344165055870789,-0.34286456158645545
59,335000000,0.21785418460010675,-1.8680284797809243,2.3327778806577406,0.6189512682780175,0.6189373185625666,0.3422199218075401,-0.3416159368437821
59,368000000,0.2157803886806045,-1.8672304445449162,2.332113055093832,0.6188868817078487,0.6189440424196497,0.34260217828953443,-0.34133714628564016
59,401000000,0.21632799101156988,-1.8674380393422714,2.3305004997055363,0.6188546101168918,0.6188628375762274,0.34261816009692786,-0.34152680154852527
59,434000000,0.21701756324891874,-1.8701358509198849,2.3267276024322108,0.6186011013855975,0.6185625305145583,0.3430054759897839,-0.34214078483713917
59,467000000,0.21840068563828716,-1.8644560210679413,2.3291151090020508,0.6190735798786394,0.6190827061399422,0.3418932702477877,-0.34145789991441894
59,500000000,0.21654124524917295,-1.8698039960256119,2.324485833050506,0.6185869664740689,0.6186027045799499,0.34306039353128387,-0.34203863112949856
59,533000000,0.2149764745588716,-1.870932466592819,2.3228685451580335,0.6184662095174072,0.6185043125180404,0.34350698745067326,-0.34198671414883924
59,566000000,0.21623508559152677,-1.8629897078505882,2.3271410069286875,0.6191653239677726,0.6192121240703272,0.3420379753201245,-0.3409115287565194
59,599000000,0.215894566971555,-1.8632859589039,2.325565764847486,0.6191334506487677,0.6191369554258992,0.34218275269968,-0.34096064944296395
59,665000000,0.21690002515532206,-1.8618888910452214,2.3243595634620147,0.6192077018064722,0.6192294513117026,0.3418742763656481,-0.34096728261113185
59,698000000,0.21766497155713388,-1.8568861527961944,2.32662250055174,0.6196371755735095,0.6196512200771254,0.3409778731840012,-0.34031783100967405
59,731000000,0.21696042355554773,-1.8588520344405477,2.3244373457569734,0.6194343881800374,0.6194554066702338,0.3414511237179626,-0.34056888877109553
59,764000000,0.21591053535238222,-1.863933723859989,2.320541350778075,0.6189850703608476,0.6189981796713488,0.3424389780219457,-0.3412246804749306
59,797000000,0.21570925711110997,-1.865929136394218,2.318697582647222,0.6187913115187493,0.6188227068782839,0.34280675951716805,-0.3415249564381472
59,830000000,0.21614763126335423,-1.8664203448540537,2.3177029404277096,0.6187516618663631,0.6187446368203507,0.3428410151659186,-0.3417038098465813
59,896000000,0.21650211741404116,-1.863998836756295,2.318368860102113,0.6189170792709278,0.6189666175650441,0.3424373113742081,-0.3414068879001072
59,929000000,0.21696078864382579,-1.862435264146667,2.3191647449009607,0.6190587776969877,0.619099360622421,0.34211601416614346,-0.3412313647428857
59,962000000,0.21707214413536982,-1.8612532788452454,2.319887995854127,0.6191566849325777,0.6192168121871958,0.3419051485032401,-0.3410519145746074
60,28000000,0.21746923484745476,-1.8604701713813643,2.320328560877725,0.6192459062932102,0.6192702042937215,0.3417116676846577,-0.3409868879902617
60,61000000,0.21746923484745476,-1.8604701713813643,2.320328560877725,0.6192459062932102,0.6192702042937215,0.3417116676846578,-0.3409868879902617
60,94000000,0.21746923484745476,-1.8604701713813643,2.320328560877725,0.6192459062932102,0.6192702042937215,0.3417116676846578,-0.3409868879902617
60,160000000,0.21746923484745476,-1.8604701713813643,2.320328560877725,0.6192459062932102,0.6192702042937215,0.3417116676846578,-0.3409868879902617
60,193000000,0.21746923484745476,-1.8604701713813643,2.320328560877725,0.6192459062932102,0.6192702042937215,0.3417116676846578,-0.3409868879902617
60,226000000,0.21746923484745476,-1.8604701713813643,2.320328560877725,0.6192459062932102,0.6192702042937215,0.3417116676846578,-0.3409868879902617
60,259000000,0.21746923484745476,-1.8604701713813643,2.320328560877725,0.6192459062932102,0.6192702042937215,0.3417116676846578,-0.3409868879902617
60,292000000,0.21746923484745476,-1.8604701713813643,2.320328560877725,0.6192459062932102,0.6192702042937215,0.3417116676846578,-0.3409868879902617
60,358000000,0.21746923484745476,-1.8604701713813643,2.320328560877725,0.6192459062932102,0.6192702042937215,0.3417116676846578,-0.3409868879902617
60,391000000,0.21746923484745476,-1.8604701713813643,2.320328560877725,0.6192459062932102,0.6192702042937215,0.3417116676846578,-0.3409868879902617
60,424000000,0.21746923484745476,-1.8604701713813643,2.320328560877725,0.6192459062932102,0.6192702042937215,0.3417116676846578,-0.3409868879902617
60,457000000,0.21746923484745476,-1.8604701713813643,2.320328560877725,0.6192459062932102,0.6192702042937215,0.3417116676846578,-0.3409868879902617
60,490000000,0.21746923484745476,-1.8604701713813643,2.320328560877725,0.6192459062932102,0.6192702042937215,0.3417116676846578,-0.3409868879902617
60,523000000,0.21746923484745476,-1.8604701713813643,2.320328560877725,0.6192459062932102,0.6192702042937215,0.3417116676846578,-0.3409868879902617
60,556000000,0.2169411620509836,-1.8611686147119506,2.319812804997471,0.6191664797188294,0.6192079493861252,0.34192473977517734,-0.34103058241058043
60,589000000,0.21573284612577692,-1.8616486868761692,2.318669551106198,0.6190555139626185,0.6190893832179454,0.3423245209426571,-0.341046226457181
60,622000000,0.2152855169011019,-1.858445480816163,2.3185528817968417,0.6191770009859126,0.6192188654242764,0.3421691549602731,-0.34074639770148135
60,655000000,0.21687261597374652,-1.853576026695784,2.3172404024770135,0.6193366479518434,0.6193683224437443,0.3416333684731988,-0.34072223174112376
60,688000000,0.21472414539810705,-1.8531133041697958,2.3126559597736636,0.6190382521437364,0.6190629290905504,0.34251751953435017,-0.34093178352962683
60,721000000,0.2154934514455446,-1.8464013454894541,2.3106801182948087,0.6192106908399091,0.619257794422703,0.3420659158289015,-0.3407180852617407
60,754000000,0.21495375511067505,-1.8420403415775728,2.3059412767875296,0.6190989088679693,0.6191473017338268,0.3423500430498827,-0.3408366292198584
60,787000000,0.21473906698429884,-1.8361834605601672,2.3024373501803925,0.6190818982703038,0.6191798122953144,0.3423838024188638,-0.34077455175112065
60,820000000,0.21881434970247715,-1.825669798015841,2.299230664791573,0.6194599869253906,0.6194099666947863,0.3411695449414974,-0.34088701847088626
60,853000000,0.21728690507236914,-1.8167557250663902,2.294923620136959,0.6195423503812006,0.6195386182161307,0.34122521027371494,-0.3404475473500203
60,886000000,0.2158335573993477,-1.8093286980499814,2.288109093664458,0.619397213362441,0.6194578188344637,0.34166419688475624,-0.34041838864959406
60,919000000,0.21576068967402265,-1.7984248315708877,2.2827222386328887,0.6195311914181479,0.6196167288607185,0.34141447344076703,-0.3401358103774387
60,952000000,0.2157668516685849,-1.7904145642807818,2.274342301207666,0.6193306942551721,0.6194082345359084,0.34179116008641164,-0.34050217771594454
60,985000000,0.19276251020782226,-1.8042535222970248,2.2598184594036943,0.618082260274625,0.61703886301249,0.3488042142975091,-0.3399602640814978
61,18000000,0.1895563465815054,-1.8012722319231038,2.2475276676665024,0.6188125105333117,0.6151681167787141,0.3502287427110259,-0.34055703294080514
61,117000000,0.2175362542240943,-1.7258696013002914,2.2249300144046273,0.6194750367625659,0.6193745738522651,0.34140531142991287,-0.3406878768327204
61,150000000,0.2212795727914167,-1.7017987031520372,2.2202191873464026,0.6201584909191081,0.6201866740733049,0.3395753508409805,-0.3397948153578154
61,183000000,0.21717857741272886,-1.6912260297533181,2.2040619974566495,0.6198986374643142,0.6197974321665792,0.3406789291352106,-0.33987452036433613
61,216000000,0.22031922140746074,-1.6744842759743173,2.1921194613605928,0.6198768268715389,0.6198608028670752,0.3402387018133331,-0.34023951911122124
61,282000000,0.22235010638772326,-1.6322162265977131,2.1790925320087524,0.6207185305979431,0.6208403808102181,0.33830636722117136,-0.3388429270700036
61,315000000,0.20142967254184105,-1.6860502422065629,2.1637823811142436,0.6245813068683469,0.6133768655582538,0.34433250537224835,-0.3392670594865211
61,348000000,0.1931606331223213,-1.6451986175936244,2.1624641082435354,0.6267440389384408,0.6130574700607264,0.34352493120805655,-0.33666462495541766
61,381000000,0.2069954665484063,-1.6070545779185945,2.158171774866842,0.6234394082187595,0.6180834939925024,0.34034582713930805,-0.33683945238454976
61,414000000,0.2175814265772318,-1.5875276170845845,2.1476440585694587,0.620609542155524,0.6206938134153362,0.33912236135869084,-0.3384952144417173
61,513000000,0.2188013561395751,-1.5587031402438036,2.131015577626609,0.6207803338650025,0.6211082923967549,0.3383618780171956,-0.33818265139879644
61,546000000,0.21751371838772254,-1.5551772194436515,2.1232562507887045,0.6204965124260774,0.6205361372875138,0.3393646871101451,-0.33874856387887464
61,612000000,0.2175433869863628,-1.54269966932443,2.117670647531175,0.6206676445683784,0.6207333258132672,0.33902729262354603,-0.3384114478960336
61,645000000,0.21839351828756126,-1.5380060990591597,2.1154641815372495,0.6207079174280227,0.6209037578514165,0.33867306639967115,-0.33837960757646246
61,678000000,0.2181068257961779,-1.5369149556034674,2.1117389691408905,0.6204649669803454,0.6206793769752688,0.33916476839849447,-0.33874414478314857
61,711000000,0.21788054397839232,-1.5346170029090973,2.110702391106363,0.6205548932139626,0.6206872764610685,0.3391087971857125,-0.3386209577371256
61,744000000,0.2181458839078429,-1.5321783144508734,2.1112881326453907,0.6207538316277667,0.6208673822186667,0.3387031403121137,-0.33833202177609356
61,777000000,0.218251832303015,-1.5319850844926386,2.1111611589843364,0.6207538214276085,0.6208732749792601,0.3386756551306716,-0.33834874053461383
61,810000000,0.21824763328674823,-1.5319881891406602,2.1111523792191074,0.620753819419791,0.6208718387421255,0.33867756620227524,-0.3383494668002553
61,843000000,0.21824762940387601,-1.5319881841130474,2.1111523851365104,0.6207538194763115,0.6208718400639908,0.33867756594265935,-0.3383494645308026
61,876000000,0.21824764481772346,-1.531988180176989,2.111152386580105,0.6207538201930303,0.6208718402266674,0.338677561846974,-0.33834946701701774
61,909000000,0.21824764481772346,-1.531988180176989,2.111152386580105,0.6207538201930302,0.6208718402266673,0.3386775618469739,-0.33834946701701785
61,942000000,0.21824764481772346,-1.531988180176989,2.111152386580105,0.6207538201930303,0.6208718402266674,0.33867756184697395,-0.3383494670170177
61,975000000,0.21824764481772346,-1.531988180176989,2.111152386580105,0.6207538201930303,0.6208718402266674,0.33867756184697395,-0.3383494670170178
62,41000000,0.21824764481772346,-1.531988180176989,2.111152386580105,0.6207538201930303,0.6208718402266672,0.3386775618469742,-0.33834946701701774
62,74000000,0.21824764481772346,-1.531988180176989,2.111152386580105,0.6207538201930302,0.6208718402266674,0.33867756184697406,-0.33834946701701746
62,107000000,0.21824764353943052,-1.5319881839936194,2.1111523827790855,0.62075381706787,0.6208718419949267,0.3386775641329192,-0.338349467217681
