x,y,z
2.9999997376640275,-0.27999999916577384,0.28499964776844783
2.9999997376640275,-0.27999999916577384,0.28499964776844783
2.9999997376640275,-0.27999999916577384,0.28499964776844783
2.9999997376640275,-0.27999999916577384,0.28499964776844783
2.9999997376640275,-0.27999999916577384,0.28499964776844783
2.9999997376640275,-0.27999999916577384,0.28499964776844783
2.9999997376640275,-0.27999999916577384,0.28499964776844783
2.9999997376640275,-0.27999999916577384,0.28499964776844783
2.9999997376640275,-0.27999999916577384,0.28499964776844783
2.9999997376640275,-0.27999999916577384,0.28499964776844783
2.9999997376640275,-0.27999999916577384,0.28499964776844783
2.9999997376640275,-0.27999999916577384,0.28499964776844783
2.9999997376640275,-0.27999999916577384,0.28499964776844783
2.9999997376640275,-0.27999999916577384,0.28499964776844783
2.9999997376640275,-0.27999999916577384,0.28499964776844783
2.9999997376640275,-0.27999999916577384,0.28499964776844783
2.9999997376640275,-0.27999999916577384,0.28499964776844783
2.9999997376640275,-0.27999999916577384,0.28499964776844783
2.9999997376640275,-0.27999999916577384,0.28499964776844783
2.9999997376640275,-0.27999999916577384,0.28499964776844783
2.9999997376640275,-0.27999999916577384,0.28499964776844783
2.9999997376640275,-0.27999999916577384,0.28499964776844783
2.9999997376640275,-0.27999999916577384,0.28499964776844783
2.9999997376640275,-0.27999999916577384,0.28499964776844783
2.9999997376640275,-0.27999999916577384,0.28499964776844783
2.9999997376640275,-0.27999999916577384,0.28499964776844783
2.9999997376640275,-0.27999999916577384,0.28499964776844783
2.9999997376640275,-0.27999999916577384,0.28499964776844783
2.9999997376640275,-0.27999999916577384,0.28499964776844783
2.9999997376640275,-0.27999999916577384,0.28499964776844783
2.9999997376640275,-0.27999999916577384,0.28499964776844783
2.9999997376640275,-0.27999999916577384,0.28499964776844783
2.9999997376640275,-0.27999999916577384,0.28499964776844783
2.9999997376640275,-0.27999999916577384,0.28499964776844783
2.9999997376640275,-0.27999999916577384,0.28499964776844783
2.9999997376640275,-0.27999999916577384,0.28499964776844783
2.9999997376640275,-0.27999999916577384,0.28499964776844783
2.9999997376640275,-0.27999999916577384,0.28499964776844783
2.9999997376640275,-0.27999999916577384,0.28499964776844783
2.9999997376640275,-0.27999999916577384,0.28499964776844783
2.9999997376640275,-0.27999999916577384,0.28499964776844783
2.9999997376640275,-0.27999999916577384,0.28499964776844783
2.9999997376640275,-0.27999999916577384,0.28499964776844783
2.9999997376640275,-0.27999999916577384,0.28499964776844783
2.9999997376640275,-0.27999999916577384,0.28499964776844783
2.9999997376640275,-0.27999999916577384,0.28499964776844783
2.9999997376640275,-0.27999999916577384,0.28499964776844783
2.9999997376640275,-0.27999999916577384,0.28499964776844783
2.9999997376640275,-0.27999999916577384,0.28499964776844783
2.9999997376640275,-0.27999999916577384,0.28499964776844783
2.9999997376640275,-0.27999999916577384,0.28499964776844783
2.9999997376640275,-0.27999999916577384,0.28499964776844783
2.9999997376640275,-0.27999999916577384,0.28499964776844783
2.9999997376640275,-0.27999999916577384,0.28499964776844783
2.9999997376640275,-0.27999999916577384,0.28499964776844783
2.9999997376640275,-0.27999999916577384,0.28499964776844783
2.9999997376640275,-0.27999999916577384,0.28499964776844783
2.9999997376640275,-0.27999999916577384,0.28499964776844783
2.9999997376640275,-0.27999999916577384,0.28499964776844783
2.9999997376640275,-0.27999999916577384,0.28499964776844783
2.9999997376640275,-0.27999999916577384,0.28499964776844783
2.9999997376640275,-0.27999999916577384,0.28499964776844783
2.9999997376640275,-0.27999999916577384,0.28499964776844783
2.9999997376640275,-0.27999999916577384,0.28499964776844783
2.9999997376640275,-0.27999999916577384,0.28499964776844783
2.9999997376640275,-0.27999999916577384,0.28499964776844783
2.9999997376640275,-0.27999999916577384,0.28499964776844783
2.9999997376640275,-0.27999999916577384,0.28499964776844783
2.9999997376640275,-0.27999999916577384,0.28499964776844783
2.9999997376640275,-0.27999999916577384,0.28499964776844783
2.9999997376640275,-0.27999999916577384,0.28499964776844783
2.9999997376640275,-0.27999999916577384,0.28499964776844783
2.9999997376640275,-0.27999999916577384,0.28499964776844783
2.9999997376640275,-0.27999999916577384,0.28499964776844783
2.9999997376640275,-0.27999999916577384,0.28499964776844783
2.9999997376640275,-0.27999999916577384,0.28499964776844783
2.9999997376640275,-0.27999999916577384,0.28499964776844783
2.9999997376640275,-0.27999999916577384,0.28499964776844783
2.9999997376640275,-0.27999999916577384,0.28499964776844783
2.9999997376640275,-0.27999999916577384,0.28499964776844783
2.9999997376640275,-0.27999999916577384,0.28499964776844783
2.9999997376640275,-0.27999999916577384,0.28499964776844783
2.9999997376640275,-0.27999999916577384,0.28499964776844783
2.9999997376640275,-0.27999999916577384,0.28499964776844783
2.9999997376640275,-0.27999999916577384,0.28499964776844783
2.9999997376640275,-0.27999999916577384,0.28499964776844783
2.9999997376640275,-0.27999999916577384,0.28499964776844783
2.9999997376640275,-0.27999999916577384,0.28499964776844783
2.9999997376640275,-0.27999999916577384,0.28499964776844783
2.9999997376640275,-0.27999999916577384,0.28499964776844783
2.9999997376640275,-0.27999999916577384,0.28499964776844783
2.9999997376640275,-0.27999999916577384,0.28499964776844783
2.9999997376640275,-0.27999999916577384,0.28499964776844783
2.9999997376640275,-0.27999999916577384,0.28499964776844783
2.9999997376640275,-0.27999999916577384,0.28499964776844783
2.9999997376640275,-0.27999999916577384,0.28499964776844783
2.9999997376640275,-0.27999999916577384,0.28499964776844783
2.9999997376640275,-0.27999999916577384,0.28499964776844783
2.9999997376640275,-0.27999999916577384,0.28499964776844783
2.9999997376640275,-0.27999999916577384,0.28499964776844783
2.9999997376640275,-0.27999999916577384,0.28499964776844783
2.9999997376640275,-0.27999999916577384,0.28499964776844783
2.9999997376640275,-0.27999999916577384,0.28499964776844783
2.9999997376640275,-0.27999999916577384,0.28499964776844783
2.9999997376640275,-0.27999999916577384,0.28499964776844783
2.9999997376640275,-0.27999999916577384,0.28499964776844783
2.9999997376640275,-0.27999999916577384,0.28499964776844783
2.9999997376640275,-0.27999999916577384,0.28499964776844783
2.9999997376640275,-0.27999999916577384,0.28499964776844783
2.9999997376640275,-0.27999999916577384,0.28499964776844783
2.9999997376640275,-0.27999999916577384,0.28499964776844783
2.9999997376640275,-0.27999999916577384,0.28499964776844783
2.9999997376640275,-0.27999999916577384,0.28499964776844783
2.9999997376640275,-0.27999999916577384,0.28499964776844783
2.9999997376640275,-0.27999999916577384,0.28499964776844783
2.9999997376640275,-0.27999999916577384,0.28499964776844783
2.9999997376640275,-0.27999999916577384,0.28499964776844783
2.9999997376640275,-0.27999999916577384,0.28499964776844783
2.9999997376640275,-0.27999999916577384,0.28499964776844783
2.9999997376640275,-0.27999999916577384,0.28499964776844783
2.9999997376640275,-0.27999999916577384,0.28499964776844783
2.9999997376640275,-0.27999999916577384,0.28499964776844783
2.9999997376640275,-0.27999999916577384,0.28499964776844783
2.9999997376640275,-0.27999999916577384,0.28499964776844783
2.9999997376640275,-0.27999999916577384,0.28499964776844783
2.9999997376640275,-0.27999999916577384,0.28499964776844783
2.9999997376640275,-0.27999999916577384,0.28499964776844783
2.9999997376640275,-0.27999999916577384,0.28499964776844783
2.9999997376640275,-0.27999999916577384,0.28499964776844783
2.9999997376640275,-0.27999999916577384,0.28499964776844783
2.9999997376640275,-0.27999999916577384,0.28499964776844783
2.9999997376640275,-0.27999999916577384,0.28499964776844783
2.9999997376640275,-0.27999999916577384,0.28499964776844783
2.9999997376640275,-0.27999999916577384,0.28499964776844783
2.9999997376640275,-0.27999999916577384,0.28499964776844783
2.9999997376583796,-0.27994394054306004,0.2850000350639655
2.9999997356669255,-0.2795496862872685,0.2850000351193954
2.9999997322085705,-0.27878143131670574,0.2850000351394326
2.9999997272902568,-0.27763917563985346,0.2850000350867109
2.999999720873893,-0.2761229192452727,0.28500003490452275
2.999999712928756,-0.2742326621319222,0.28500003451815414
2.999999703486855,-0.2719684043444321,0.28500003383907246
2.9999996925846086,-0.26933014594111576,0.2850000327606019
2.9999996802675213,-0.26631788704652193,0.2850000311632235
2.999999666551279,-0.2629316276558513,0.28500002890170284
2.99999965147174,-0.2591713679452098,0.28500002584010714
2.999999635049612,-0.25503710805713026,0.2850000218329794
2.999999617272956,-0.25052884821360966,0.2850000167494935
2.999999598035475,-0.24564658862213015,0.2850000105009702
2.9999995769225443,-0.24039032924965936,0.2850000031358322
2.9999995175310414,-0.2347600694186975,0.2850000036034979
3.000001100855201,-0.22872414483667788,0.2849996032458706
3.0000007309224634,-0.22234588714434822,0.2849996773918321
2.999996946092697,-0.21555586461277418,0.2850000503221908
2.9999825575967147,-0.20832665189326516,0.28499948269358727
2.9999460450895388,-0.20047369262572923,0.2849998079410032
2.9999518688250606,-0.19234483461942073,0.28499993812472546
2.999946836187038,-0.1843845509707512,0.28499996734372
2.999924937740084,-0.17660387149361953,0.2849999883627813
2.9998918082499606,-0.16916271610321432,0.2850000292700059
2.9998648472583804,-0.16204689804904937,0.2850000413469095
2.9998433239956084,-0.15528145411642072,0.28499969705181527
2.9998252532533445,-0.14888628241811014,0.284999767909238
2.9998080370138878,-0.142865192785219,0.28499982481739305
2.999782555296187,-0.13725702052211225,0.2849999400545906
2.99974700993008,-0.13203857109366215,0.28499970952525605
2.9997208273303957,-0.12694090046604972,0.2849997740457945
2.999704006587618,-0.12181702944955697,0.28499994677871415
2.9996849225646014,-0.11666083703414076,0.284999987472089
2.999661381297175,-0.11147178265651543,0.28499999747206706
2.999633142868724,-0.10627022887810285,0.2850000001215176
2.99957464695463,-0.1011503641260631,0.2849992371245138
2.9995169088932774,-0.0959590558237727,0.2849993791120303
2.999468173508935,-0.09071286238694103,0.2850001672034559
2.9993930599714695,-0.0856988027992664,0.28499984885712293
2.9993485102008868,-0.0804526959480725,0.2849998723507866
2.999303102713357,-0.0751411875317316,0.28499989284066624
2.999256964279315,-0.0698079261875396,0.284999908593321
2.9991980585355402,-0.06452568275832059,0.28499999142704424
2.9991250061373296,-0.05924789434399126,0.2849999912364496
2.9990445071362317,-0.05395266887888028,0.28500004537217644
2.998960653384182,-0.04863894327391534,0.28500000117785973
2.9988688583465706,-0.04330152638825259,0.2849999842444033
2.998766050604509,-0.03796163493992692,0.28499998571670093
2.998650390736229,-0.03263005346719823,0.28499998648554387
2.998517130774025,-0.027308174208875602,0.2849988378730465
2.998382397888138,-0.022565092755190252,0.2849990469249301
2.9982455424146663,-0.018698788108497205,0.2849992184028104
2.9981462242775763,-0.015503816024963757,0.28500010340551574
2.9980682452397365,-0.012371617139799423,0.2850001398445083
2.9979974763108825,-0.009236206744754075,0.2850001158066885
2.9979291546037174,-0.006103291530410074,0.2850000448390944
2.997859859245675,-0.0029795490719076306,0.2850000353766916
2.9977927721619912,6.188158970754642e-05,0.2850000270655992
2.997731542402192,0.003009282647133932,0.2850000215939257
2.997673892664352,0.005903404847972152,0.28500008584152936
2.9976238066416543,0.008626065743110797,0.2850000497954928
2.9975780832618093,0.01121201942789743,0.2850000148899006
2.9975056418731563,0.013709440826246408,0.2850000064663675
2.997395521806641,0.01620018117440973,0.2850000125119968
2.99733506331103,0.018672894025559952,0.28499946900093787
2.9972210083950817,0.02125912839519449,0.28499957505849405
2.997105199344835,0.023830487196349323,0.28499970891956217
2.9969854496931436,0.02640671608387586,0.2849997735801081
2.996862224782854,0.029049517787151466,0.2849998275620546
2.996735206570899,0.031791770916350964,0.2849998726717998
2.9966066260796067,0.03453561294659907,0.2849999103030407
2.996476496172103,0.03728099608435011,0.28499994168335513
2.9963446806799467,0.04002786498281076,0.2849999678169978
2.996183663630541,0.042779149412698295,0.28500000511307294
2.995927356391521,0.04558396108194976,0.2849996392472778
2.995775101904735,0.04850937480561983,0.2849997210302426
2.995633899899035,0.051437863620290264,0.28499978776190305
2.995492715840631,0.054369067717987524,0.28499984206255086
2.9953507861756212,0.057303029136746314,0.2849998860906451
2.9952081516442406,0.060239838878367945,0.28499992159897997
2.99506393164199,0.06317953920364203,0.2849999500333288
2.9949584566138125,0.06592267148579051,0.2850000018942017
2.994889635072874,0.06835046270859066,0.28500005200063383
2.9948293144043094,0.07077905339721613,0.28500005445563836
2.994771340353621,0.07321307025754105,0.28500005547636753
2.9947145762357925,0.07565235983162363,0.285000055262064
2.994652734280083,0.07809648829393682,0.28500005393775096
2.9945208950076854,0.08054022125324622,0.28500005153502517
2.9943810079439133,0.08298495207960178,0.28500004839250115
2.994239484821349,0.08543118985771483,0.2850000446189109
2.9940961866049687,0.0878791492759406,0.28500004031250287
2.9939510354436427,0.09032891369389302,0.2850000355701314
2.9938041429449322,0.09277215804312543,0.2850000305445365
2.99366759386499,0.09520579011000012,0.28499959216547854
2.9935171781954732,0.09759578716869749,0.2849996666997435
2.993364834770127,0.09998884127285781,0.2849997277920046
2.9932106237947256,0.10238176720450609,0.28499977782681485
2.9930545746226818,0.10477257517744518,0.28499981875150526
2.9928973732366213,0.10713795015125815,0.28499985214633217
2.9927392262328767,0.10947074363926364,0.28499987934625165
2.992578730981153,0.1118157710320506,0.2849999014005933
2.992415960187792,0.1141696453395526,0.2849999191621228
2.992251383735588,0.11651664205352624,0.28499993334383006
2.9920826475003746,0.11885867108470932,0.2849999883593425
2.991912096100098,0.12126109953604336,0.2849999889629223
2.991739457097561,0.12366310747924956,0.28499998884224387
2.991564850987879,0.12605959260229868,0.2849999880727181
2.9913880521182796,0.1284564836692263,0.2849999866996353
2.9912090481510116,0.13085358410146347,0.28499998477917254
2.991027843329706,0.13325019719425443,0.284999982367338
2.990844285490922,0.13565030564599764,0.2849999796068336
2.990659329558554,0.13804992369814473,0.2849999770167856
2.9904705382476133,0.1404824016810478,0.2849999772778612
2.9902751778566192,0.14299973186272108,0.28499997714334036
2.990073797901653,0.14566265295017267,0.28499997682589817
2.989864501620535,0.14850349667192822,0.28499997654272935
2.989648486782021,0.1517517731254867,0.2849999804678646
2.9894290508808257,0.15598230137346425,0.2849995291641126
2.989213371003728,0.16091776393432436,0.2849996191089251
2.9889974771653356,0.1658337366264906,0.284999693990667
2.9887754365371806,0.17072549816362886,0.28499962615518915
2.9885523355956494,0.17568078137677973,0.28499970234728145
2.988328926351203,0.18057745741476833,0.2849997658245328
2.988102048547447,0.18541572324989575,0.284999803368674
2.9878570152113055,0.19022220490071065,0.28499999159825495
2.987611905995291,0.19505410543656276,0.28500002669444807
2.987369748274763,0.1999143429755449,0.28500003517876693
2.9871251270151644,0.20477567426353976,0.28500004762472086
2.9868775011896833,0.2096346387412681,0.2850000536660273
2.986626838535663,0.21449203207358158,0.2850000590990856
2.986372926403325,0.21935142485085415,0.2850000638962281
2.9861162037453606,0.224203249204737,0.285000068029802
2.98585593558187,0.22906142619550382,0.28500007148175155
2.985593129656024,0.23390544383843925,0.2850000742307962
2.9853268648720124,0.2387525957359502,0.2850000762594657
2.985061094924032,0.24351736157070863,0.2850001437891338
2.984810229471064,0.24795123027293953,0.2850001322114951
2.9845779041397544,0.25198478724281487,0.28500012225447746
2.984364622524692,0.25561805308485125,0.2850001136756961
2.984170635369733,0.25884930920296284,0.2850000826754624
2.9839894855742166,0.26166036969541057,0.28500008865771853
2.9838339207853872,0.26409523310914085,0.2850000847728501
2.9836900969161144,0.26631877263748077,0.2850000814257841
2.983542053087958,0.26853570210171457,0.28499925494170564
2.983394794875001,0.2707482527603793,0.28499940253138006
2.9832570305313193,0.27295677180794703,0.28499984692675495
2.9831126215566006,0.27519095000414906,0.2849999066327423
2.9829726894297006,0.2774596322850452,0.28499993458692746
2.9828338846689064,0.27972718072317965,0.28499995704099024
2.982694820949151,0.2819991139068294,0.2849999749832676
2.9825558131830756,0.2842702580434656,0.28499998922539127
2.9824170305041466,0.2865378269388359,0.28500000042742046
2.9822779118988,0.2888109704019928,0.2850000091266669
2.9821381243192433,0.2910782896290865,0.28500008688086986
2.9819922271509784,0.29331488107790804,0.2850000787392426
2.9818380575839725,0.29552221099177534,0.2850001642292795
2.981684158980751,0.29773493096899684,0.2849997007353114
2.981527839084036,0.2999465881828074,0.2849997614419193
2.981369868990154,0.30215134311668795,0.284999810595538
2.9812097194997453,0.304358678546082,0.28499985029466446
2.981047790720523,0.30656221701112235,0.2849998822591713
2.980884097274872,0.3087615468529234,0.28499990790258517
2.980714694908543,0.31096210989190537,0.2850000019026941
2.9805466171771053,0.3131641044402868,0.2850000047724711
2.980376620536934,0.31536205741893786,0.28500000576839046
2.980205758242613,0.3175607522274943,0.2850000044297362
2.9800318628330884,0.3197572532425692,0.28500000541848247
2.979855941405349,0.32195171217930063,0.28500000577218454
2.979677886181672,0.32414528785483426,0.2850000056138341
2.9794975271579456,0.32633988167304795,0.2850000050463536
2.979315341815911,0.3285287608199793,0.28500000415927385
2.979130655293758,0.33072049974569456,0.2850000030226355
2.9789438594487634,0.33290946787479425,0.2850000017058804
2.978750887258478,0.33509228191217894,0.2849995982360659
2.978559715559342,0.3372793378461761,0.28499966978784697
2.978366439109292,0.33946227598907,0.2849997279379333
2.978170620028228,0.34165128470531503,0.28499976840743413
2.9779731143645867,0.3438324407256899,0.2849998083815155
2.977775856873722,0.3460028214847397,0.2849998862253171
2.9776292616721167,0.34811646074264985,0.28499996715882514
2.977448516491747,0.3501723059599701,0.28499997525536835
2.9772315288338604,0.35216703849200975,0.28499998204401344
2.977004754551779,0.35409915518728974,0.28499998773670887
2.976767581532597,0.3559724824233164,0.2849999925236043
2.9765198596003253,0.3577792456344013,0.28499999654849506
2.9762604942460036,0.359521659703095,0.28499999993538483
2.9759212275119964,0.3611975943038513,0.2850000697941212
2.975564145476848,0.3628332791879783,0.285000059809864
2.975270072071717,0.3644457146653115,0.2850000516922287
2.974969484921245,0.36602497191949135,0.2850000450740927
2.9746586437615696,0.3675742222350103,0.28500003966568294
2.9743382661509457,0.36908521658080784,0.28500003522246575
2.9740076725917857,0.3705624586126329,0.2850000315517658
2.9736664400908346,0.37198223433466265,0.2850000208442774
2.97331584180865,0.3733681131741993,0.2850000196607994
2.9729552811565605,0.3745059548257547,0.285000017878159
2.9725860166607516,0.37527189283825174,0.2850000169620164
2.972207527981209,0.3759800174550049,0.2850000161460625
2.971818321947997,0.3766664576631163,0.2850000153240061
2.9714148164009604,0.3773338905400669,0.28500001448673695
2.970979805981954,0.37798652428928786,0.2850000136445627
2.970464244632809,0.37871662670807815,0.2850000130130278
2.9698587307100888,0.3797017436178582,0.2850000153340369
2.9692386948210223,0.3809216755804724,0.2849999978509157
2.9686908194357433,0.3821692127706025,0.2849999992699793
2.968219795298132,0.38344130506008367,0.2850000001473706
2.9678298634415925,0.38472216067007176,0.285000000594178
2.9675245111004287,0.3857451673825649,0.28500000068500797
2.967281357784424,0.3865305311448936,0.28500000059232594
2.967042409226102,0.38731450879430074,0.28500000024972616
2.9668092992473527,0.3879835245916038,0.28499999955744637
2.9665785176775645,0.3885863107149302,0.28499999878189014
2.9663525531865393,0.38912635409212737,0.28499999793901865
2.966131376145121,0.38960680420946514,0.28499999704213597
2.96591497029152,0.39003049703044446,0.28499999610309085
2.9657018718720107,0.39040120710615234,0.28499999513612534
2.9654291786468634,0.3907735492115162,0.2849999941790379
2.965061079355268,0.3911953768148943,0.2849999932348929
2.964593075823881,0.3917871283326948,0.28499999239079304
2.964017956130014,0.39276541418567956,0.2849999919927424
2.9633123994174526,0.39441053290945616,0.2849999948049291
2.9624998575135773,0.3969449440426927,0.2849999983396939
2.961580742186277,0.39992659692607396,0.28500000253726165
2.9605484473353236,0.40332021313495864,0.2849994446701485
2.959413358747255,0.40708395935558694,0.28499955284015005
2.9581672971203496,0.41118703696178555,0.28499964290794455
2.95680181259592,0.4156481523505171,0.2849997182104882
2.955306116786418,0.4204932656730793,0.2849997811012793
2.9536823346850727,0.42570115120722096,0.2849998343103948
2.9519537454581513,0.4312563035461041,0.28499992256684215
2.9500794927459872,0.4371855425939428,0.284999987199319
2.948036067908131,0.44351075533458306,0.28500000993702923
2.9458386015330538,0.45016043932013045,0.28499888042456395
2.9434989615470064,0.4567546420188312,0.28499917359599414
2.94101418395502,0.46332045286533585,0.2849994484516566
2.93845454642063,0.4702419519773523,0.2849997531225005
2.9359771072214773,0.47752842328877276,0.2849999002330226
2.933060681317921,0.48519358106536725,0.2849999735502519
2.9300129906677514,0.4930134323989919,0.2850000146274789
2.9269138514163937,0.5013280209415807,0.28500002890319576
2.923679569686132,0.5101710433697926,0.28500003945751223
2.9201996178629375,0.5194644872044152,0.2849996592900766
2.9165820136889553,0.5290197847929581,0.2850000610747932
2.9129434496563613,0.5389688731350813,0.2850000502722397
2.9092964948546576,0.5493185417611083,0.28500003991454775
2.9055025018318474,0.5600642122189833,0.2850000360205801
2.901530499005701,0.5711848309979415,0.2850000419214075
2.89737972101773,0.5826722779532458,0.2850000430291567
2.8930484852427174,0.5945224007358177,0.28500003844984934
2.8885330541274095,0.6067390992841165,0.28500002770373634
2.8838284893568717,0.6193199326564236,0.28500001044096174
2.878929086019815,0.6322651721104088,0.28499998997087456
2.8737054096466306,0.6456460417499206,0.2850001738152343
2.868061983011078,0.6595624340901239,0.2849999729793118
2.8622498042787794,0.6739238794426041,0.2850000070390918
2.8562200988575737,0.6885714206653019,0.28500005764145153
2.8500550377877616,0.7032998238354371,0.2850000725928474
2.843798195883965,0.7179885835947026,0.28499964488499296
2.837448518716917,0.732657839269765,0.28499985803700745
2.831068716044912,0.7473571613515013,0.28500016647680304
2.824594960422699,0.7621217553305146,0.285000000086732
2.8180139525026315,0.7768023660724027,0.28499998945633287
2.811353126269549,0.7913749901028323,0.2849996095323469
2.8047157669145824,0.8056721728752251,0.28499981561846477
2.798097227404296,0.8198477987053506,0.28499992528509666
2.7912697676462517,0.8339649044797893,0.2849999546580238
2.78434871340442,0.8480209459714907,0.28499997108551356
2.77728164239511,0.8620457146776456,0.28499998096824686
2.770123532112974,0.876136916766762,0.28499943382239357
2.762928756863047,0.8902498799354343,0.2849995298296331
2.7556666998875854,0.9044843383560783,0.2849996381736478
2.7483762663355082,0.9188903245028849,0.28499967811467786
2.741042130583208,0.933399171158036,0.28499973890794683
2.7337021731661,0.9479673320990998,0.2849984206515058
2.7262646333479132,0.9624392853856861,0.2849947754903452
2.7189803523829696,0.9765375469461047,0.2849910032633689
2.711307168778394,0.9907180508481489,0.2849946642414668
2.703385420022126,1.004707395940425,0.2849995600131147
2.6955125566985694,1.0187416508369167,0.28499674164988675
2.6879399567342706,1.0324552938549936,0.28501960529705067
2.679583046139101,1.046202654075781,0.28500530117765194
2.6714386594330763,1.0598409304759342,0.28499992889218717
2.663325973668046,1.0733691637454001,0.28500745213640877
2.6549627184840605,1.0869807744274969,0.28500271665590565
2.646560866223212,1.1005683243274316,0.2850061790213309
2.638110275422553,1.114090634386688,0.28499974536487005
2.629863311522952,1.1277536821513725,0.28499668730480926
2.6215238835636794,1.1415373397009692,0.2849993278295979
2.6131029100272842,1.1554058181848825,0.2849958778641617
2.60473183537513,1.1693047272191759,0.2849995997234256
2.596294854763034,1.1831572918136262,0.2850001232516659
2.5878323452553564,1.1971240897858948,0.2850001217799437
2.5793335483095405,1.211178431585356,0.28500007764127877
2.5710281811495133,1.2248984061783408,0.28499982593921214
2.562744613004326,1.2381807467874901,0.28499988513038066
2.5545315795758508,1.2512322306284984,0.28499992845211464
2.5462864015334135,1.2642921227703143,0.28499999868393666
2.5377928383607107,1.277659210490248,0.284999984791025
2.529134180406236,1.2910673202248075,0.2849999816334243
2.520413614066314,1.3042974065614148,0.2849999940452461
2.5116574566250676,1.317402170005042,0.28500001014638077
2.502874099349194,1.3305028775856864,0.2850000193847755
2.4940333437106417,1.3436071931668698,0.2849994829691749
2.485145473685035,1.3567681381086445,0.2849996037549306
2.4762355809061543,1.3699840997872281,0.28499966847271574
2.467307159351159,1.3833326801489731,0.2849997782676119
2.4583093059537857,1.3966347033223339,0.2849998992765447
2.4493144048127244,1.4100792681233167,0.2849988370490579
2.4403020655825274,1.4234323908797655,0.2849990587111852
2.4312132163373192,1.4366717674125573,0.2849994628970728
2.4221193554718092,1.4499265521520521,0.2849996031683764
2.413147248947379,1.463151780876872,0.2849997372770157
2.4040028088093184,1.4762300152340997,0.2849982325645799
2.3947012862405597,1.4892798344518938,0.28499850051295117
2.385653214694615,1.5021662997524745,0.2849994991684917
2.376869499686407,1.5145194061603082,0.28499697563965953
2.368290511467441,1.5263578653696646,0.28499783122634376
2.3597280035763384,1.5378414441172001,0.28499957435531387
2.351486916318066,1.5490036696965797,0.2849987107189735
2.3433430665046395,1.559913601643168,0.2849986251186044
2.3353725077604515,1.5705076058363452,0.2850009991573255
2.327444555778226,1.5810346660156964,0.2849983403275534
2.319404890706486,1.5914679023665161,0.2849962761954319
2.3111732615555307,1.6016638715547382,0.28499697053978407
2.303233956854394,1.611894249650524,0.28499968159624295
2.2954793585698554,1.621673858057306,0.2849997557881896
2.287794742992167,1.631462287332662,0.28499981512264255
2.280025752838433,1.6412516154208687,0.2849998807237606
2.272232369473886,1.6509788159672523,0.2849999114773369
2.26458548623179,1.6604486556172937,0.2850000044548767
2.2571012501896233,1.669508506364027,0.2849998174986328
2.249785736331175,1.6782449622679365,0.28499985250946114
2.2425052145696185,1.6867924952269817,0.28499995098141373
2.2351987609594324,1.6952543957881288,0.28499996966807317
2.227798901285951,1.7037122622993939,0.2849999863664592
2.220150972317303,1.7123149446929475,0.28500000470603765
2.2121839652628195,1.7211346560827367,0.2850000130337373
2.2038557712011424,1.7302042045363406,0.2849987790343622
2.195167610983373,1.7395945955767194,0.28500055650878514
2.1863897819047233,1.7490959271168718,0.28500006219699664
2.1775403731972727,1.7589287244539653,0.2850000250298914
2.1679928998974005,1.76888024428533,0.28499999934111014
2.1583168454651234,1.7788871733390668,0.28500089321806654
2.148464191005634,1.7890448167077975,0.28499955626407836
2.13859172162383,1.7991393381959992,0.2849996632564965
2.1286465238961934,1.8090375955496218,0.284999763045464
2.118654435149754,1.8190271105324085,0.2849999210682322
2.1086028806462314,1.828850480061339,0.2849999627279076
2.0985464613455824,1.8385579302730037,0.2850000497520837
2.088416314988743,1.8482037810878216,0.2850000517568928
2.0780333671625697,1.8577726176709164,0.28500001063876623
2.0677075464594195,1.867295995869473,0.28500001744856746
2.0573654227887475,1.8767917353763224,0.2850000004457501
2.046922404577142,1.8863385758097848,0.28499999199486725
2.036296242729609,1.8959828457893306,0.28499998687496114
2.0254397581402577,1.905826314025301,0.2850000020859782
2.014291765879264,1.9158848031006728,0.28500001607398917
2.0028189082091403,1.9261759349476915,0.28500002170502703
1.9910203092147152,1.9366967246532947,0.2850000176028133
1.9790516136096727,1.9473500695375978,0.2850000037767706
1.9669952944682842,1.957985311991035,0.2849999970333926
1.9548269619597536,1.9685838645808953,0.2850000822297515
1.942648516571172,1.9791283597426135,0.285000080530582
1.930411534140928,1.9895540198806274,0.2850001376711773
1.9180609552673802,1.9999199232002125,0.28500007684326406
1.9057903175427673,2.0102448323564723,0.2850000876361189
1.8934682962285838,2.020535916058288,0.28500007745660694
1.88114538951046,2.030794517419276,0.28500007186213355
1.8688811070107059,2.040996630425067,0.28500012580381984
1.8567936045844076,2.051189410310737,0.2850000981637201
1.8445293661238704,2.061420793865623,0.28499563130696887
1.8321961031859209,2.0716181928659245,0.2849982459401504
1.8197240673619213,2.081825158919665,0.2849946619811843
1.8073433052353998,2.092208420733138,0.2849975281999859
1.7950747591217429,2.1023014633176924,0.28499917009267445
1.7826243957699186,2.11239608609378,0.2849998934665263
1.7700852592454457,2.1225300865907073,0.28499992396799523
1.7575147261123933,2.1326759302420952,0.2849999179728065
1.7448914662825243,2.1426959098753806,0.28499994404036993
1.732176421530936,2.152676101561422,0.28499996583186415
1.7195042588125802,2.162620255783351,0.2849999862662188
1.706799593832788,2.172489515061913,0.2850000613194345
1.6940943118710394,2.182290690128085,0.2850000494639955
1.68133539732251,2.192039446083596,0.2850001182385938
1.6686410422870985,2.201618806066522,0.28500011019368504
1.656156949028603,2.210895155595594,0.28500006463522615
1.6441371764956199,2.2198661028129445,0.2850000544727895
1.6325402384663703,2.228535793046762,0.28500008107624486
1.6211815464101842,2.236909340859551,0.2850000600922239
1.6100884165361498,2.244988239726619,0.2850000328750464
1.5991983735805637,2.2528138851763426,0.2850000116827381
1.5885351191940262,2.260460917144004,0.28500000708985046
1.578132164969317,2.2677735361079177,0.28500001442123957
1.5680082232756762,2.27479169226387,0.2850000120781453
1.55800468125869,2.2815876099406274,0.285000011154358
1.5480505383459782,2.28824159086385,0.2850000053579765
1.5381007176332802,2.2947540101091457,0.2850000122770671
1.5280681286023259,2.30121238283711,0.2850000311311857
1.5179908761031602,2.3077220585591824,0.2850000455542725
1.5079065562839493,2.3143025739179617,0.28500005375578863
1.497790678844483,2.3209306219533534,0.2850000591317137
1.4876452851457993,2.327611607569535,0.2850000609116779
1.4774638736972296,2.3343510174713185,0.28500005870723905
1.4672225545440045,2.3410289462917766,0.2850000524403928
1.4569188728749054,2.347619625773176,0.285000041592372
1.4465621934008601,2.3535124455830037,0.2850000460121278
1.436211864402379,2.3592962209046795,0.2850000467603018
1.4258577385303788,2.365093356540173,0.28500004395461886
1.415274672394524,2.370982505231526,0.28500003785652567
1.4043606323715447,2.376953051915825,0.2850000290504159
1.3931687458950832,2.382988797120925,0.2850000214094992
1.3819439238490254,2.3891060610836514,0.2850000259846691
1.3707861034410336,2.395167563620121,0.2850000249497248
1.3597321513526568,2.4011465406268844,0.2850000183041053
1.348760349524648,2.4070525558154574,0.2850000064858997
1.3377786632829098,2.412905337159836,0.284999990344987
1.3267844493116288,2.4187099437846715,0.2849999715461386
1.3152878180544465,2.424565218860503,0.28499998822256034
1.303071705647875,2.430418349131191,0.2850000108926901
1.2905580276065758,2.436371633762645,0.28500003342617897
1.2776814919310697,2.4424761472480925,0.28500005361486086
1.2644417561360597,2.448730325600844,0.28500006903114616
1.2508385405357152,2.45513264535256,0.28500007747889944
1.2368716647659026,2.461681384708863,0.2850000773379116
1.2225414200418536,2.468375715124426,0.2850000678446153
1.2078473787719408,2.475214425059579,0.28500004939790435
1.1929060688056068,2.4821369792004293,0.28500002395230256
1.178152737280258,2.4889664091139148,0.2850000714152477
1.1641133185289403,2.4957551483305123,0.2850001052485658
1.1501674775137523,2.5025118897209913,0.2850001065107961
1.1363335928384513,2.5092379407474406,0.28500010455273006
1.1225089012928802,2.515934610224599,0.28500009676660676
1.1086492699000439,2.522603195768231,0.28500008168309987
1.094580625405368,2.5292777216730604,0.2849996463122045
1.07984401872059,2.535932505539929,0.28499971968445087
1.0648006115424318,2.542515341700794,0.2849997888622494
1.0498720173765375,2.5488988809910738,0.2849998706276064
1.0353562650893036,2.555073303348075,0.2849986914067385
1.0213466019633368,2.5610506058971114,0.2849992122940728
1.0076142055148192,2.566788167179428,0.2849993810102425
0.9941936556053115,2.572317785018964,0.2849992262293397
0.9810056498603562,2.5776299237207607,0.284999380530198
0.9680915143916216,2.5827328056933663,0.28499947341142245
0.9554097618265769,2.5876260941632174,0.2849995678045665
0.9430715668817746,2.59226739555348,0.2849996431087266
0.9312876493114339,2.5966866634322097,0.28499971299114274
0.9197320570579665,2.6009004157691566,0.2849997726872713
0.9086308377529563,2.6049166390829606,0.28499985741477485
0.8986185686545942,2.608732437336043,0.28499989709512596
0.889534555194456,2.6123443101622374,0.284999927754804
0.8808859339040181,2.6157608245281896,0.28499995270227196
0.8726135998130756,2.6189843342355092,0.28499997213309236
0.8646831407577421,2.6220318823146047,0.284999986502148
0.8568146887626987,2.6250194463658905,0.28499999640792406
0.8489093444258414,2.627972281730101,0.28499997459334075
0.8409866675495333,2.6308875598452546,0.2849994762880072
0.8328874584239714,2.6337414702649493,0.2849995831380433
0.8247857187952746,2.636476918585807,0.28499967007149835
0.8167860493923061,2.6391749624921053,0.2849995625899647
0.8091367091624307,2.641843081164822,0.2849997934320821
0.8014819109657898,2.6444800062532727,0.2849995777533696
0.7931915543608661,2.647141469087875,0.2849996676251883
0.7840090715521567,2.649785597504108,0.28499905401824677
0.774736890376545,2.652386364295823,0.28499875412022446
0.7653850240657212,2.6549721439273632,0.28499899618846686
0.7560224052536635,2.657530312040724,0.28499919348312575
0.7466187964926922,2.6600607418496214,0.2849993744339727
0.7372465967837499,2.6626191234968224,0.28499981743619995
0.7278916083409583,2.665169012273306,0.2849998867463013
0.7184801490592345,2.6676191994119183,0.2849999071804947
0.7090592836686456,2.670039847570429,0.28499982288765546
0.699759840876026,2.6724517539986326,0.2849998586364208
0.69044996005761,2.6748478894314394,0.2849998898315401
0.680990206036625,2.677278235994467,0.28499995222483
0.6715027670670265,2.6797273290392156,0.28499935398160053
0.6618911718236711,2.682111653495282,0.2849996733632312
0.6522475295418156,2.684428883227237,0.2849997482301871
0.6423249952223553,2.686756958742626,0.28499860148266826
0.632009142034026,2.6891564464390383,0.2849988549245335
0.6215972143640323,2.6916541455739185,0.28499906203120573
0.6112613073582988,2.6943242732720116,0.2849992328727997
0.600954299741879,2.6969703649632977,0.2849993779360176
0.5906515122368017,2.6995479853293034,0.2849995018528982
0.5804037124760508,2.702100422431736,0.28499879178548077
0.5701241062295064,2.7045069478318746,0.28499903022861306
0.5598492267304044,2.706785580185389,0.2849992272478045
0.5495630181108211,2.7089429716266187,0.28499981526329277
0.5392886492756268,2.7110406576194284,0.284999940166356
0.5290394733501346,2.713134714037373,0.2849999717334389
0.5188098152646365,2.7151808064900513,0.2850000561477955
0.5085890615077471,2.717116616291296,0.28500006252751503
0.49836669135297607,2.719030402581883,0.28500006452392423
0.48813982246535864,2.7209255093966673,0.28500006229199515
0.4779084437427272,2.7228245804967717,0.2850000560302929
0.46767225553266045,2.724752850806817,0.28500004597545714
0.4573858292458856,2.72675074798065,0.2850000325565995
0.44696324997311915,2.728821269913532,0.2850000166121272
0.4364056451398332,2.7309631222537734,0.2849999991152421
0.42569648904607343,2.7331728337297974,0.2849999815519537
0.4144019272612482,2.735463729323198,0.2849999771418434
0.4026346241723381,2.737812702766844,0.28499999356389205
0.3908598904758153,2.7401906079643203,0.28500000733233855
0.37887330167091604,2.7426101473842976,0.2850000158760405
0.3665532967043523,2.7450878816379096,0.28500001793513813
0.35416484979928675,2.7475459829123294,0.28500001321195323
0.34174549613220334,2.7498867806033322,0.2850000028836933
0.3289979306428019,2.7521087271051625,0.2850000086584842
0.31618098400998385,2.754213238498518,0.28500001886701487
0.30369881438239965,2.7562090598454425,0.28500002789157974
0.2915851070075805,2.7581022589163315,0.28500003495276166
0.27985735602485784,2.7598979746933407,0.2850000395168967
0.2685166264127398,2.761598127197339,0.28500004141949276
0.25756436701164526,2.763193172488594,0.2850000486718429
0.2469226314323444,2.7647055971481915,0.285000057067037
0.236512910583179,2.7661565218607147,0.28500006232308484
0.2264919928509273,2.767518860370428,0.2850000644715159
0.2168049255299989,2.768804299304907,0.2850000638843941
0.2071956971255891,2.7700615736118377,0.28500006088806595
0.19762790944078845,2.7712947894360975,0.2850000557097423
0.18816614729849665,2.772493769127656,0.2850000487409763
0.17893955621606844,2.773637507656745,0.28500004052545697
0.1702890971920757,2.774728356499687,0.28499926600737974
0.16265012154133945,2.775758868682593,0.2849994052921173
0.15600142766750857,2.7767527897030866,0.2849995185667662
0.1496703697559606,2.777739467366488,0.284999554644383
0.14335802623693694,2.7786853609183804,0.28499966212938105
0.137268101291472,2.779610127673841,0.28499971490970233
0.13157301265449198,2.7804617759523094,0.2849997576337633
0.12612121340150806,2.781266287991479,0.28499994861761224
0.12076803180531523,2.7820424218072395,0.28499993230347165
0.11554659249099057,2.7827816892765718,0.28499992923282724
0.11042404953791533,2.783486905836711,0.28499993340906604
0.10527041048649538,2.7841425308041847,0.28499994083359714
0.10003266711077441,2.7847559119173355,0.28499994619724406
0.09437462914316798,2.78535221712731,0.2849999557669636
0.08802719079376818,2.7859068870925126,0.2849999672404826
0.08171156100701574,2.7864401200820597,0.2849999785397302
0.07540328092270211,2.7870072662969516,0.28499999822025945
0.06913466281130388,2.7875205866977737,0.2850000077065477
0.06287357039369816,2.788026345141547,0.2850000171964842
0.056713523779882855,2.7885121294534327,0.28500002631899535
0.05072863267126161,2.7889684566075026,0.2850000348976779
0.044753192483925036,2.789417700198575,0.2850000430410401
0.03877878007204448,2.7898610562224,0.28500005061544714
0.03282578180912191,2.7902959886568546,0.2850000574869923
0.02687703984583148,2.790724805751087,0.2850000635647524
0.0208940206753348,2.791152408446259,0.2850000687956979
0.014904838652317107,2.7915752947981196,0.28500007304268754
0.008912011109643528,2.7920110449007467,0.28500009287058914
0.0029208405478529514,2.7924234225032873,0.2850000919403982
-0.0030734308445615893,2.792830887974768,0.28500009043874563
-0.009073546264537158,2.793233823042258,0.28500008825159784
-0.01510977176894733,2.793635794171989,0.285000085298458
-0.021155550940018517,2.794033723745888,0.2850000815156315
-0.02720551549710236,2.7944270357638827,0.2850000768964224
-0.03325845047478221,2.7948156477565473,0.2850000714535516
-0.03931036705247998,2.7951991750945155,0.2850000652380065
-0.04533409215381229,2.7955747084660945,0.28500005834220155
-0.05134227999950054,2.7959437442615505,0.28500005085169916
-0.05734157256531073,2.796317805148625,0.28499886077431336
-0.06331311442956142,2.796677706994661,0.28499909766604437
-0.06928995147096942,2.797030076948113,0.2849992460186547
-0.07528093888905596,2.7973772872447373,0.2849997505120625
-0.0811938266683157,2.7977170126153528,0.28499979219530935
-0.08710472575672215,2.7980540275031487,0.28499982634332033
-0.09298235351052817,2.7983800083058354,0.2849998537337334
-0.09886793491187439,2.7987003334184286,0.2849998745715433
-0.10452118486179851,2.799009293876619,0.2849998929932709
-0.10943102138481171,2.7993099189593367,0.2849999091573026
-0.11347782586571266,2.799605742845292,0.2849999241414021
-0.11690830946476202,2.7998992856185634,0.28499993764453846
-0.12036731045571485,2.800192926845689,0.2849999493804698
-0.1238276439826537,2.8004847520455574,0.2849999903406724
-0.1272153271058198,2.800766540921329,0.2849999926364987
-0.13061086865497962,2.801045634713035,0.2849999947583209
-0.13402644312348447,2.8013231843666446,0.28499999663789705
-0.1374150808429208,2.801594913507276,0.28499999813416166
-0.14079777746044775,2.8018630016025856,0.28499999926826813
-0.14419798353247462,2.8021286520690345,0.2850000003292778
-0.1475871441446032,2.802388848861454,0.28500006267983286
-0.1509135277696403,2.8026281801631066,0.28500005277624557
-0.15419540115217228,2.802833074025476,0.2850000423596267
-0.15739298584351688,2.803005671089474,0.28500002905431887
-0.1605511809369236,2.803146811141494,0.2850000296414354
-0.16370985055546783,2.803257297431302,0.28500003052524836
-0.16686903003028883,2.803337849226397,0.28500003151752396
-0.16994551152218748,2.8033891522651166,0.2850000324424302
-0.17262840545671865,2.8034118597019493,0.2850000332003867
-0.17488834936530898,2.8034065932736962,0.28500003372002014
-0.176725247941233,2.80337394439094,0.28500003392660306
-0.17813901069143723,2.803314475064646,0.2850000337570347
-0.17917773852202748,2.803232209780451,0.2850000332557541
-0.18014058064542676,2.803149123977203,0.2850000328383688
-0.18107904908016687,2.8030689115118075,0.28500003252474304
-0.18199310708602773,2.802991509367841,0.28500003229282517
-0.18288271934775802,2.802916856967531,0.28500003212478764
-0.18374785193967727,2.80284489610419,0.2850000320062515
-0.18458847229043315,2.802775570877138,0.2850000319256529
-0.18540693426415283,2.802708463008958,0.2850000318758503
-0.18622299362608402,2.802644236553271,0.2850000319499176
-0.1870408588717966,2.8026022762096123,0.2850000326235624
-0.18786031306790518,2.8025762533311913,0.28500003373187277
-0.18868142372341848,2.8025491020482667,0.28500003486309616
-0.18950428384461612,2.8025200543822453,0.28500003599262735
-0.19032894485508978,2.802491778362434,0.28500003717739053
-0.1911555458463359,2.8024595682092013,0.2850000382957206
-0.19198422628268258,2.8024253750615102,0.2850000393894844
-0.19281606381072908,2.802389572894921,0.2850000416464582
-0.1936520147322286,2.8023518248873884,0.2850000425625375
-0.19449208695730458,2.802311464478682,0.28500004342543744
-0.19533715360147114,2.8022688596500402,0.28500004424039305
-0.19618794764946923,2.8022245538795394,0.2850000450134616
-0.19704514014156393,2.8021775858758353,0.2850000457165672
-0.19790938378649198,2.8021296384049488,0.2850000463850636
-0.1987812820556894,2.8020811821664626,0.28500004702242815
-0.19966149060124888,2.8020312809294254,0.2850000475996921
-0.20055068263777112,2.8019802706786243,0.2850000480948667
-0.2014495950878939,2.8019296386043546,0.28500004853048266
-0.2023590551149228,2.8018795043639892,0.28500004890621294
-0.20328003980055126,2.801829590315091,0.2850000492148739
-0.20421361941683633,2.8017805858981615,0.285000049470342
-0.2051610356547905,2.8017320547911324,0.2850000496604803
-0.20612380080041892,2.8016839297577083,0.285000049782738
-0.20710365898521688,2.801636642197257,0.2850000498457309
-0.20810263205843257,2.8015903627345935,0.2850000498512756
-0.20912326421280286,2.8015444195264294,0.28500004978381027
-0.21016876089800096,2.801498615137995,0.28500004963883196
-0.21124318973038403,2.8014531403556093,0.2850000494200827
-0.2123517310687313,2.801408360985687,0.2850000491358457
-0.21350093750693605,2.8013643448557226,0.2850000487869834
-0.21469985678948345,2.801320683943255,0.2850000483663415
-0.2159612587452997,2.8012776742287007,0.2850000478816745
-0.21729966710447884,2.801238857373144,0.285000047370381
-0.21869491503276883,2.801152988052851,0.2850000472510553
-0.2201890095382485,2.8010188290699727,0.28500004770006926
-0.2219515435832797,2.8009767195956887,0.2850000467132462
-0.22378522187535882,2.80093951145638,0.2850000458839154
-0.22555849897674643,2.8008976855192387,0.28500004575689547
-0.2273137178934533,2.8008555652736606,0.2850000456101277
-0.22906140566028663,2.8008136071984406,0.28500004541936474
-0.23077169924173846,2.8007705861539502,0.28500004522719014
-0.23248441343389456,2.8007281513866165,0.28500004498148707
-0.23420033961639838,2.8006863263819453,0.28500004468159934
-0.23591270168821343,2.8006448358725917,0.28500004433320625
-0.23762089374930417,2.8006036563652548,0.28500004392968836
-0.23929225554582012,2.8005615272421687,0.2850000435193356
-0.2409352445607162,2.800518806847716,0.2850000430759581
-0.24237150024602444,2.8004688105556212,0.2850000428607252
-0.24374429897629357,2.800417043802067,0.28500004269845225
-0.24506820988218458,2.8003640966447803,0.2850000425639372
-0.24633808099661086,2.8003098140121643,0.285000042483484
-0.24760832486583262,2.8002561863547006,0.28500004237014154
-0.2488789370591083,2.800203206319142,0.2850000422233738
-0.25014991319433233,2.8001508666215473,0.28500004204276197
-0.2514212489375688,2.800099160046922,0.28500004182799127
-0.25269294000259046,2.800048079448847,0.2850000415788396
-0.25396498215041985,2.799997617749115,0.2850000412951684
-0.25523737118887513,2.799947767937361,0.28500004097691495
-0.2565101029721197,2.7998985230706936,0.2850000406240851
-0.25778317340021434,2.799849876273327,0.2850000402367488
-0.25905548893109986,2.799803322569857,0.285000106823278
-0.26032938984095005,2.799755864480036,0.2850000941750243
-0.26160564522900165,2.799747823006835,0.2850000550779695
-0.26290275118794304,2.799787184197436,0.28500005112670157
-0.2642021365230173,2.799827312669207,0.28500004773645415
-0.26550152028701296,2.799867442598004,0.285000044808901
-0.2668009027502971,2.799907573714929,0.2850000422570733
-0.26810028413580067,2.799947705798716,0.28500004000959994
-0.2693980923980208,2.799979901214285,0.28499921103806103
-0.2706737014002019,2.799938398096488,0.28499936034620027
-0.2719482627672709,2.7998926408376894,0.284999482306175
-0.27322316579175754,2.7998474428941496,0.28499958189037256
-0.27449840182383445,2.7998027976192206,0.2849996631683521
-0.2757739631413135,2.799758698474093,0.28499972946877256
-0.2770498427880645,2.7997151390190753,0.28499978351431127
-0.27832603444178267,2.7996721129064546,0.28499982753201425
-0.2796025323057628,2.799629613874637,0.2849998633435519
-0.28087933102030704,2.7995876357433107,0.2849998924390388
-0.2821528517020262,2.799539367314344,0.2849999637951365
-0.2834301355687961,2.799498408714111,0.28499997433023144
-0.28470784685235895,2.7994579939921005,0.2849999827391747
-0.28598583969472785,2.7994180788966117,0.284999989406142
-0.2872641101741662,2.799378657001955,0.28499999464493314
-0.2885426545062258,2.7993397220586873,0.28499999871238535
-0.2898214690254364,2.7993012679719533,0.2850000018187459
-0.29110055017024694,2.799263288783684,0.28500000413615545
-0.2923798944939682,2.7992257786602663,0.2850000058042652
-0.29365949855922024,2.799188731871121,0.28500000694136435
-0.29493935907570845,2.799152142793065,0.2850000076405674
-0.2962194727934947,2.799116005892373,0.28500000797944014
-0.29749983652276313,2.7990803157204294,0.28500000802158965
-0.2987804454203987,2.79904506771442,0.2850000077513518
-0.30006129552563865,2.799010256378181,0.28500000726272945
-0.3013423847394742,2.7989758756819847,0.2850000066762747
-0.30262330468776266,2.798941920453109,0.28500000600798125
-0.30390309000260796,2.7989083856381005,0.2850000052773155
-0.30515287290891396,2.7988747069098427,0.2850000044958958
-0.3060628545146506,2.798835109545257,0.28500000392595226
-0.3070040555772906,2.7987978498356663,0.2850000033833633
-0.3081993290573697,2.7987675424079876,0.28500000260643954
-0.3093781804929584,2.7987384266546256,0.28500000199454434
-0.3105284048099167,2.7987101863467525,0.2850000019094924
-0.3116348517622438,2.798680473717271,0.2850000024089702
-0.3126955139125594,2.7986485526415126,0.2850000028997796
-0.31371038342274965,2.7986145645759177,0.2850000033780904
-0.31468257555586365,2.798578536546229,0.28500000384265867
-0.31564480769417425,2.798539649481282,0.2850000043112829
-0.3166057555541226,2.798497849046056,0.28500000477835585
-0.3175653921949135,2.798453343139505,0.28500000523654334
-0.3185236656098829,2.79840636648093,0.28500000567830935
-0.3194659885390323,2.7983576507668,0.28500000607923354
-0.3203632664909162,2.7983076236074407,0.2850000064367984
-0.3212146633002134,2.7982562636921826,0.2850000067529262
-0.32202621220841765,2.798203437995154,0.2850000070333444
-0.3228309015941499,2.798148738435415,0.28500000728770525
-0.3236335101084601,2.798091113419455,0.28500000751078997
-0.3244338227062485,2.798027247366351,0.28500000769862766
-0.3252317037348005,2.797956749048748,0.2850000078477808
-0.3260203264461426,2.7978797452876805,0.28500000794824315
-0.32676481662420326,2.797796867781993,0.2850000079993459
-0.32745969024676463,2.7977083590644827,0.28500000800660136
-0.32812889760397734,2.7976136499400504,0.285000007977219
-0.32879411966069144,2.797511979966578,0.2850000079028656
-0.3294549705725809,2.797403177105176,0.28500000778023893
-0.3301110343827903,2.7972870677599317,0.28500000760604727
-0.33076186361792864,2.797163476902069,0.28500000737701153
-0.3314069775650804,2.797032228198825,0.28500000708986917
-0.332046057024289,2.796882865908462,0.2850000069388684
-0.3326793069703054,2.7967042184763042,0.28500000708069695
-0.3333071210141913,2.796493641334195,0.2850000074937852
-0.33398654983829523,2.79626113015389,0.2850000079677021
-0.3346735578803053,2.7960437423551383,0.2850000080441957
-0.33534702595691,2.795848395913461,0.2850000077524574
-0.3357641277939164,2.7956786461487533,0.28500000713922635
-0.33606082389320563,2.79551218418015,0.28500000647469814
-0.3362987358400018,2.795343865101495,0.2850000057838412
-0.3364771767894123,2.7951742411138314,0.28500000506986045
-0.33659545351374276,2.7950038890757276,0.2850000043358756
-0.33665286639162895,2.794833410194263,0.28500000358491684
-0.33664871040563926,2.794663429778471,0.2850000028199216
-0.3366933056363381,2.7944695731100877,0.2850000022076565
-0.33712894119988485,2.794221406832981,0.28500000184916663
-0.337976963067399,2.7939137016701983,0.28500000169722056
-0.3392184075996307,2.7935408809032984,0.2850000017212734
-0.3408519076818822,2.7930966889376863,0.28500000186826185
-0.3428770923430098,2.792577714397653,0.2850000020681168
-0.34529356124817745,2.7919792063679107,0.28500000224285665
-0.34791172886805866,2.7913300625697373,0.28499914213941235
-0.3510310103139863,2.7906171511903475,0.28499942882293905
-0.35465142836597596,2.7897870765066126,0.2849995264689224
-0.3588101967115785,2.788782877076623,0.2849996139749979
-0.3634061940092253,2.7876770456949145,0.28499968791813535
-0.36828753746806275,2.7864714563011277,0.28499998956430334
-0.37353919738543645,2.785169338748946,0.2850000182677651
-0.37941054146449615,2.7837700735235904,0.28500002005408587
-0.38576173283428855,2.7822767631595564,0.2850000267099734
-0.3925735730278351,2.780693354821406,0.2850000398882093
-0.3997981557876308,2.7790185866571644,0.28499942465284855
-0.4073912654853422,2.7772560781717854,0.28499954388373777
-0.41532143336377975,2.775413512846706,0.28499977171691565
-0.4235601500274934,2.773498084550332,0.28499990672906284
-0.432299989826226,2.771451206822726,0.2850001116074402
-0.4411052607707816,2.769348375632289,0.2850001966612193
-0.4499641284890677,2.7671613705530818,0.28500006927438537
-0.45904945446701,2.764812552604387,0.2850000690789273
-0.4685461130230938,2.762362866449573,0.28499939049564926
-0.4784321136445269,2.759809802947426,0.28499960083195464
-0.48869381062004097,2.757146878921752,0.2849997264660374
-0.4993059129390764,2.7543825879164956,0.2850000457128321
-0.5102597176491911,2.751503477136199,0.2850000405303307
-0.5216149292630976,2.7486146300214576,0.2850000483032042
-0.5333272332788547,2.745739859634824,0.2850000353845432
-0.5453985542030297,2.7427851132543783,0.28500002844951544
-0.5578218876119725,2.7397358158936953,0.2850000277421124
-0.5705963451779184,2.7365942758417354,0.28500002097777516
-0.5837172515163483,2.7333631071585764,0.28500000779905055
-0.5967228990713076,2.7301250037106404,0.28499998987705544
-0.6093996638520213,2.7266965084467407,0.2849999777592665
-0.622118649899919,2.7232785653900278,0.2850000517958539
-0.635171227326347,2.7199317200109143,0.28499908103572935
-0.6478869680776599,2.7166673997587285,0.28499926772990475
-0.66022242252323,2.7134634218055274,0.28499941521585365
-0.672180435432228,2.7103358872843706,0.28500001144884846
-0.6838613960385768,2.7072811237843313,0.2850001770529166
-0.6951742318990457,2.7043002586708815,0.28500009841271023
-0.7060803049853016,2.7013927980991466,0.28499968692533884
-0.7165402679102224,2.698558091314617,0.28499975440926606
-0.7266788709549995,2.69579489685253,0.2849997983000956
-0.7364940528406206,2.693106282190004,0.2849998400013194
-0.7458112091013811,2.6905516647246728,0.2849925387800363
-0.7546584660407849,2.6879930646055388,0.28499565925082887
-0.7631634153539977,2.6855289437130856,0.28499672103772056
-0.7707835101384881,2.6831917982283993,0.2849948240090272
-0.7774033030564973,2.680919512516834,0.28499577095538764
-0.7831028666759757,2.6787338820011843,0.284999698449727
-0.7883612456375988,2.676616702042678,0.2849997609902376
-0.7935390117584088,2.6744895303672687,0.28499981266994945
-0.7987315816007692,2.6723247594378448,0.2849996703882885
-0.8039593657159649,2.6701147443156157,0.28499973992348926
-0.8091802981451446,2.667882680859135,0.28499979693150956
-0.8144066287671473,2.6656258903151113,0.284999843339727
-0.8196535927542103,2.6633387494927807,0.2850000163165819
-0.824927693817352,2.661020324277942,0.28500002122977625
-0.8302133409543685,2.6586748497981616,0.28500008783047515
-0.8355904402232822,2.6562754705066967,0.2850000767895019
-0.8413244917573167,2.6537363197420736,0.28500006568162106
-0.8474588545592177,2.651068255909979,0.2849998363075781
-0.8539166334972694,2.648180699398849,0.28499987153107853
-0.8607884514734612,2.645154342421558,0.2849999004750238
-0.8680419678480251,2.641953158899781,0.28499992536542956
-0.8757839224051507,2.6386167163744774,0.28499939813710373
-0.8842363268463671,2.6351005044657687,0.2849995272574359
-0.8935014264960487,2.6314240615287994,0.2849990461497014
-0.9035701253562082,2.627579657216498,0.28499923957308093
-0.914159608070253,2.623555496158846,0.28499940301224236
-0.9251739996662335,2.619310599377169,0.28500021705112855
-0.9366440750995189,2.614910899997296,0.2850001914965278
-0.9483287390809148,2.6103072825722773,0.2850002058224979
-0.9601100064600162,2.605597981140633,0.28499872728783343
-0.9720160440478604,2.6001331176268057,0.28499597079454986
-0.9838587170169079,2.5951317356201455,0.28500251606527865
-0.9953737429169368,2.5892506083675397,0.28499884488198146
-1.006827673520839,2.583900340807549,0.2850347893464451
-1.0182233571075152,2.5778750122702556,0.28499650701564805
-1.0295144991846699,2.5724660130759016,0.2850247282327311
-1.0406266572415301,2.5664188740392158,0.28499654609136904
-1.0518435939704225,2.56013141000266,0.28502864380911985
-1.0629181862648993,2.5541419505212417,0.2849942761356021
-1.0737752659442492,2.548176217900339,0.28506603540200215
-1.084765438262076,2.5408793213441503,0.28498614454465127
-1.0956541246038929,2.534890225121381,0.2849855518885576
-1.1058509252343287,2.5284885850774317,0.2850713879692874
-1.115631998171524,2.5212140529148086,0.2849907404736045
-1.1252508871565694,2.515550376368122,0.2849939453523567
-1.1341798572119552,2.508994339740162,0.28508747777188737
-1.1428718071200055,2.501292517734962,0.28499517819637576
-1.1525103932994916,2.49510324912952,0.28502152169680683
-1.1614157315597036,2.4868998019624473,0.2850274457350169
-1.1713585912253626,2.47945489236542,0.2850036109627162
-1.181112829591181,2.4717374142452555,0.2850450473452542
-1.1912189207064032,2.4635779785161374,0.28502816465566216
-1.202008580812244,2.4556071729565945,0.28499830954771316
-1.2130740650326468,2.4474655110758197,0.2849988668317549
-1.2241543714097616,2.4389879249800335,0.28499906936576147
-1.235447808372662,2.4302395230346026,0.2849979536147946
-1.2471920309993536,2.421221562906992,0.28499832893877336
-1.2594553625185427,2.4118685637922344,0.2850002069161231
-1.271842345811032,2.4022539859692222,0.28500013630976534
-1.2843687014951115,2.3922873853471054,0.2849929611501919
-1.2968345269658037,2.3824840152302333,0.2849961042088517
-1.3092302155052382,2.3726445150852826,0.2849968364958617
-1.3212314183239338,2.3628876744626894,0.2849974746730978
-1.3332018922140283,2.353421191168893,0.2849979628026202
-1.3447988224354799,2.344151831694668,0.284999520980716
-1.3560468048083236,2.3350913070135277,0.28499962981666865
-1.3667464643681273,2.326040545994564,0.28499986473367295
-1.3773467761784013,2.3172445429586688,0.2850000023965361
-1.3875456083699098,2.3088090356042725,0.2850000032641158
-1.3974028127694187,2.3005821837552487,0.28499913948845634
-1.4067338345280238,2.2925398717403542,0.2849992854792474
-1.4157155096596776,2.2845804608674967,0.2849961215430667
-1.4245830198057239,2.2768803455803437,0.284997470556225
-1.4330827984464247,2.2695852814470987,0.2849979793360819
-1.4411427948638982,2.262289950495438,0.28500026342929585
-1.4489040028046882,2.2555237998079027,0.28499997017220063
-1.4563081152069055,2.249113168784961,0.2849999986464665
-1.463396658808071,2.2427726280307603,0.28500000667454317
-1.4701726308632392,2.2366462382916295,0.28500001055809215
-1.476649797012913,2.230791273027462,0.2850000107997193
-1.4828498208312935,2.2252292418859816,0.28500000808804515
-1.488771868211713,2.2199488182700926,0.28500000345567783
-1.4943780646636668,2.2149201420361133,0.28499999763503403
-1.4998236314624107,2.2101563761840692,0.28499999184846525
-1.5050485686604755,2.2056341092466187,0.28500000455437535
-1.5099591849631593,2.201372250271027,0.285000005392834
-1.514548706585641,2.19737795006829,0.28500000657569347
-1.5188185520843298,2.193652598875536,0.28500000839346
-1.5227338238117083,2.190199278762649,0.2850000856304896
-1.526352257146527,2.1870189559254363,0.2850000731831402
-1.5295371251869416,2.184108892587396,0.28499883248210567
-1.5324179115947592,2.181473634721962,0.284999053572813
-1.5350036282262818,2.179112272264767,0.28499923483060535
-1.5372951333095062,2.1770256387676996,0.28499938336643205
-1.5392931435431816,2.175214433963107,0.28499950501521876
-1.5409963812850374,2.173669025212847,0.28499966628375095
-1.5424202488984786,2.1724116943255947,0.28499975898731417
-1.54354140497245,2.1714279830080363,0.2849998379812808
-1.5443608653809,2.170709619452669,0.2849999906007976
-1.54487961022537,2.1702546644754874,0.2850000074034489
-1.5450976409588226,2.1700634683340283,0.2850000144056822
-1.545104407299323,2.170057536346015,0.28500001529555924
-1.545104407299323,2.170057536346015,0.28500001529555924
-1.545104407299323,2.170057536346015,0.28500001529555924
-1.545104407299323,2.170057536346015,0.28500001529555924
-1.545104407299323,2.170057536346015,0.28500001529555924
-1.545104407299323,2.170057536346015,0.28500001529555924
-1.545104407299323,2.170057536346015,0.28500001529555924
-1.545104407299323,2.170057536346015,0.28500001529555924
-1.545104407299323,2.170057536346015,0.28500001529555924
-1.545104407299323,2.170057536346015,0.28500001529555924
-1.545104407299323,2.170057536346015,0.28500001529555924
-1.545104407299323,2.170057536346015,0.28500001529555924
-1.545104407299323,2.170057536346015,0.28500001529555924
-1.545104407299323,2.170057536346015,0.28500001529555924
-1.545104407299323,2.170057536346015,0.28500001529555924
-1.545104407299323,2.170057536346015,0.28500001529555924
-1.5452201837342914,2.169956053909541,0.2850000431801919
-1.5456336922220402,2.1695934098782055,0.2850000442232799
-1.5463466871638467,2.1689656081515065,0.28499958622449145
-1.5473618996605942,2.1680758002900933,0.28499971233799104
-1.548677808058446,2.166922189149297,0.2849998113114178
-1.5502944214451395,2.1655047723366883,0.28499987717483277
-1.552211749652806,2.163823547528835,0.2849999036761058
-1.5544297609612336,2.161878551476043,0.2849999322695765
-1.5569489168766688,2.159669790669375,0.28499975463597027
-1.5597683503716582,2.157197305603701,0.28499982888300973
-1.562888441951548,2.1544610869821756,0.2849998889288068
-1.5663092647876329,2.1514610564511485,0.2849999252671447
-1.5700308269179721,2.1481972792040662,0.2849999549308396
-1.5740531274245504,2.1446697562183212,0.28499997876214644
-1.578376092495258,2.1408785506422365,0.2850000765113453
-1.5829998804678607,2.1368235271903724,0.2850000760050977
-1.587924402051542,2.1325047621524424,0.28500007369717256
-1.5931496569259416,2.127922255659293,0.28500006935519173
-1.5986756446638237,2.1230760078461035,0.28500006279474877
-1.6045023648761376,2.1179660188710736,0.285000053917048
-1.6106298171216336,2.1125922888959314,0.2850000427631395
-1.6170580006062412,2.1069548181971407,0.2850000294740584
-1.6237869142444354,2.1010536070615564,0.28500001436951466
-1.6308171922277308,2.0948881027395876,0.2849992995476177
-1.6381474347651046,2.0884595375013975,0.2849994354097574
-1.6457773577706467,2.0817668188799527,0.28499967172519763
-1.6537094773382006,2.074810995163079,0.28499985744059747
-1.6619396516888674,2.0675936659931806,0.2849999046140991
-1.6702821171858044,2.0602774370670276,0.2849999326357626
-1.678624580486182,2.052961201009804,0.2849999528496644
-1.6869679389162582,2.0456441825868974,0.28499996979380116
-1.6953083884441682,2.0383274909235047,0.28499998895272877
-1.703641531258024,2.0309928229083227,0.28499999179769175
-1.7119595447665732,2.023646700848276,0.2849999950046395
-1.7202780098873132,2.0162849168619643,0.28500000067566283
-1.728598351000787,2.0089237251141343,0.2850000064097708
-1.736918559777636,2.0015585239063833,0.28500001179970325
-1.7452286283151672,1.9941769449918603,0.285000018230355
-1.7535171172047388,1.9867835731553014,0.2850000367270777
-1.7618012755616193,1.9793833799074505,0.2850000529305759
-1.7700764233136155,1.971973464493602,0.2850000658356107
-1.7783368534548236,1.9645449344861248,0.2850000746515213
-1.7865847320891404,1.9570926443963188,0.2850000788369335
-1.794816790825605,1.9496243444129795,0.285000078143057
-1.8030399997038546,1.942145281726163,0.2850000726258901
-1.8112459296848484,1.934647937515463,0.28500006261650124
-1.8194334989606649,1.9271260454525054,0.2850000487267537
-1.827598551768134,1.9195810233107833,0.2850000318209892
-1.8357164047561145,1.912033473177965,0.2850000130057376
-1.8437453963863937,1.9045183620503945,0.28499999361268
-1.8516657588090588,1.8970514894552395,0.2849999752909562
-1.8595369949267149,1.889603119485374,0.2849999803642914
-1.8673283891936605,1.8821986351576652,0.2849999951022429
-1.8750125207454178,1.8748418097646486,0.2850000064693285
-1.88254902940341,1.8675804297997727,0.2850000139526042
-1.890035147159976,1.8603123734276634,0.28500001740905423
-1.8974591704813966,1.8530458630912443,0.28500001670102193
-1.9048671245408848,1.8457365655764373,0.2850000119145514
-1.9122219071109892,1.8384438629118194,0.2850000035608438
-1.9196018752952648,1.8310840481555932,0.2850000041559644
-1.926973614437783,1.823688575569755,0.2850000813016623
-1.9342452799458993,1.8162922893089244,0.2849998807743528
-1.9415040485219854,1.808879109382015,0.28499963590167193
-1.9487443722675648,1.8014560172568639,0.28499971878866515
-1.9559850315037153,1.7940212527129435,0.2849997889503554
-1.9632052846886705,1.7865670414546768,0.28499984766520725
-1.9704024428005142,1.7790850089069368,0.28499980281095055
-1.977581802017811,1.7715922636449715,0.2849998583090534
-1.9847365683125453,1.7640743863732182,0.28500000420477606
-1.9918580973311744,1.7565285140141476,0.2850000181551535
-1.998941323573516,1.7489494456534362,0.28500002585616
-2.0059888140089153,1.7413367725157498,0.28500002786814427
-2.0129954238051435,1.7337005906297869,0.28500006568814734
-2.019968562596079,1.7260174940868578,0.28500004343681284
-2.0269015029327972,1.7183148738310945,0.2850000285762355
-2.033796334597312,1.710577729038992,0.2850000123939095
-2.0406531579458203,1.7028152966948478,0.28499999581034546
-2.0474487990800627,1.6951008525878126,0.2849999882830745
-2.054159813580577,1.6874184245806636,0.2849999825103656
-2.0607517838917855,1.6797915985567131,0.28499998542262023
-2.0672966463904143,1.6721705765870805,0.2849999950527716
-2.0737367026875555,1.6645873578052963,0.28500000172566153
-2.080087839237367,1.6570249199918599,0.2850000052411672
-2.086407170217698,1.649419411643891,0.2850000055488452
-2.0926864961426372,1.6417755112744572,0.28500000282102345
-2.0989332205964737,1.6340161969195655,0.2850000066064859
-2.1051667395219704,1.6261023534855512,0.28500001861235263
-2.111358511120787,1.6181388469537086,0.2850000301162708
-2.117505505080829,1.6101273348419824,0.2850000404286506
-2.1236236517899445,1.6020603034874918,0.28500004890053504
-2.1298143755997154,1.5938554779202134,0.2850000549716556
-2.1362211226661216,1.5853481477637543,0.2850000580616928
-2.1428593583935927,1.576517679087754,0.28500005751313034
-2.1497272891862136,1.5673632674464726,0.28500005291138863
-2.1567379148971426,1.5579873902603962,0.28500004432810017
-2.163657652994164,1.5485949856395378,0.28500004885541064
-2.1705827653067375,1.5392075869113486,0.28500005056864425
-2.177480709213532,1.5298275556976284,0.28500004880374075
-2.184339588334505,1.5204502314152488,0.28500004380557553
-2.1911537859370913,1.5110807243623006,0.28500003606914326
-2.1979577024758337,1.5017349843056547,0.2850000263472553
-2.204744148382939,1.4924397126739688,0.28500002185042994
-2.2114883880845975,1.4832108988438315,0.2850000233989304
-2.218231494626483,1.473946888292274,0.28500002055200857
-2.225062612343939,1.4645317716581754,0.2850000132616103
-2.2320136267629285,1.454924842488628,0.2850000017001555
-2.2391616500947253,1.4450242141225667,0.28499998635195545
-2.246396081398623,1.434942504908669,0.284999978527382
-2.253729667212853,1.4246316489248925,0.28499998487742806
-2.261104622232406,1.414095650393152,0.2850000053252827
-2.268491664974404,1.4035217482292532,0.28500002560062243
-2.2758749951704984,1.3929239847602162,0.28500004391661615
-2.283251197103979,1.3822628630202267,0.2850000587587042
-2.290605784996493,1.3715502553661796,0.2850000687926872
-2.297948981094175,1.3607694842724418,0.2850000730517336
-2.3052624479720034,1.3499431715961925,0.2850000710720712
-2.3125387295565103,1.3390786172023497,0.2850000629444138
-2.319776908700834,1.3281749335750734,0.28500004927543776
-2.32697403516781,1.3172333322613732,0.2850000312689532
-2.334061066194032,1.3065679195978697,0.28500008094925056
-2.341104946846035,1.2959908017026678,0.2849964903279511
-2.3481186216312455,1.2854197791807402,0.2849975025219417
-2.3550623476361885,1.2748553320574256,0.2849979733246753
-2.3619256167068055,1.2644091351575988,0.2849985430323496
-2.368724083095172,1.25381757679718,0.2849993578806137
-2.3753573011544957,1.243286541358589,0.2849998248391796
-2.3818747832071625,1.2328664441288857,0.2849998544982033
-2.3882348505231614,1.2224729426327834,0.28499990721456053
-2.394362256191778,1.2121162774144332,0.28499991811334
-2.4002125539574375,1.2019772312924049,0.284999963327113
-2.4058763257864824,1.1920561568536538,0.28499998560956774
-2.4113327619838953,1.1822473624294814,0.2850000005132275
-2.4167078841266707,1.1724695674280525,0.2850000201104673
-2.4219868677811167,1.1627256340900973,0.28500003838007676
-2.4271647492998887,1.153023181033369,0.2850000542668044
-2.432276752796647,1.143305049244346,0.285000066918733
-2.4373568498553637,1.1335144713524241,0.285000075626127
-2.4423875696057795,1.1236783804261283,0.28500007981229514
-2.447385585269216,1.1137672526841125,0.28500007921668097
-2.452354151010473,1.1037735652015979,0.28500007380415415
-2.4573260525855365,1.0936394383671322,0.2850000637909561
-2.462362321477096,1.0832555756847932,0.2850000494804573
-2.4673648658900604,1.0727874206983745,0.28500003191350953
-2.472344856461709,1.0622377981045559,0.2850000122457857
-2.477289307942697,1.0516391762815418,0.28499999192980074
-2.48216458805932,1.0410047381435366,0.28499998072011995
-2.486942800082425,1.0305565767554603,0.2849999893615889
-2.491675364144563,1.0209440858112642,0.2850000047029672
-2.496361678810706,1.0114843348996465,0.28500001701256866
-2.5010043791420697,1.0020138351058592,0.28500002549702474
-2.5056046576796134,0.992530868246978,0.2850000297525805
-2.51016386959277,0.9830328897723772,0.2850000296134581
-2.51467964237935,0.9735257629081815,0.2850000252240938
-2.5191547729748707,0.9639955844131317,0.28500002167148564
-2.5235909913348005,0.9543999524705182,0.2850000295590886
-2.5279820184126356,0.944789202226898,0.28500003617715786
-2.532326642335227,0.9351608281496467,0.28500004087745995
-2.5366292761431377,0.925509504887483,0.28500004313031735
-2.5408893783752293,0.9158244978647657,0.2850000426636639
-2.54512980151914,0.9059939113284896,0.2850000461685842
-2.549377126608462,0.8952779922947668,0.28499895298909256
-2.553584931010027,0.8841709505965086,0.2849991588483898
-2.5577532066425843,0.873030734798528,0.284999323712719
-2.561880448275055,0.8618692695153771,0.28499945435315915
-2.5659676213695097,0.8507135804969952,0.28499958492383903
-2.5699658730059656,0.8396744847388976,0.2849998810121056
-2.5739377408557305,0.8287140613930237,0.2849999095916712
-2.5778887910395643,0.8177609147962652,0.28499993065349727
-2.581795744897069,0.8068024643948839,0.28499994962784914
-2.585662039064421,0.7958295312779223,0.28499996309242775
-2.5894859339270395,0.7848546148565904,0.2850000006386383
-2.593260544076186,0.7738917479367555,0.28499999760402295
-2.5969158564474837,0.7630682127063497,0.28499999053004704
-2.6003347658348974,0.7526770683507267,0.28499897549397357
-2.6035065864371765,0.7426034015917973,0.2849991665532343
-2.6064899612250496,0.7325912271348988,0.2849993266119839
-2.609343849173914,0.7229776093208619,0.28499990041126705
-2.6118893101771983,0.7137145468048393,0.28499966756257783
-2.614367175052518,0.7047046193603006,0.2849997401536711
-2.6166438823352145,0.6961268596107693,0.28499953073726664
-2.6187797263407644,0.687817994765908,0.2849996342166756
-2.620761071996264,0.6798728099036405,0.28499971907443317
-2.6225909283643114,0.6722943411812066,0.2849997883069906
-2.62427225352636,0.6650837297459556,0.2849998444491479
-2.625808553966209,0.6582171200621401,0.2849999136739031
-2.6272061271681766,0.6517500076286694,0.2850000064656124
-2.628459624109451,0.6456509663718543,0.2850000203885622
-2.629695855422323,0.6400546722626349,0.28499965444948583
-2.630693774737548,0.6346193297894493,0.284999799292024
-2.6315695377342903,0.6296521180846699,0.28500002406095515
-2.6323221234909178,0.6251284272246089,0.28500003126634466
-2.6329563472911977,0.6210023468370989,0.2850000365048473
-2.6334746114022063,0.617274876788118,0.28500004025801096
-2.633879215013626,0.6139469639364613,0.28500004292567177
-2.634172356853545,0.6110195046168446,0.2850000448364217
-2.6343561377098914,0.6084933469834224,0.28500004625713365
-2.634432562859429,0.6063692932210772,0.28500004740147594
-2.6344035444062484,0.6046481016314815,0.2850000484373594
-2.634270903531596,0.6033304886005869,0.28500004949328317
-2.634038425943267,0.6024099117178939,0.2850000506674226
-2.6337791615460304,0.6016343914339322,0.2850000517533367
-2.6335287139760095,0.6008790799749709,0.28500005258021954
-2.6332869397200085,0.6001440916303615,0.2850000531940291
-2.633053700077886,0.5994295362142326,0.2850000536326929
-2.632828861205355,0.5987285261462644,0.28500005624365987
-2.6326122919973494,0.598055578801546,0.2850000560771566
-2.632403869538132,0.5974034185376389,0.28500005587108473
-2.6322034738848186,0.5967721296679208,0.2850000556335145
-2.6320109896361368,0.5961617933894222,0.2850000553712639
-2.63182630588156,0.5955724877882285,0.28500005509011794
-2.631651764319806,0.5951078760333826,0.2849992799004035
-2.63148241242727,0.5946920438731147,0.2849994206517415
-2.631320545788832,0.5942783278042563,0.28499953571480297
-2.6311660726199038,0.5938666777863572,0.2849996297690471
-2.631048730643378,0.5934570403249482,0.2849997065184904
-2.6310350452917,0.5930492976053802,0.2849997687840066
-2.631126526646649,0.5925280986150154,0.2849998191477703
-2.6313222657557875,0.5916137153130563,0.2849998596456027
-2.6316214276389527,0.5902933218127845,0.28499989194240444
-2.6320232273659814,0.5885964574736995,0.285000052187835
-2.6325270277412467,0.5865068605189413,0.28500004638380155
-2.633132177555211,0.5839688023520879,0.2850000413702175
-2.633838130839678,0.5810215625844148,0.2850000359712059
-2.6346444197277803,0.5776673578834932,0.28500002995570217
-2.6355507768466793,0.5739267065343883,0.28500003553245556
-2.6365568917624356,0.5697875110484236,0.2850000300330778
-2.637662271912025,0.5652362185547583,0.28500001899438193
-2.6388667892335285,0.5602740058567716,0.28500000840022366
-2.640170326022086,0.5549015790195917,0.2849999997317316
-2.6415723935245587,0.5491215670968638,0.28499999443154334
-2.643063598729957,0.5429639597725007,0.28499998820675504
-2.6446400692465293,0.5364345389017783,0.2849999820968147
-2.646298669736603,0.5295053422654117,0.28499998577760094
-2.6480499588109505,0.5221989831562264,0.28499999357249994
-2.6498852690082795,0.5145204350165773,0.28500000005032905
-2.651803910237649,0.5064692147508236,0.28500000472197656
-2.653808982633723,0.49803355221169393,0.2850000071223964
-2.6558984552114504,0.489217726965215,0.28500000682299137
-2.6580688350358073,0.48002908804420735,0.28500000357126015
-2.6603193565153194,0.47039189266691156,0.2850000038595848
-2.6626487173668147,0.4598838583007092,0.28500001646286566
-2.6650556628481943,0.44887231528189264,0.28500002819895626
-2.667539035440607,0.43744650547563246,0.2850000382719942
-2.6700975121405053,0.42560612848068896,0.28500004593623285
-2.6727298855624433,0.4133508318728786,0.28500005029052267
-2.6754348751973387,0.4006802628653064,0.2850000505804425
-2.678210494445288,0.3875964522471913,0.2850000464473601
-2.6809911556219683,0.37434231511710697,0.28500005305019466
-2.683746058292907,0.36109719267345974,0.2850000585398562
-2.6864721145159494,0.3478531756697575,0.28500005886302787
-2.689177032534074,0.33461106018317566,0.285000054132729
-2.6918591129003593,0.3213744989231414,0.285000044894501
-2.6945192857688975,0.3081494421318343,0.2850000321367653
-2.6971553737278873,0.29494555832402897,0.2850000172870336
-2.699768382298335,0.28215558678523833,0.2850000146776644
-2.7023583077353983,0.2700427849444922,0.28500000977832163
-2.7049224003358714,0.2579753592304015,0.28500000034761797
-2.7074622794879546,0.24592516527665773,0.2849999871996388
-2.709987065315233,0.23384501785292772,0.28499998534412435
-2.7124775995132033,0.2217241434648191,0.28499998851356534
-2.7148656576932035,0.20951104118090413,0.2849999941333062
-2.717142923800347,0.1968064159560504,0.2850000127472579
-2.71931385937183,0.1843791536274425,0.2850000302574151
-2.7213810554438234,0.17231586992088135,0.2850000455167137
-2.723345654923034,0.16061674006443863,0.2850000576369435
-2.725208849463187,0.1492819459914812,0.2850000660550411
-2.7269718779432903,0.138311675746909,0.28500007054398097
-2.728646495015912,0.12765242934525736,0.2850000711940971
-2.7302912790178873,0.11700757163401922,0.2850000680830117
-2.7318690788138023,0.10657149353203088,0.2850000614481057
-2.733350721973191,0.09650060485904384,0.2850000520143917
-2.7347654939027266,0.08664712500843375,0.2850000403334113
-2.736153879052623,0.07679687062116508,0.28500002683872316
-2.7374970961498675,0.0669890787237823,0.2850000229571232
-2.738769737925173,0.05744107364240593,0.28500002059254714
-2.739987637026979,0.04817238729340852,0.28499952435627407
-2.7411373196544915,0.03914207175090059,0.2849996105394542
-2.7422218682393136,0.030401887212113746,0.2849996804825714
-2.7432663078710893,0.021815566394562197,0.2849997372059274
-2.744290625108978,0.013311895965933726,0.28499978615359367
-2.74530292440411,0.0049958145080298,0.2849998598112405
-2.746248141217378,-0.0031752146234742123,0.28499989085248967
-2.7471802099633815,-0.010993580963940888,0.284999973616799
-2.7480960635809444,-0.018044412697283255,0.2849999838930091
-2.7490049946414965,-0.02418806451837334,0.2849999919004912
-2.74990292081825,-0.030148636648820545,0.2849999964478411
-2.750792037564357,-0.03608801370981238,0.2849999977970966
-2.751686184992225,-0.04215651804604714,0.28499955702762947
-2.7525482243897725,-0.048264960502274426,0.28499964071607653
-2.7533979891041858,-0.05437765703705552,0.2849997099655009
-2.754237924616345,-0.06048250526271796,0.2849997849081499
-2.755067415434375,-0.0666219144130071,0.2849998683803555
-2.755887031919891,-0.07280899773183133,0.2850001732363088
-2.7567016132100517,-0.07898760330543755,0.28500003718675615
-2.7575890523371402,-0.08602974741413087,0.2850000439819659
-2.7585833987634683,-0.09402714353780803,0.2850000509358487
-2.759686456985824,-0.10226454026497896,0.28500005734881173
-2.760794630062115,-0.11051093686359083,0.2850000631046753
-2.7618996381480083,-0.11877070930078615,0.28500006781450893
-2.763003926306317,-0.12704686080586192,0.2850000711715663
-2.764114133225497,-0.13537360863134645,0.28500007296768864
-2.765228573545185,-0.14372208184536214,0.2850000730131718
-2.766348427167844,-0.15208626182816873,0.28500007122961424
-2.7674702099460813,-0.16045553279470187,0.28500006763223407
-2.7685205544001366,-0.16880681152652757,0.2850000628141536
-2.7694236834039727,-0.17711809901536296,0.2850000563885413
-2.7701957571810505,-0.18540045629516275,0.2850000485054215
-2.770943949008709,-0.19368027749138078,0.28500003944704366
-2.7716827265965915,-0.2019591067475976,0.285000029537136
-2.7724128412976454,-0.21024180586792796,0.2850000191457869
-2.773134256125616,-0.21852713655684747,0.28500000869132336
-2.773846628831948,-0.22681032780922378,0.2849999985079389
-2.774548410657855,-0.23502704949998487,0.28499999874187365
-2.775207847795811,-0.24295613559148646,0.28500000025384103
-2.7758011258600535,-0.25048161053932494,0.28499896330473895
-2.7762974867464396,-0.2576279951289276,0.28499881100422486
-2.776788421415712,-0.2643653094706573,0.28499902523257076
-2.7772142160436943,-0.2707024861956523,0.2849994857941425
-2.7775761778763477,-0.27666373529672933,0.2849988087229183
-2.777943126426634,-0.28221744884932637,0.2849991189966354
-2.7782294911628322,-0.28683709609320984,0.2849992758779767
-2.7784689439072627,-0.2904492012579369,0.2849994038533804
-2.7786623933227843,-0.29312102934729145,0.2849995082935014
-2.7788130310355594,-0.2955895455268602,0.28499980417858395
-2.778971182392299,-0.2980956721085404,0.2849998364913302
-2.779156217917919,-0.3005995869649801,0.28499986309675834
-2.7793682465938128,-0.3031011182937578,0.2849998848854436
-2.7796022086169874,-0.3055575416025538,0.28499990255558644
-2.7798134270282358,-0.30768744792067476,0.28499991672486347
-2.7799923869872023,-0.30943958665202365,0.284999930217047
-2.7800744827433874,-0.3108010664209598,0.2849999399122814
-2.7799753505413913,-0.3120305622736032,0.2849999481353602
-2.779835389776627,-0.3132492211667522,0.2849999552911398
-2.779696926948122,-0.3144688245028272,0.284999961565705
-2.779559949515883,-0.31568936220401705,0.28499996712056824
-2.7794244449375474,-0.31691082430579115,0.2849999720874848
-2.779232403741357,-0.3180864892212082,0.2849995035296551
-2.779073860996636,-0.3192979305706666,0.2849995938789277
-2.778945879858434,-0.32052248606983147,0.2849999117362797
-2.778820749117916,-0.32174864475666876,0.2849999641049406
-2.778692974183065,-0.3229749108259055,0.28499997180327263
-2.7785665886929105,-0.3242020405955147,0.28499997850789266
-2.7784415809804357,-0.32543002473741656,0.28499998439877694
-2.7783179392933177,-0.32665885402038514,0.2849999896228501
-2.778195651819713,-0.32788851930710056,0.2849999942999636
-2.7780747067095146,-0.32911901155166035,0.2849999985277966
-2.7779550920919,-0.3303503217974484,0.2850000023858741
-2.777836796088056,-0.3315824411184319,0.2850000059411467
-2.777719806815667,-0.33281536066239753,0.2850000092496916
-2.777604112438381,-0.3340490716706279,0.2850000123524098
-2.7774897011172115,-0.33528356558360495,0.2850000152822906
-2.7773765610511676,-0.336518833892217,0.2850000180659904
-2.777264680471084,-0.33775486818826783,0.2850000207249905
-2.7771540476574783,-0.3389916601101817,0.2850000232765383
-2.7770446509371327,-0.3402292013712544,0.28500002573442584
-2.7769370403570446,-0.3414674704351659,0.28500003414194763
-2.7768289458964612,-0.342696802638326,0.2849995658801344
-2.7767235314510987,-0.3439365135376699,0.28499965283601164
-2.7766192443756395,-0.3451769466823318,0.28499972429446924
-2.7765160846552295,-0.3464180931927756,0.28499978306990514
-2.776414050262876,-0.3476599444516324,0.2849998314639979
-2.7763131375381946,-0.34890249206626384,0.2849998713591173
-2.7762133414973365,-0.3501457278385093,0.2849999042947118
-2.7761146560866243,-0.3513896437403127,0.2849999315297706
-2.7760170743901162,-0.35263423189414134,0.28499995409390005
-2.775920588799507,-0.35387948455728135,0.28499997282908685
-2.7758251911531806,-0.35512539410923993,0.28499998842385066
-2.775730872850027,-0.3563719530416159,0.28500000144117427
-2.7756376249426067,-0.3576191539499171,0.2850000123413477
-2.7755454382134146,-0.35886698952691043,0.28500002150065473
-2.775454303237303,-0.3601154525571763,0.2850000292266601
-2.7753642104325924,-0.3613645359126155,0.28500003577071653
-2.775275150095371,-0.36261423260200837,0.2850000413374115
-2.7751871124642427,-0.3638645355552706,0.28500004609625895
-2.7751000877021,-0.3651154379386738,0.2850000501832922
-2.7750140659503524,-0.3663669329415467,0.28500005371038556
-2.774929037339823,-0.367619013826842,0.28500005676885265
-2.774844992006174,-0.36887167392946835,0.2850000594332004
-2.7747619201020957,-0.370124906646743,0.2850000617645721
-2.7746798118054428,-0.3713787054247846,0.28500006381386733
-2.774598657333889,-0.37263306380988925,0.28500006562104035
-2.7745184469460096,-0.37388797533203555,0.2850000672219992
-2.7744391709591207,-0.37514343384234883,0.2850000686354541
-2.774360819732897,-0.3763994330006284,0.2850000698871778
-2.774283383688323,-0.37765596661655165,0.2850000709946504
-2.774206853306779,-0.3789130285632569,0.285000071972099
-2.7741312191326117,-0.38017061277669884,0.2850000728310999
-2.774056471775243,-0.3814287132550391,0.28500007358107204
-2.773982601910874,-0.38268732405806505,0.28500007422967943
-2.7739096002838717,-0.38394643930663075,0.2850000747831612
-2.7738374577078813,-0.38520605318211787,0.28500007524660104
-2.7737661650667285,-0.38646615992591093,0.2850000756241481
-2.773695713315123,-0.38772675383888494,0.28500007591919685
-2.7736260934777177,-0.3889878292846189,0.2850000761355184
-2.7735572966553037,-0.39024938067430776,0.28500007627327023
-2.773489484240467,-0.3915077945830821,0.2849995206383952
-2.7734227070212025,-0.39276868344449467,0.28499962193841455
-2.7733566516916976,-0.39403160492770173,0.28499970470377617
-2.7732913233024443,-0.3952949838678288,0.28499977230527573
-2.7732267244768125,-0.39655881437978474,0.2849998274922266
-2.7731628558781622,-0.3978230907460394,0.284999872513431
-2.773099716579888,-0.39908780739431976,0.2849999092083443
-2.773037304368058,-0.40035295887961003,0.28499993908162774
-2.772975615988916,-0.4016185398696263,0.28499996336412003
-2.7729146473512825,-0.402884545133087,0.28499998306270086
-2.772854393692059,-0.4041509695302241,0.28499999900107165
-2.7727948497115484,-0.40541780800508453,0.2850000118531101
-2.772736009684084,-0.4066850555792585,0.2850000221701503
-2.772677867548462,-0.4079527073467453,0.28500003040329747
-2.772620416983359,-0.40922075853081996,0.2850000369192761
-2.772563651461332,-0.4104892042395987,0.28500004202525614
-2.7725068773254726,-0.41175252702603526,0.28499953942151923
-2.7724518387007553,-0.4130217276313569,0.2849996347328694
-2.772397396388268,-0.414291316125259,0.2849997124269034
-2.772343555917457,-0.41556128306040246,0.28499977570457846
-2.772290320526382,-0.4168316235182752,0.2849998271815232
-2.7722376915860507,-0.4181023327157907,0.2849998689973493
-2.7721856689526723,-0.41937340598783124,0.2849999029023497
-2.7721342512557148,-0.4206448387731637,0.2849999303284021
-2.7720834361334594,-0.42191662660307466,0.2849999524469542
-2.7720332204256035,-0.42318876509219566,0.2849999702164457
-2.771983600330719,-0.4244612499310781,0.28499998442109314
-2.771934571534986,-0.4257340768801664,0.2849999957026105
-2.7718861293173993,-0.4270072417648823,0.2850000045861544
-2.771838268635753,-0.4282807404715943,0.28500001150154525
-2.7717909841968895,-0.42955456894429034,0.28500001680062537
-2.771746550271954,-0.43082892722119587,0.28500002108287376
-2.771716988753942,-0.4321057090771208,0.2850000307970435
-2.771671336782691,-0.43338047139551017,0.2850000314767573
-2.7716262399174436,-0.4346555479511488,0.2850000316519104
-2.7715816921208494,-0.43593093497899965,0.28500003140939334
-2.7715376873535984,-0.4372066287525693,0.2850000308205607
-2.7714942195860064,-0.438482625584271,0.28500002994406626
-2.77145128280741,-0.43975892182563997,0.28500002882818165
-2.771408871027076,-0.4410355138231695,0.28500002752361275
-2.7713668768122885,-0.4423123679331392,0.285000026115735
-2.7713252990042023,-0.4435894798681138,0.2850000246453137
-2.771284223883987,-0.444866877455014,0.2850000231854415
-2.7712436418120627,-0.44614455400273345,0.28500002178716016
-2.7712035375283968,-0.44742250282135454,0.28500002051017215
-2.7711642006894692,-0.4487005449712099,0.2850000199963495
-2.7711249049452213,-0.44997823086205063,0.285000019924337
-2.7710861009236605,-0.4512554283270927,0.2850000198716844
-2.7710477826364452,-0.4525318310241118,0.28500001983085355
-2.771009944171563,-0.45380713389680016,0.2850000197961071
-2.7709725796877596,-0.4550810420415137,0.2850000197627782
-2.770935683413115,-0.45635326597964054,0.28500001972707756
-2.7708992496437723,-0.45762351719115024,0.2850000196859354
-2.7708632727427904,-0.458891503773134,0.28500001963687277
-2.770827747139088,-0.4601569260897722,0.28500001957789617
-2.770792971521681,-0.461419421579798,0.285000019330034
-2.7707383385767703,-0.46267173129803196,0.28500002551033105
-2.7706977860542037,-0.46389802142425063,0.2850000207538884
-2.770664206156591,-0.4651224711084894,0.28500002049143586
-2.7706310482324055,-0.4663458034473787,0.28500002022507587
-2.7705983071238798,-0.46756777560354146,0.28500001995415636
-2.770565977731423,-0.4687878184796141,0.28500001967802135
-2.7705340550132576,-0.4700051359819525,0.2850000193960374
-2.770502533985007,-0.4712187660006626,0.2850000191076133
-2.7704714097192453,-0.4724276130973395,0.2850000188122151
-2.770440677345013,-0.47363045900934175,0.28500001850937823
-2.7704103320473026,-0.4748259541528763,0.2850000181987189
-2.7703803690665243,-0.4760125907703828,0.28500001787994567
-2.7703507836979435,-0.47718865570926317,0.28500001755287296
-2.7703215712909564,-0.4783524143014436,0.28500001722320384
-2.770292727260427,-0.4795017457575402,0.28500001688140103
-2.7702642470598895,-0.48063342235882006,0.2850000165334848
-2.7702361262007327,-0.4817438598827941,0.2850000161794882
-2.7702083602384997,-0.4828282638744446,0.2850000158196819
-2.770180944778075,-0.48387985221997387,0.2850000154550447
-2.7701543518301768,-0.4848880811996386,0.2850000149416344
-2.770127110550224,-0.48542851402918574,0.28500007917828596
-2.770106421841302,-0.4849944166323273,0.28500000735928555
-2.7700851781540736,-0.48391661389691637,0.28500000106383144
-2.770060358527641,-0.48267643743636257,0.2850000034344949
-2.7700363446348883,-0.48146180866854627,0.2850000057065188
-2.770013114851645,-0.48027274227852884,0.28500000783640267
-2.7699906483484633,-0.4791092529233549,0.2850000097474938
-2.769968925391273,-0.47797137942812246,0.2850000115153125
-2.7699479263247415,-0.4768596153427382,0.2850000138960904
-2.769925584449317,-0.47564342024842543,0.28500001590349966
-2.769897073075338,-0.47401501052496897,0.2850000176174823
-2.7698623197964936,-0.47196077549992455,0.2850000190556524
-2.769821478547654,-0.46948070514793916,0.285000020186907
-2.769774705386864,-0.46657478938756375,0.2850000209523848
-2.7697221582045644,-0.4632430187886457,0.2850000212696594
-2.7696621492236804,-0.4597107627538742,0.2849995295107946
-2.7696126768166844,-0.4565107964721714,0.2849996188342497
-2.769569253616596,-0.4536970917077565,0.2849996918316414
-2.769531962902864,-0.45128317090802894,0.2849997515600395
-2.769500655491689,-0.4492690398118072,0.2849998005289854
-2.7694745433619636,-0.4476550788686077,0.2849999627503161
-2.769453518536115,-0.44634704872850384,0.2849999736256823
-2.769433024565074,-0.4450587681152214,0.28499998250363445
-2.769412789582296,-0.44377032552035145,0.28499998974679897
-2.7693928104499146,-0.4424817242841369,0.284999995642238
-2.7693730840540693,-0.44119296749379755,0.28500000042476553
-2.769353607307133,-0.4399040580246,0.2850000042864701
-2.7693344142257788,-0.4386179980838367,0.2850000073954835
-2.7693182515481696,-0.43755930846145097,0.2850000101544357
-2.769307082744505,-0.43689583456571773,0.2850000127690622
-2.7693008384078954,-0.4366321911554234,0.28500001531660746
-2.7692993946457003,-0.4367683818553877,0.28500001783997264
-2.7693026299146624,-0.4373044101647987,0.2850000203494838
-2.769310424985287,-0.43824027946897426,0.2850000228245908
-2.769322344396419,-0.4395478232143516,0.2850000251675165
-2.7693352714058266,-0.4409584861915888,0.28500002713302397
-2.7693480718940893,-0.4423726103853676,0.2850000287072075
-2.769360716472022,-0.4437874073715749,0.28500002990483003
-2.7693732071252026,-0.4452028787994422,0.28500003074094443
-2.769385549930682,-0.44661942492710816,0.28500003122813167
-2.769397437785407,-0.4480282274387042,0.2850000316518626
-2.7694077013085594,-0.44943751184012193,0.2850000321912458
-2.7694195051305983,-0.4508457420733191,0.2850000316113772
-2.7694311731868266,-0.452255451779518,0.2850000307517625
-2.7694427191197777,-0.45366783834798274,0.2850000296154668
-2.769454088897446,-0.4550773228246551,0.2850000282231294
-2.769465327477244,-0.45648829212368247,0.28500002659171775
-2.7694764213720777,-0.4578991526776349,0.28500002473960834
-2.7694873987445323,-0.45931269606698694,0.28500002268743707
-2.7694981764461346,-0.46071995219026624,0.28500002051316725
-2.7695083379662133,-0.46208747778292586,0.2850000212398963
-2.7695113744340434,-0.46344846001597256,0.28500009012640526
-2.769516305555119,-0.46479684124483883,0.28500008091378437
-2.769519343859039,-0.46614502168061644,0.2850000737820015
-2.769518650734085,-0.4674593926500266,0.2850000266258339
-2.769516364704688,-0.4687164842145235,0.28500002996568297
-2.769513661327575,-0.4699746416207993,0.28500003309399946
-2.7695108079329542,-0.4712338081723731,0.28500003606203916
-2.769508110291796,-0.47249393257103534,0.2850000389181616
-2.7695055291882813,-0.47375497469858574,0.28500004167483883
-2.769502911150691,-0.4750168993172986,0.28500004432533166
-2.769500387727003,-0.4762796643679082,0.28500004689267977
-2.769497845947807,-0.47754323607337534,0.28500004936988255
-2.769495272021905,-0.47880758109369154,0.28500005175815496
-2.7694927519352643,-0.48007266458274944,0.2850000540677416
-2.76948899755991,-0.48133848102666454,0.2850000561635295
-2.7694826548138054,-0.482604984310956,0.285000057925591
-2.769475462061146,-0.4838720612522358,0.285000059531458
-2.769466898109766,-0.4851396846034314,0.28500006092049424
-2.7694586627943263,-0.48639899499965245,0.28500006179819937
-2.769448519213656,-0.4876531809999299,0.2850000629427778
-2.769432333477389,-0.4889036256708777,0.28500007016629764
-2.7694166833827607,-0.49012132895620375,0.2850000655126057
-2.769406630149247,-0.49133798940567724,0.2850000665548862
-2.7693967465202656,-0.4925551065069541,0.2850000673349453
-2.76938713514111,-0.49377361018719823,0.2850000680372245
-2.7693776619029915,-0.49499405650568506,0.2850000686874082
-2.7693683458215923,-0.4962167043287094,0.285000069286512
-2.769359164008549,-0.49744174010893105,0.2850000698316227
-2.7693500701056837,-0.4986692969336407,0.2850000703161572
-2.7693425380173204,-0.49988290653751954,0.28499959402403796
-2.7693311113239667,-0.5010222799022523,0.2849996802962502
-2.769321397753402,-0.502094646343026,0.2849997519863041
-2.7693128281413615,-0.5031687356108479,0.28499981066957825
-2.7693044106199167,-0.5042467444145025,0.2849998586463762
-2.7692960185266635,-0.5053292380577483,0.28499989783811897
-2.7692875965280894,-0.5064167635708361,0.28499992982197364
-2.7692790604355872,-0.5075098483305434,0.2849999558867214
-2.769270651654556,-0.5086089882671939,0.2849999771255969
-2.7692623653148853,-0.5097146464312498,0.2849999944063604
-2.7692541977591807,-0.5108269492543555,0.28500000837187567
-2.769246146018548,-0.5119420480293617,0.2850000195312814
-2.7692488138777014,-0.5130801599646603,0.28500002996271323
-2.7692569233451456,-0.5142229745027334,0.28500003698259935
-2.769265138686607,-0.5153710609091124,0.28500004258884637
-2.7692734614914203,-0.5165256009326402,0.28500004702768966
-2.769270970023329,-0.5176861537060459,0.2850000504500635
-2.769262726381923,-0.5188491955780616,0.2850000530569009
-2.7692545882383177,-0.5200136545302791,0.2850000550032173
-2.7692465544989218,-0.5211793663912623,0.2850000564050997
-2.7692386238403914,-0.5223465182231208,0.2850000573515919
-2.7692309753847573,-0.5235153456196271,0.2850000579449399
-2.769224455862346,-0.5246859479486802,0.2850000583522086
-2.7692170634382336,-0.525858528439215,0.28500005834748965
-2.7692098406285743,-0.5270335947533608,0.2850000581266074
-2.769203117002968,-0.528211487103684,0.2850000577739269
-2.769199585279771,-0.5293906112001314,0.28500013725887624
-2.7691956879956665,-0.5305650495984223,0.28500012253372436
-2.7691064632003672,-0.5317059463905937,0.28500011244769524
-2.769074210972564,-0.5328318127798405,0.2850001022674057
-2.7690756231521716,-0.5339601108048563,0.2850000937742464
-2.7690766378754725,-0.5350912315527903,0.28500008647185815
-2.769075629563455,-0.536226761745842,0.28500016256419924
-2.7690718388616102,-0.5373692995009335,0.28500002921343726
-2.769068888436367,-0.5385168870027054,0.2850000326263178
-2.769064750470518,-0.5396691061831557,0.2850000350306696
-2.769061331645447,-0.540827559992312,0.28500003667585977
-2.769058569021319,-0.5419932261894334,0.28500003764720194
-2.7690554857419145,-0.5431672060104171,0.2850000380338736
-2.769052371521192,-0.544350374211665,0.2850000379595363
-2.7690487975004414,-0.5455436680112826,0.2850000374865719
-2.769044078080313,-0.5467493393303022,0.2850000366970566
-2.769039164263985,-0.5479707184753936,0.28500002904165234
-2.7690343852053085,-0.5492020163190479,0.2850000290919035
-2.7690301297218447,-0.550425596960937,0.28500002877629216
-2.769027073102548,-0.5516661987545067,0.2850000280986009
-2.7690252028108415,-0.5529213440973605,0.2850000270896565
-2.7690242549276154,-0.5541853887887465,0.2850000257111511
-2.7690239554625986,-0.5554518044610764,0.28500002405460434
-2.769024232137194,-0.5567206453860344,0.2850000222586467
-2.768944023250307,-0.5579382679637055,0.28500002855296835
-2.7688857006273806,-0.5590664373389072,0.28500002081455744
-2.768883097237826,-0.5601965448005836,0.2850000185696252
-2.768882442065588,-0.5613291556531124,0.2850000162586558
-2.768882501117024,-0.5624620463891753,0.28500001387585305
-2.768882980777675,-0.5635918596070288,0.28500001143719667
-2.768883406444469,-0.564715683924432,0.28500000900626254
-2.7688839869695903,-0.565829815596738,0.28500000659205915
-2.7688841745809403,-0.5669303554761096,0.2850000042222171
-2.768884214602054,-0.5680134060716794,0.2850000019051454
-2.768883802973923,-0.5690733572645501,0.284999999643591
-2.7688827020814646,-0.5701068817100026,0.28499999743468524
-2.7688809415330877,-0.5711104644377349,0.28499999525598163
-2.7688788059599987,-0.5720770103536643,0.2849999930968131
-2.7688762391117736,-0.5730002374011863,0.28499999093824474
-2.7688736635038653,-0.5738685298969028,0.28499998879891875
-2.7688711209091097,-0.5746559745199478,0.2849999866862773
-2.7688686108329885,-0.5753111029024776,0.2849999846140526
-2.7688661324831885,-0.5757263658355772,0.2849999826717447
-2.7688637347358895,-0.5756616538294188,0.2849999813157806
-2.768861311410721,-0.5746848236857606,0.28499998031703383
-2.768858919372136,-0.5733861664458995,0.2849999794310755
-2.76885655812242,-0.5720874988587596,0.2849999785542725
-2.7688542272669063,-0.570788823073102,0.28499997768665253
-2.7688519264453557,-0.569490142389604,0.2849999768310413
-2.768849655313817,-0.5681914625756459,0.28499997599536775
-2.768847413553561,-0.5668927962287869,0.28499997519991555
-2.768845201078769,-0.565594176900126,0.2849999745812616
-2.768842816362507,-0.5642969890801977,0.2849999750465803
-2.768837600087985,-0.5630165080565643,0.2849999766085546
-2.7688289169580824,-0.56175713342228,0.28499997820244105
-2.7688169945763006,-0.560518809285333,0.2849999798150811
-2.768801731803612,-0.5593014896080727,0.2849999814354742
-2.7687817736857094,-0.5581052645123714,0.2849999830543617
-2.768756776815275,-0.5569301466933305,0.2849999846639084
-2.768726561785831,-0.5557761328786484,0.2849999862574787
-2.768690961442649,-0.5546432178826233,0.2849999878294139
-2.7686498209199475,-0.5535313946503235,0.2849999893748616
-2.7686029976801865,-0.5524406542881471,0.2849999908896364
-2.768550360716269,-0.5513709585370352,0.28499999239524
-2.768496256243787,-0.5503391878063585,0.28499999612254096
-2.7684320071590394,-0.5493853687318342,0.28499999738703685
-2.7683606992961147,-0.5484117458074328,0.28499999853311453
-2.76828302509701,-0.5474382950586797,0.28499999964933675
-2.7681990221652737,-0.5464778045883734,0.28500000073516385
-2.7681086971828326,-0.5455379391397143,0.28500000178682483
-2.7680120052432993,-0.5446186838029103,0.28500000280228965
-2.7679089117415114,-0.5437200335825827,0.28500000377954526
-2.767799393306376,-0.5428419880318168,0.2850000047166218
-2.7676834384632136,-0.541984547496657,0.2850000056116117
-2.7675610480973614,-0.5411477105120974,0.2850000064626838
-2.767432235770779,-0.5403314720200278,0.285000007268093
-2.7672970279291325,-0.5395358221712567,0.2850000080261872
-2.767155464026581,-0.5387607455391555,0.2850000087354121
-2.7670075965877543,-0.538006220619441,0.2850000093943137
-2.766848502274961,-0.5373460200544693,0.2850000099793888
-2.766657596897182,-0.5370582437313036,0.2850000102642927
-2.76642904557141,-0.5371692324913377,0.2850000101820321
-2.7661587019593026,-0.537678797159674,0.28500000969266215
-2.7658424128778654,-0.5385867197391755,0.2850000087433198
-2.7654760135319356,-0.5398927611987762,0.2850000072644396
-2.765045236714113,-0.541595659310393,0.2849992102602608
-2.7645639416706813,-0.5436969705511299,0.2849993520543498
-2.763998847428884,-0.5463187691235734,0.2849994681578032
-2.7633722639834204,-0.5497458629136542,0.28499956567936546
-2.762684693172629,-0.5539957759506932,0.2849996483583611
-2.761935268799166,-0.5590959751528347,0.2849997153025785
-2.7610827837712635,-0.5647901963936482,0.2849998484456702
-2.760195462536738,-0.5708704205818423,0.2849998792029059
-2.759238192056399,-0.5773251698065559,0.2849999690713708
-2.7582184666680942,-0.584158661745615,0.2849999807880291
-2.7571260611036137,-0.5913677077987614,0.28499999207302706
-2.755900895152259,-0.5989310517634291,0.28499954924574655
-2.7546069817076284,-0.6065918127404931,0.2849996463931125
-2.7532996486281083,-0.6142649071773757,0.28499972782474087
-2.7519258673451708,-0.6219493700785428,0.2849997958217647
-2.7504845803765066,-0.629639515860472,0.2849998520916138
-2.748977706058752,-0.6376701721249929,0.2850000111721671
-2.747397036104176,-0.6459639811863467,0.28500002682192616
-2.7457454614662216,-0.6546733399684741,0.2850000373260621
-2.7440223034156945,-0.6637999755671531,0.28500004254296774
-2.742225574393168,-0.6733469035452222,0.28499975494627
-2.740356954313383,-0.6831949135426338,0.28499980221235666
-2.738515453956208,-0.6927745995494377,0.2849998389898163
-2.7367444749331056,-0.7019979554578688,0.28499915692040223
-2.7349957755922256,-0.7109379894196425,0.28499930361122905
-2.733347504117046,-0.7196667393407812,0.2850002481356715
-2.7318729406539455,-0.7282233584120461,0.2850001743842529
-2.730540937659598,-0.7366108951115561,0.2849999593626372
-2.7289877665854716,-0.7448963037552189,0.2849991962647008
-2.727451184091474,-0.753315294183841,0.28499965729382115
-2.7258875571635865,-0.7617475908447702,0.2849996966384074
-2.7242219054652312,-0.7699486548161211,0.28499152240240594
-2.722481075146986,-0.7780158729300739,0.28499306928775936
-2.7206379486489607,-0.7864831953291322,0.28499899719963284
-2.718776936259552,-0.7959458153609024,0.2849991863478776
-2.7169525615862202,-0.8056106946262154,0.28500599287766215
-2.715178667727224,-0.8147285924980853,0.2850059312416619
-2.713402510605785,-0.8231663300852119,0.28499971961901777
-2.7110367308121273,-0.831587439218607,0.2850038444593137
-2.7094975684313622,-0.8391097424073503,0.2850016194636681
-2.7072222659150764,-0.8461985716491004,0.2850173037346996
-2.7056474286446477,-0.8523146545737463,0.2849899007541652
-2.7037351396508567,-0.858438996316621,0.2850832513071827
-2.7010891192634916,-0.8642935552174523,0.2849909965935664
-2.699556558062974,-0.8701718171161514,0.2849943431740179
-2.6969435492074627,-0.875315180868497,0.2849997568117562
-2.6954889818086043,-0.8794546567733278,0.28499611912271494
-2.6932559757569376,-0.883513727369136,0.2850641797314173
-2.690616149083701,-0.887570555632031,0.2849904638786714
-2.689304635883752,-0.8911893243226637,0.2850122764208315
-2.6869912746761497,-0.8938406644909795,0.28499617373260566
-2.6854378423955656,-0.8963071673220162,0.28503408141552505
-2.6831951008902983,-0.8982092125539413,0.2849975063821497
-2.682328629789237,-0.8996826100642399,0.28503781609348683
-2.6793340542921067,-0.9015609220277394,0.2850759130292782
-2.6766328805722237,-0.9039614772479057,0.2850286324283943
-2.6754401810075628,-0.9064586289992744,0.2850622484127229
-2.671978370114432,-0.9090045899585256,0.28501635617696114
-2.670116517547327,-0.9122725901337269,0.28502333986813083
-2.666873494554737,-0.9158152746499953,0.2850177434827624
-2.663953158847985,-0.9196349171004595,0.28501721742887914
-2.6613590565738163,-0.9240074523162283,0.28499677993052713
-2.6587722013874395,-0.9284505082457823,0.2849989168655767
-2.655882644696604,-0.9331512401331195,0.28499934306210983
-2.6529989529332787,-0.9381555058967954,0.2849994662803187
-2.649953065558006,-0.9435550819675378,0.2849987365633686
-2.646612757537739,-0.9493008149080853,0.28500047186155353
-2.643121720868895,-0.955219793788849,0.2850003223097193
-2.6394664454702355,-0.9614132813283873,0.28500019509471
-2.6356161440614914,-0.9679258870290194,0.28500010050792124
-2.631625686797487,-0.9750205161089528,0.2849995308517028
-2.627459474305955,-0.9825495503260402,0.2849996252593905
-2.623107194163356,-0.9904476624525923,0.28499995617595486
-2.6185388993534233,-0.9987218477526022,0.28499996773153013
-2.613756590745455,-1.0073805508251858,0.2849989975482963
-2.6087939473874284,-1.0163788708765145,0.2849944176510536
-2.6036830554293693,-1.0257993222235755,0.2850004571027086
-2.598332992032387,-1.035741569002925,0.28499961542043234
-2.5927469783094295,-1.046393087648111,0.2849997040369498
-2.5868599311081906,-1.0573989404866797,0.284999920748649
-2.580849802449747,-1.0686995073458527,0.2849999596539445
-2.5746831337729277,-1.0802395438840753,0.285000021778959
-2.5682480621457806,-1.0920593978843987,0.2850000689515621
-2.561577982290054,-1.1042391277261427,0.2849996806274995
-2.554661279706924,-1.116806313466681,0.28499974898071206
-2.547493121183234,-1.1297239872712677,0.28499985379778225
-2.5402251762280144,-1.1429407197677697,0.2850000177890189
-2.532606274270688,-1.1565538942085325,0.28499983039119636
-2.5248564145203285,-1.1701285222174853,0.2849998573548113
-2.5172731500570613,-1.1833539060908382,0.2849991764305614
-2.5098181540446487,-1.1958120723935404,0.2850000499485364
-2.502546203896716,-1.2077693700107455,0.28499997654599507
-2.495493794063184,-1.2193051723140083,0.2849990260677935
-2.4884542887582084,-1.2308214423797965,0.28499890913444303
-2.4815694858981385,-1.242192988816711,0.2849991321256929
-2.474891347572742,-1.253216316511461,0.28499964657612753
-2.4681887512384257,-1.264137997795569,0.2849988978069401
-2.4612948419619793,-1.274868051566517,0.28499908297117105
-2.454127281649288,-1.2861002129801096,0.2849992476305901
-2.446731924757069,-1.297918877728364,0.28499948752605064
-2.439141638490454,-1.3100479434354122,0.28499975822853724
-2.431340815872146,-1.3224793918717856,0.28499936438035456
-2.423227958436942,-1.3351383823342577,0.2849994950465199
-2.4147303967759823,-1.3478422132745338,0.28499974003226336
-2.4059855484303094,-1.361025921919345,0.2849998725660374
-2.397147070024397,-1.3743213921765103,0.28499894598870845
-2.38827858075843,-1.3878022026729913,0.2849993676110652
-2.379312686874219,-1.4009797721135382,0.2849994770507223
-2.3702377414526463,-1.414113523095306,0.2849996540990156
-2.361353754557867,-1.427023997444541,0.2849998422753087
-2.352461973307171,-1.439702141315906,0.28499989822097105
-2.3437232032400006,-1.4519995148718647,0.28499992747952163
-2.335081616053755,-1.4641020950396437,0.28499995327896493
-2.3265892301314635,-1.4760510683036747,0.2849991170825592
-2.3182519673912405,-1.4874864319036776,0.28499940243282496
-2.3100842785025413,-1.4987598488424667,0.2849930304127429
-2.3020561492958764,-1.509686059286332,0.28499566363391277
-2.2941238305781524,-1.5200859305714747,0.2849986458298726
-2.286473636604221,-1.5303498158773787,0.2849935642661017
-2.278841234524467,-1.5401985021687348,0.2849974558065435
-2.271530783835191,-1.5496870124250546,0.2849997616189531
-2.264361665623518,-1.5590799706698717,0.2849998138430364
-2.257244298261089,-1.5679477649342608,0.28499987156216444
-2.250395581980331,-1.576234452686059,0.28499925876929294
-2.243695880715727,-1.5841182515058663,0.2849994919243015
-2.2369049129717005,-1.5918344255869974,0.284993953004658
-2.2300208920341538,-1.5995657920590736,0.2850002929640807
-2.223215229533039,-1.6069587968532213,0.2849996504351141
-2.216351931888305,-1.6143616535445784,0.2849997559603601
-2.2094461260010503,-1.6218668149690945,0.28499983796735157
-2.2025136497538695,-1.629541168697902,0.28499987589860687
-2.19573559574498,-1.6370194985949815,0.2849999912753226
-2.1894045974838754,-1.6440872834629108,0.28500011565896355
-2.1830072147809405,-1.6509289029233074,0.2849999778206408
-2.176610154603881,-1.6577278760667409,0.28499998813006544
-2.1702120791359656,-1.664479263071935,0.2849999819591438
-2.1634422015405166,-1.6713045507888489,0.2849999828043456
-2.156241241896579,-1.6783989389290332,0.28499998849707275
-2.1487472692110208,-1.6856879438537944,0.28499999996546865
-2.1409512734976555,-1.6929827730887137,0.2850000190664069
-2.132839950387212,-1.700450131688096,0.28500003776101684
-2.1244103847216134,-1.7081758838042114,0.28500005464390843
-2.115659786176099,-1.7161562156667851,0.28500006825901036
-2.1065854298317404,-1.7243908888732855,0.2849994335563001
-2.0971883829908053,-1.732872599903537,0.2849996600133842
-2.0874772843650686,-1.7415914447348735,0.28500005449374577
-2.077417620512083,-1.7503668716963239,0.28500004718514893
-2.067027785812272,-1.7593569306536632,0.28500004559920866
-2.0565109999624,-1.768827885406685,0.2849979018744825
-2.0460840979212387,-1.7786109031185116,0.28500036301461756
-2.0353843265420637,-1.788616350963572,0.28500029555168493
-2.024347797901261,-1.798836833230704,0.2849999905489847
-2.0130721529640905,-1.8093224149290066,0.28499999531317444
-2.0016360999675484,-1.8198741289274893,0.2850000074227092
-1.9896620964425569,-1.830395408470986,0.28500000977423606
-1.977516882047799,-1.8409622457244075,0.285000004581513
-1.965286911533328,-1.8516344744752933,0.28500001268443215
-1.952973047594136,-1.8623996187043579,0.2850000236346115
-1.9406264605267212,-1.8732741247801392,0.2850000653911225
-1.9282554153427196,-1.8837571106630053,0.28500045192343043
-1.9158102684251996,-1.8939802039537006,0.28499937063900294
-1.9035011742638202,-1.9041483676482054,0.2849995015200279
-1.8912005445389075,-1.9142873069220372,0.2850009994486361
-1.8787358967368526,-1.9243653140413672,0.2849995898397013
-1.866293010049666,-1.9344136375858247,0.28499966972569973
-1.8538108502525783,-1.944544368813063,0.28499986861368004
-1.841281932266627,-1.9546433595978003,0.2849998881849805
-1.8287279533953007,-1.9647700630592,0.2849998966273299
-1.8161574328645231,-1.9749548406411177,0.28499991955142034
-1.8035976962233098,-1.9849854516502863,0.28499997060999765
-1.7909920356352573,-1.9950103877890604,0.2849999994439512
-1.7783458825465395,-2.0049196941960443,0.2850000069454757
-1.7656564774493833,-2.014762491821851,0.2850000048930497
-1.7528721302543258,-2.0245808445538707,0.2850000149533725
-1.7399888493023614,-2.0344563361924695,0.28500003033723464
-1.7270508593860843,-2.0444240071292574,0.2850000427426265
-1.7140565423892362,-2.054467709162412,0.28500005013120044
-1.7010054529380991,-2.0644787488228102,0.2850000511491301
-1.687916647087611,-2.0744215579556826,0.2850000456725666
-1.6748116573468776,-2.0838741200206656,0.285000056194538
-1.6617171625376068,-2.0931963106324845,0.2850000604088595
-1.6486409701649363,-2.102475572173798,0.28500005683796925
-1.6355917278470826,-2.111715459495299,0.28500004614334173
-1.6225773689019451,-2.1209207826317296,0.28500002993606127
-1.6095943583989636,-2.1301000766829183,0.28500001360992017
-1.596656366291919,-2.139252495122647,0.28500000928336405
-1.583704671427053,-2.1483866194718315,0.2849999981571865
-1.5707299788624831,-2.157505750667542,0.28499998346424077
-1.5576436735403574,-2.1666600750333904,0.28499999276761123
-1.5444796620963503,-2.1758158261111507,0.284999995419885
-1.5312240112356084,-2.18495146070666,0.28500000790172675
-1.517891539944283,-2.1940381234963366,0.28500002911239075
-1.5045223574513849,-2.2030878081474525,0.28500004690292624
-1.49111704148633,-2.212100930963514,0.28500005885050483
-1.4776746015586344,-2.2210759366564217,0.28500006325930605
-1.4641940496099073,-2.230011274554244,0.28500005941778456
-1.4506744033599754,-2.238905457007491,0.2850000477060374
-1.4371249925713037,-2.2477198136138,0.285000047289347
-1.4236480911660112,-2.2564479237765767,0.28499941011327934
-1.410475769363369,-2.265141714720195,0.2849997032331073
-1.3972701129909078,-2.2737863209679876,0.284999774040879
-1.3840459164283219,-2.2823776847039365,0.2849998275931228
-1.3707876146335396,-2.290925278135287,0.2849993576183838
-1.3575759515536805,-2.2994498518268482,0.28499973046882776
-1.344329304875016,-2.3079440913674127,0.28499992354073034
-1.3308361668401432,-2.316431838524572,0.28499992537045116
-1.3170569143170128,-2.324910632610034,0.28499976160380674
-1.3033718492246726,-2.3330647574347316,0.28499982430891063
-1.2898563293410255,-2.340907977095506,0.28499988026701106
-1.276495593564536,-2.3484823204785625,0.28499992820063275
-1.2633023946480504,-2.3557893491812445,0.28499996631215463
-1.2506585731212638,-2.362839751777215,0.28499999934962206
-1.2383947779819946,-2.369606157870158,0.28500046514338445
-1.226545099904891,-2.3762506881937364,0.2849992907231442
-1.2150984014560602,-2.382820694453712,0.2849994493576858
-1.2037815491485286,-2.388710751870926,0.28499955593490633
-1.1926973251385795,-2.394317705257019,0.2849996663939186
-1.1821078962312963,-2.3996814285518964,0.28499986285754814
-1.171758482097741,-2.404937616898099,0.28499995837107717
-1.1614219628155826,-2.4101456563198402,0.28499998269122157
-1.1513710126559036,-2.4152967187788943,0.28499999599302483
-1.141408032558514,-2.420390456799024,0.28500001101183464
-1.1313687855610588,-2.4254251561506908,0.28500002176945605
-1.1212572000042158,-2.430394388424028,0.2850000272892801
-1.1108864885705239,-2.435349147308191,0.2850000273787733
-1.1000875211056576,-2.440330483072804,0.2850000216196163
-1.0888550152013206,-2.4453393372921615,0.2850000100450178
-1.0771795999614673,-2.450273380026737,0.28500009312709584
-1.0652152126922647,-2.454968955404911,0.2849999919342343
-1.053174561022791,-2.459900793644774,0.28500000040460727
-1.0407054934824158,-2.4649713101268995,0.2850000239786106
-1.028082326175202,-2.4701744689704954,0.2850000456008911
-1.0154753243496828,-2.475273567725994,0.2850000625168988
-1.003040442882039,-2.4801795227556878,0.2850000733095632
-0.9907016074502029,-2.484947513860683,0.2850000775539422
-0.978329548245804,-2.489657168332404,0.28500007513218595
-0.9660338334005422,-2.4942676257954997,0.28500006647856996
-0.9537596594705813,-2.498814271712921,0.2850000524724049
-0.9414628731088366,-2.503316183487685,0.28500003429995546
-0.9291393023037277,-2.507775423831433,0.28500001351843046
-0.9167334668255667,-2.5122192636949956,0.28499999194573533
-0.9039906968501119,-2.5167676643479795,0.2849999713185427
-0.891492340279965,-2.521352245579067,0.2850013272931168
-0.8794050920712491,-2.5260323564368656,0.2849973311080142
-0.867056420193567,-2.5308487560911166,0.2849987182432039
-0.854302426526273,-2.5358023926059947,0.2849989625659038
-0.8411185450413148,-2.540863536110779,0.2849991654957212
-0.8274910729096536,-2.546001242668693,0.2849974768792003
-0.8133511108084938,-2.5512926483144196,0.28499899723736394
-0.7987220773538481,-2.5567059966248373,0.2849991982251019
-0.7831609763457252,-2.562119355987018,0.2849993674002318
-0.7673011103963105,-2.567497721399195,0.28499954061362215
-0.751607001985051,-2.572786313463749,0.28499967483064675
-0.7361045505879288,-2.577885128252467,0.2849997520654459
-0.7209146517821686,-2.582796051718901,0.28499980870401054
-0.706156887662509,-2.5875236009148503,0.28499984937304856
-0.6916741133468974,-2.592063356610279,0.2849998858747312
-0.6775224847924254,-2.5964206832025933,0.28499991579222245
-0.6637113464418085,-2.600597391031472,0.2849999411212716
-0.650527485951078,-2.604638520534052,0.2849999603037894
-0.6378300634040384,-2.608599303825508,0.28499996910336295
-0.6255675867307284,-2.6124316907358094,0.284999974474548
-0.6139301354934046,-2.6158802848495024,0.2849985325686033
-0.6032674278364516,-2.6190643297608087,0.2849988044345594
-0.5930686688819481,-2.622065223500626,0.28499902814667005
-0.5829098969492804,-2.6249017177203644,0.284999635380358
-0.5727450630762354,-2.627556419210739,0.28499944495299323
-0.5625078797603393,-2.630065795672141,0.28499812839622224
-0.5524235213794783,-2.632412796268104,0.28499848703097275
-0.5426703628901094,-2.6346188413167004,0.28499878132444506
-0.5330483306335042,-2.6367526916023967,0.28499902253878606
-0.5237237537694482,-2.6388110270500253,0.2849990788827826
-0.514668426251329,-2.6407288138833307,0.28499926454736846
-0.5058133847844423,-2.6426125472185498,0.284999634710169
-0.4969303393785831,-2.644478122216015,0.28499546798356734
-0.4880293537754767,-2.646311714445941,0.28499630535053583
-0.4791238487844886,-2.648134675111795,0.2849969871979531
-0.4702101235656029,-2.6499778516975585,0.28499754133874156
-0.46083326812868675,-2.6519150591662197,0.2849997925130211
-0.45087389108544074,-2.653975914953427,0.28499987515226705
-0.4405295519102291,-2.6560957637186973,0.2849998965036543
-0.4298134001861772,-2.6582966359119413,0.28499989465215114
-0.41871903916422337,-2.660582073236775,0.2849999084872142
-0.40725104981727306,-2.6629482493580015,0.2849999183574895
-0.39543428595006913,-2.6653946942553506,0.2849998970493048
-0.383478027538792,-2.6679182640958152,0.28499997148892026
-0.37147655320517536,-2.6704780745850707,0.2849999886094009
-0.3594671455529951,-2.673066988863661,0.2849999995438927
-0.34744649898939933,-2.6756849808186822,0.2850000034253927
-0.3351711442387772,-2.678347146097128,0.2849999999874371
-0.32254884299590475,-2.681086685475518,0.28499998969114326
-0.30961624049650194,-2.6839093230584066,0.2849998956003866
-0.2964036732921079,-2.6866036753159106,0.2849999284042217
-0.28318403194121505,-2.6891777476954504,0.2849999601615877
-0.27009568674974976,-2.6916364078130077,0.2849999874077149
-0.2573646582573924,-2.69397493897724,0.28500001298568756
-0.2449852934827772,-2.696239331239769,0.2850001080669278
-0.23297663071521146,-2.6983489828805207,0.28500010947374693
-0.22132930378119303,-2.700345962108416,0.2850001079253365
-0.210043864229578,-2.70223195787261,0.28500010327837977
-0.19910785373995998,-2.704009184246763,0.28500001465349956
-0.1884719126232071,-2.705682299373352,0.2850000193322215
-0.17822470567478327,-2.7072556686928437,0.285000019406674
-0.1683791161123649,-2.708731323136629,0.2850000168297029
-0.15892272010768493,-2.7101112654671193,0.2850000134318412
-0.14985585824021638,-2.711397475480791,0.2850000092786257
-0.1411794887084173,-2.7125919034959844,0.2850000046195807
-0.13296491421310414,-2.7137263337271076,0.28499956423792316
-0.12514447307540058,-2.7148059678458036,0.2849997083588931
-0.1177047000384683,-2.7157432517774955,0.2849997544857008
-0.11065283585930487,-2.716600405246347,0.2849997900499706
-0.10398585330737488,-2.717387474494933,0.28499982008319164
-0.09746174899252966,-2.7181402838917035,0.28499984528321304
-0.09095776970519168,-2.7188852116398126,0.28499986961502083
-0.0844857093462684,-2.719622095443154,0.2849998932006769
-0.07802741091845529,-2.7203499762806618,0.28499991227012444
-0.0715922267274933,-2.7210674022257137,0.28499992745763614
-0.0651738230147212,-2.721771828822058,0.2849999392800717
-0.05868021810085687,-2.7224662605065433,0.2849999464104017
-0.05213731043932339,-2.7231514800056837,0.28499995430304065
-0.04554083820060935,-2.7238279668862657,0.28499996710379955
-0.038936458952547576,-2.7244971781706373,0.28499997955329776
-0.03232759262452868,-2.7251586776864842,0.2849999918045357
-0.025712165650855004,-2.7258128497511156,0.2850000036755731
-0.019086713150900325,-2.726460335027682,0.2850000150740922
-0.012453627559057379,-2.7271008284052494,0.2850000258838963
-0.005833052854484447,-2.7277313112509654,0.28500003595162565
0.0007859916149258045,-2.7283535993231625,0.2850000451575878
0.00740858388380812,-2.7289685574325255,0.2850000533777942
0.014031526153255092,-2.7295757958205007,0.2850000604881558
0.020661084575547856,-2.7301763275411326,0.2850000663817597
0.027290905823072836,-2.730769312150384,0.28500007095198626
0.033923314765057,-2.7313551728428958,0.2850000741289851
0.04056103294538248,-2.7319343796908067,0.2850000758587993
0.04720046801656233,-2.732506505632919,0.2850000761151513
0.05384315883866449,-2.7330718502302216,0.285000074900793
0.06048709142849767,-2.7336302207852037,0.2850000722392497
0.06713380701461562,-2.734181907471435,0.2850000681842288
0.07377674417479813,-2.734726122796877,0.2850000628192057
0.08031741760707942,-2.7352500541090294,0.2850000563730922
0.08665906767028236,-2.735741550104096,0.28500004917070876
0.09278504708418539,-2.7361991700072186,0.2850000414643184
0.09881583622825409,-2.7366388788739195,0.28500003327596657
0.10481420874483298,-2.737068777779065,0.28500002465341945
0.11077901415295965,-2.737488888638624,0.2850000157374847
0.11672928590341942,-2.737901806980412,0.2850000066504434
0.12245780370510348,-2.73828256459085,0.2849999978990694
0.12806123027584815,-2.738643413655547,0.2849999895626278
0.1336423280943902,-2.7389950962562173,0.28499998303437996
0.13918136274940127,-2.739337831137909,0.28499998107483554
0.144666377497802,-2.739672768535002,0.28499949794782214
0.15013321470513744,-2.740006771599643,0.2849995840558113
0.15559935696487714,-2.740336065639464,0.2849996547738375
0.16106292035373418,-2.740661252220714,0.2849997129276518
0.16652128173259861,-2.740982476113769,0.2849997609259126
0.17196915703220042,-2.7412994493437703,0.2849998007474487
0.17739336028481092,-2.7416122353047374,0.28499983404907847
0.18270382540818966,-2.7419211621624497,0.28499986465524707
0.18732251482810527,-2.742229217287833,0.2849999039793173
0.1913665339366934,-2.7425285153776473,0.2849999472585231
0.19459558272120847,-2.7427965360557742,0.2849999521077571
0.19729378251488622,-2.743042390254506,0.2849999652462005
0.19988465390255858,-2.743281436893698,0.28499997561646057
0.20232210232037268,-2.743509398717279,0.28499998368993795
0.20466567363689772,-2.7437335661855977,0.2849999898230733
0.20685100526671785,-2.743947106874293,0.2849999943970847
0.20888525041701367,-2.744146833854674,0.2849999980470507
0.21085745195655914,-2.7443419049340387,0.28500001347410553
0.2128402513865922,-2.744518662159824,0.2849993108766803
0.21483179823248116,-2.744705273271171,0.2849994440245638
0.21682673527001517,-2.744845123681352,0.2849995532328262
0.2188236444933745,-2.7449113509562086,0.28499964280396506
0.2208203681216313,-2.744939295979827,0.2849997162346649
0.22281695747919125,-2.7449298821541523,0.284999776370793
0.22481351184258025,-2.74488401699796,0.28499982553855085
0.22660510429475667,-2.7448025924390778,0.2849998655787318
0.22800033834378097,-2.7446865808947924,0.28499989810940113
0.22922643376726426,-2.744556904733769,0.28499992472638125
0.23045275115819305,-2.7444287288393294,0.28499994660248285
0.23167956130927633,-2.744302037748095,0.284999964593591
0.23290117906700722,-2.744178373373854,0.2849999972775018
0.2341126555169854,-2.7440848700625597,0.2850000062872449
0.2353267361026331,-2.7440324475267053,0.28500001373388495
0.23654371441470284,-2.74402266028982,0.28500002010893744
0.23776367677783256,-2.744057456810415,0.28500002596385793
0.23898650742494448,-2.7441357145508096,0.2850000312933735
0.2402121600818506,-2.744252814339377,0.28500003544769953
0.24144130135818218,-2.744383978102122,0.2850000384637894
0.24264928887468884,-2.7444058911156892,0.28500004077769936
0.2437741886561791,-2.7443050940529843,0.28500004268758705
0.24486951536219959,-2.744194457778513,0.2850000442691174
0.2459408995758119,-2.7440874141284466,0.28500004557105774
0.2469882903757365,-2.743983878074983,0.2850000466390044
0.24801163878074367,-2.743883767701845,0.28500004751044355
0.24902222476950592,-2.7437847465429885,0.28500004822232555
0.2500328258870934,-2.7436843322128968,0.28500004879672347
0.2510438649271163,-2.7435825865220336,0.2850000492507707
0.25205576769303634,-2.74347957171543,0.28500004959816816
0.2530689671407996,-2.743375350410656,0.28500004984965344
0.2540839095870683,-2.743269985537027,0.2850000500135385
0.2551010631542026,-2.743163540274737,0.2850000500961514
0.2561210532734659,-2.74305607800804,0.28500005010699087
0.25714517522431457,-2.7429476622553923,0.28500005005513196
0.25817074610505564,-2.74282350250482,0.28500005182303345
0.25919722102969295,-2.7427166141687906,0.28500005141196627
0.26023016762842743,-2.7426109873276148,0.2850000509731969
0.26128413853019183,-2.742505911825738,0.2849995597288232
0.2623408042419999,-2.742403120810902,0.2849996485683407
0.26339598195516123,-2.742301485191445,0.2849997211070392
0.2644523701516988,-2.742215421101266,0.28499977912544305
0.26550417390093317,-2.7421671716345335,0.28499982782311273
0.26655071524460666,-2.7421568364327347,0.28499986749993655
0.2676045076140457,-2.742197057182886,0.2849998999040336
0.2688451841343138,-2.7422704602805887,0.2849999289994327
0.27010554883942217,-2.7422282202726476,0.2849999500889256
0.2713508736998208,-2.7421318544515927,0.28499996756108903
0.2725949084323667,-2.742031011594184,0.2850000398571657
0.2738415660277413,-2.7419368101795856,0.28500004152826575
0.2750888623907327,-2.741843685737036,0.2850000429726672
0.27633679184569115,-2.741751627740117,0.2850000443435573
0.27758534714964855,-2.7416606255827776,0.2850000456463466
0.2788345215158123,-2.741570668635373,0.2850000468866129
0.2800843078378026,-2.741481746427204,0.2850000480675998
0.28133469920987175,-2.741393848522646,0.28500004919202226
0.2825856887950533,-2.741306964554783,0.2850000502619128
0.28383726982458,-2.741221084226318,0.28500005127875905
0.28508943560266736,-2.74113619730955,0.28500005224353536
0.286342179499795,-2.7410522936480644,0.285000053156917
0.2875954949473012,-2.7409693631578413,0.2850000540193888
0.28884937544270495,-2.7408873958269098,0.2850000548312156
0.29010381454913026,-2.7408063817157626,0.2850000555924943
0.2913588058947429,-2.7407263109577142,0.28500005630319547
0.2926143431690822,-2.7406471737596383,0.2850000569632387
0.29387042013497244,-2.7405689604004415,0.28500005757234576
0.2951270306093569,-2.7404916612339707,0.28500005813033924
0.2963841684751621,-2.7404152666873602,0.2850000586369649
0.2976418276776974,-2.7403397672616294,0.28500005909195847
0.29890000222414637,-2.7402651535317766,0.2850000594950571
0.30015868622901887,-2.740191416147987,0.28500005984429083
0.30141787373241935,-2.740118545830971,0.2850000601430581
0.3026775589672198,-2.740046533379414,0.28500006038921366
0.30393773618314956,-2.7399753696647653,0.2850000605825802
0.3051983996893371,-2.739905045632592,0.2850000607230134
0.3064595438538285,-2.739835552302543,0.28500006081040496
0.3077211631031086,-2.739766880768292,0.28500006084468443
0.3089832519216247,-2.7396990221974633,0.2850000608258217
0.3102458048513137,-2.7396319678315417,0.28500006075382833
0.3115088164911308,-2.7395657089857637,0.28500006062875843
0.3127722814965814,-2.7395002370489987,0.2850000604507094
0.3140361945792538,-2.7394355434836055,0.2850000602198228
0.31530055050635597,-2.7393716198252887,0.2850000599362845
0.31656534410025233,-2.7393084576829314,0.2850000596003248
0.31783057023800376,-2.7392460487384165,0.2850000592122188
0.31909622385090874,-2.7391843847464417,0.285000058772286
0.32036229992404675,-2.7391234575343133,0.2850000582808904
0.32162879353220997,-2.739063258996286,0.2850000577414801
0.3228956996920306,-2.739003781114184,0.28500005714795423
0.32416301358571836,-2.7389450159275204,0.2850000565043969
0.32543073040890846,-2.7388869555517688,0.28500005581133464
0.3266988454087616,-2.7388295921738486,0.285000055069339
0.3279673538835166,-2.738772918051853,0.28500005427902547
0.32923625118204414,-2.7387169255147827,0.28500005344105245
0.33050553270340255,-2.7386616069622525,0.2850000525561213
0.33177519389639426,-2.7386069548642054,0.28500005162497477
0.333045230259124,-2.7385529617606106,0.2850000506483966
0.33431563733855896,-2.7384996202611496,0.28500004962721076
0.3355864107300888,-2.738446923044906,0.28500004856228056
0.3368575459444023,-2.738394862858206,0.285000047459677
0.33812903893134283,-2.7383434325221527,0.28500004630935966
0.33940088530353085,-2.7382926249196338,0.28500004511819754
0.34066633649723005,-2.738239883741792,0.2849994887602847
0.34193885948051006,-2.7381907193039567,0.2849995886862403
0.34321173126949744,-2.7381420816442392,0.2849996701386651
0.34448494213528025,-2.738093977556337,0.284999736479468
0.34575477887412714,-2.7380557078886256,0.28499954651607684
0.34702858208189763,-2.7380088269219915,0.2849996348285926
0.3483027000786616,-2.7379624544645087,0.2849997067630661
0.34957712704826843,-2.7379165960688643,0.2849997652970086
0.35085185722894013,-2.7378712551429754,0.28499981286599363
0.3521268849027292,-2.7378264333519584,0.28499985146236806
0.35340220438517833,-2.7377821309468415,0.2849998827159824
0.3546778329268261,-2.7377383470333045,0.2849999079602329
0.355953886109103,-2.737695079791561,0.28499992828598864
0.3572302385512376,-2.7376523266558705,0.2849999445858598
0.35850688653977025,-2.7376100844615583,0.28499995759024355
0.35978443721622766,-2.7375727084964834,0.28499997329332005
0.3610616572778996,-2.7375314582270422,0.2849999804079093
0.36233916215919515,-2.7374907077995116,0.28499998589351244
0.3636169483608724,-2.737450452520353,0.28499999004552246
0.36489501242819844,-2.73741068753837,0.2849999931059092
0.36617335094881087,-2.737371407883982,0.2849999952729636
0.367451923746585,-2.737332608498642,0.2849999967142516
0.36873080129383723,-2.737294284275717,0.2849999975455745
0.3700097301548014,-2.737256430048027,0.28499999789724406
0.3712775119745051,-2.737219358521618,0.28499999786407315
0.3725199272110696,-2.7371834715992676,0.28499999754322386
0.37373689074300687,-2.7371487396906935,0.2849999969967118
0.37492836384468464,-2.7371151324732717,0.2849999962757678
0.3760942981734638,-2.737082620739807,0.28499999542351206
0.3772365464391245,-2.737051123729394,0.28499999447613594
0.37839081889055715,-2.737019644380959,0.2849999934237832
0.3795703284034256,-2.7369878329962827,0.2849999922863718
0.3807744326779259,-2.736955708639718,0.2849999912049411
0.38199822855760324,-2.7369230849919464,0.2849999908078252
0.38310670408582065,-2.7368857911329734,0.284999990728603
0.3838272201975437,-2.7368411973644813,0.2849999901538221
0.3844545319515536,-2.736800088799611,0.28499998987745545
0.38508238633486147,-2.736762190695883,0.28499998989609027
0.3857106176030308,-2.7367219998682173,0.2849999898784087
0.38633915894425247,-2.736678910269811,0.28499998982105956
0.3869679159310907,-2.736633097149861,0.2849999897228905
0.38759626823432464,-2.7365847970840114,0.2849999895879034
0.3882228885443046,-2.7365342068181198,0.2849999894134121
0.38884645627951664,-2.7364820273639974,0.2849999892012812
0.3894657947686015,-2.7364285501382124,0.28499998895500284
0.3900880582057008,-2.7363603689171767,0.2849986198543125
0.39036315172787583,-2.7362100130442704,0.2849989557381031
0.39026203560546063,-2.736125485047323,0.28499916109824613
0.39024669826496305,-2.7360777840789297,0.28499930978833243
0.39032079846442075,-2.7360258147710392,0.28499943122498866
0.3904768274755029,-2.735967445410834,0.28499953039470516
0.39070679949449866,-2.7359005812754407,0.2849996116218233
0.3910074965559024,-2.7358274690063245,0.28499967780727775
0.3913704595668932,-2.7357493967394975,0.28499973162320485
0.3917777477304421,-2.7356654112798493,0.2849997754774603
0.39209733846794426,-2.73560617466224,0.2849998115216761
0.3920350184294634,-2.7355504002663222,0.2849998408127336
0.39119952338604974,-2.7355044554786905,0.284999865007182
0.39011282735334196,-2.7354396104085925,0.28499988628017414
0.38899436393129705,-2.73534925942199,0.2849999043436879
0.38784307093692827,-2.735264485687452,0.2849999193927514
0.38665903077896463,-2.7351856199640188,0.2849999319791574
0.3856282741539589,-2.735106231453175,0.28499994240572213
0.38495967811271753,-2.7350180499223873,0.28499995073785206
0.3846970281880889,-2.7349144046885177,0.28499995722490146
0.3848597082140512,-2.734793766263097,0.28499996205347256
0.38546267394462347,-2.7346557552099067,0.2849999656045574
0.38649824041664677,-2.7345000689041625,0.2849999686262377
0.3879587488281327,-2.734326321219782,0.28499997129212684
0.3898441750318679,-2.734134161386724,0.28499997360371165
0.3921544686529251,-2.7339232493786922,0.28499997554182915
0.39488957925078283,-2.733693252475818,0.28499997707428004
0.3980494585998987,-2.7334438446039138,0.2849999781584639
0.4016332442907471,-2.7331746972931596,0.2849999837377577
0.4059002026576408,-2.73288271344374,0.2849989034445928
0.411167109632143,-2.7325726960265877,0.28499910793124267
0.41743163972513786,-2.7322331696334645,0.28499992210903774
0.4244968421561303,-2.7318760797361166,0.28499962500014625
0.43197515782584145,-2.7315023536305874,0.2849997057842044
0.43987042268125587,-2.7311044852685384,0.28499977422690936
0.4481896798006073,-2.7306815590034117,0.28499983221463876
0.4569328721142939,-2.7302330435750752,0.2849998811133092
0.4658594936397771,-2.7297440107390374,0.2849955633986816
0.47445095573060536,-2.729272903282848,0.2849911571471264
0.4826320109381502,-2.7287982790223797,0.2849971234736909
0.49039864367419755,-2.7281940004772793,0.28499778294041794
0.49788111943036034,-2.7277627694259547,0.2849983532555543
0.5050031752381912,-2.727365175458035,0.28499472509901497
0.5117382459614511,-2.7269844443899744,0.28499569690495663
0.5180979896399232,-2.726619734110294,0.2849964902357939
0.5240823735762716,-2.7262713968993815,0.2849971376821178
0.529684038480589,-2.7258553987590135,0.28499841245597457
0.534916952293602,-2.725514319678639,0.28499915367596285
0.5397402233130162,-2.725249122824486,0.28499894587918295
0.5441891053308835,-2.724978667129487,0.2849991554884866
0.5482285972726348,-2.724656663518903,0.2849993213633776
0.5518086362314896,-2.72409994777405,0.2849994475911541
0.5549971917321532,-2.723598293503494,0.2849995588237046
0.5578274614124503,-2.723318170044844,0.28499964181903015
0.5602990272204905,-2.723152084970254,0.2849997096945287
0.5624010636549002,-2.7230149894479316,0.2849997602133019
0.5641075438450924,-2.722906004761613,0.28499980696665056
0.5654597516107821,-2.722819644677101,0.28499984559117325
0.5667570762797111,-2.722736799528343,0.28499987716308106
0.5680544064942262,-2.722653964306701,0.2849999028347998
0.5693517412309943,-2.722571137191885,0.28499992367758653
0.5706484213091054,-2.722488088327341,0.28500000194296826
0.5719116692944158,-2.7223982601405403,0.2850000042720374
0.5731461754596061,-2.7223018886826864,0.28500000601509323
0.5743796525671131,-2.7222043586411053,0.2850000072757132
0.5756121692879431,-2.722105674303748,0.28500000813882753
0.5768437113445802,-2.722005823371423,0.2850000086744963
0.5780742641971617,-2.7219047934528997,0.2850000089401644
0.5793038130465853,-2.721802572063827,0.2850000089829604
0.5805323428363651,-2.7216991466258404,0.28500000884157645
0.5817598382534583,-2.7215945044658647,0.2850000085478065
0.582986283728242,-2.7214886328155408,0.2850000081278038
0.5842116634692546,-2.7213815188153765,0.28500000761510796
0.5854359614623259,-2.7212731495186677,0.28500000704638556
0.586659161364115,-2.7211635118756345,0.2850000064296703
0.5878812459926989,-2.7210525927139018,0.2850000057685823
0.5891021978390221,-2.7209403787685256,0.28500000506730666
0.5903219997798306,-2.7208268567079306,0.2850000043343011
0.5915347713862332,-2.7207120130985016,0.28500000357718647
0.5927425758914091,-2.720595957050206,0.2850000028068677
0.5939294926056572,-2.7204803806709457,0.28500000204440656
0.595063619288282,-2.7203505798108645,0.28499910482359647
0.5960338196299276,-2.7202375833941494,0.28499926838234624
0.5970019180927555,-2.720123101360327,0.28499940233298116
0.5979727816312412,-2.72000063743142,0.2849995178315744
0.5989512694001669,-2.7198853793491287,0.28499960679048875
0.5996229134588165,-2.719767664322887,0.28499966751188344
0.5998036264611749,-2.719646739613365,0.28499972836419807
0.599927223242931,-2.7195227495716763,0.284999779539982
0.6000515510129223,-2.719395836606339,0.28499982156620035
0.6001730368652627,-2.719266047878681,0.28499985609492207
0.6002898073819696,-2.7191357708775072,0.28499988446735514
0.6004050409314438,-2.7190067985755904,0.28499990777463285
0.6005183206297128,-2.7188792035983136,0.28499992692818543
0.6006298305692961,-2.718751414479071,0.28499994268436346
0.600740750173952,-2.7186197193133594,0.28499995567097675
0.6008511287314724,-2.7184838890051655,0.28499996638172087
0.6009609562375064,-2.7183439751872074,0.28499997521849996
0.6010704528366485,-2.7182023309827645,0.2849999825005791
0.601179894885077,-2.7180617565078777,0.28499998848978886
0.6012893258620342,-2.7179226468439843,0.2849999934105916
0.6013977394356019,-2.717782274993416,0.2849999973457004
0.6015043300278198,-2.717635720363114,0.28500000057007413
0.6016096762680084,-2.717482697428201,0.28500000321119867
0.6017140189563295,-2.717324734210396,0.2850000053587185
0.6018173593877931,-2.7171627850449207,0.2850000070885893
0.601919536328751,-2.716996747677366,0.2850000084648434
0.6020202865137605,-2.7168265347553433,0.2850000095399131
0.6021192823550799,-2.716652073718751,0.28500001035674777
0.6022161575932481,-2.7164733067190703,0.2850000109505468
0.6023105244883623,-2.7162901905696586,0.28500001135017733
0.6024019850736331,-2.7161026967282185,0.2850000115793351
0.6024901382528909,-2.7159108113123374,0.2850000116574935
0.6025761748504564,-2.7157138100561418,0.28500001276338616
0.602672641791062,-2.7155131981603713,0.2850000123762502
0.6027649280308763,-2.7153083088684666,0.2850000119172903
0.6028526517957092,-2.7150991367259785,0.28500001138870784
0.6029353650348817,-2.7148857496972663,0.28500001079346904
0.6030125123496564,-2.7146682240714077,0.2850000101354265
0.6030983713664746,-2.7144465002064684,0.2850000111817342
0.6031779768344738,-2.714220089137277,0.2850000102188177
0.6032509280631122,-2.7139736991692227,0.2850000092699285
0.6033171296583584,-2.7136592443046936,0.2850000084742989
0.6033766422754908,-2.713325942504429,0.28500000765279593
0.6034292310644443,-2.7129889434226704,0.28500000676048914
0.6035076431863413,-2.712619500459993,0.2850000058892833
0.6039080908788148,-2.712161442167583,0.28500000514494883
0.6047005617823578,-2.7116090762723886,0.2850000044570806
0.6058844040732475,-2.7109573251541796,0.28500000376504375
0.6074584065019578,-2.7102010571329793,0.2850000029969597
0.6094213737806295,-2.709335090538991,0.28500000207246234
0.6117796880939925,-2.7083604406642694,0.28500000289196764
0.6145461114140272,-2.7072210806613675,0.2849987949774208
0.6178291381405039,-2.70587048650502,0.2849989989453893
0.622077162165469,-2.7044375574400257,0.2849991856018971
0.626996349094844,-2.702865306172402,0.28499950684089864
0.6322058640061305,-2.7011702927452643,0.28499979269344333
0.6372224639887692,-2.699341015634611,0.2849999457642547
0.6429700428767856,-2.6973729905285655,0.2849999680821431
0.6494828590360033,-2.695268079904588,0.28500002698313665
0.6563946891359462,-2.693024713456399,0.285000037617612
0.6636833091545563,-2.6906419582618875,0.2849998900234787
0.6712973179258053,-2.6881185243815713,0.284999927103577
0.6792289644654611,-2.68544885292046,0.2849999556273867
0.6874742332874322,-2.6826302869439864,0.28500002610833897
0.696027975386777,-2.679656485443504,0.2849999918721499
0.7048875153882521,-2.676521342007402,0.2850000037505547
0.7140483838825704,-2.673220253313933,0.28500000954724314
0.7235056455337384,-2.6697485153294624,0.2850000417551869
0.7332516698623488,-2.666097738524828,0.2850000308805875
0.7432367747161217,-2.6622676918949177,0.2850000994635492
0.753136818563334,-2.658220718037302,0.28499935959569184
0.7633772589067547,-2.6540871935114625,0.28499948819029225
0.773966000625046,-2.6497715633618286,0.28499962952908486
0.7849064347325635,-2.645246069685178,0.2849997382377344
0.7961792169402584,-2.640509135438924,0.28499980408165715
0.8078033173567088,-2.6355820948704145,0.2849998512894863
0.8197877293730407,-2.6305077966602686,0.2850000002496086
0.8321534742108776,-2.6252864763281334,0.2849999348658844
0.844935532520416,-2.6197836097038563,0.2849999436212526
0.8580034521180478,-2.61409780775576,0.2849999613230839
0.8714491661556737,-2.6082248156869583,0.2850002532608319
0.8857271513450381,-2.602162879381622,0.2849996129649176
0.9003195113821704,-2.595951633539964,0.28499986378861525
0.9153683930584497,-2.5896464694613224,0.2849998607666842
0.9303991583856421,-2.5833372731473654,0.28499993092526044
0.9453706968212503,-2.5770122376614815,0.2849999856704716
0.9602781313180283,-2.570666350608261,0.2849999986000729
0.9751407073995434,-2.5642506346992553,0.2850000870809046
0.9898506891337923,-2.557890722718517,0.28499674962853083
1.0043060742755434,-2.5515616292152976,0.2849978867521592
1.0187194096816723,-2.5451880830367104,0.28499959552338033
1.033191986144148,-2.5387389238817635,0.28499973433004017
1.047644471261554,-2.5323075670892674,0.2850000176390497
1.062062536351072,-2.5258634946864835,0.2849994587491299
1.0764386206811045,-2.5194056320280493,0.28499376800581083
1.090810262981214,-2.5128697315707926,0.28500084687678995
1.1054680738658715,-2.506318956851353,0.28499979440973744
1.1201201827251448,-2.4998095342580235,0.2850003840009217
1.1343039463839817,-2.49339757793068,0.2850009019343226
1.1481629706359904,-2.4870983268712017,0.28500002357184706
1.1616587948722117,-2.4809466176780655,0.2849993301103167
1.1747925467788625,-2.474929411868116,0.2849996319239251
1.1875730495459653,-2.469031487996072,0.2849997831993856
1.199971627006112,-2.4632599892097784,0.2849993039263719
1.2120543828104047,-2.4576304928701855,0.2849994435366124
1.223770411344738,-2.452074547013471,0.28499958440916784
1.235097912549524,-2.446716500531043,0.28499833332422075
1.245956386858026,-2.4414858857576505,0.28499883370073853
1.2562032870322823,-2.4364076241324217,0.28499887574627203
1.2655897868178516,-2.4314776997218157,0.284999085975335
1.2745405749325398,-2.426682885376056,0.28499926111302265
1.2830999365500588,-2.422024173367199,0.2849994064436744
1.291393488742936,-2.4174728306291686,0.28499974927039884
1.2992185777880527,-2.4130511924246463,0.284999797698819
1.3066208048598655,-2.408773652059754,0.2850005269440381
1.3137414429272036,-2.4046595763319605,0.2849999640150829
1.3205212857623794,-2.4006757584776706,0.2849999559156858
1.3267446194907915,-2.3968551162907334,0.28499997104807473
1.3325819628798663,-2.3931804574168942,0.2849999815415311
1.3381723854975804,-2.389595008260952,0.2849999895902091
1.3437448688639897,-2.386138483919395,0.28499999596259856
1.3493088118836902,-2.3828299042812526,0.2850000030703742
1.354704346105436,-2.379670953412784,0.28500000955956173
1.3597711302511224,-2.3766414921054215,0.28500001554551796
1.3646506285303752,-2.373591196626284,0.28500007709446884
1.3693938197088689,-2.370514118048012,0.28499949897483906
1.3737391360042728,-2.3673986448394566,0.2849996584465346
1.3780298355660006,-2.364244755999502,0.28499973619012897
1.382318421232847,-2.361052653024942,0.28499980669591984
1.3866079034403302,-2.357825226279515,0.2849998567802332
1.3911030750353113,-2.3545699885607685,0.2849998929266461
1.39599659594555,-2.351281980942625,0.2849999231629601
1.4008795427539775,-2.3479645455812364,0.28499994851052257
1.4057376201067924,-2.3446184331470676,0.28499996961521784
1.4105668790818982,-2.341442176739932,0.2849997827898122
1.415054331399879,-2.3380156288520886,0.28499987637649915
1.4199290108857194,-2.334499806993926,0.2849999076808284
1.425147716788924,-2.330758934040101,0.28499995261843714
1.4302861997740148,-2.3267645623339095,0.28499999869184445
1.4359050754867597,-2.3225310881121843,0.2850000077574433
1.4420347650892646,-2.3180583450908423,0.28500001336788217
1.4484605386964964,-2.3133441819894056,0.28500001586336715
1.4551636472271618,-2.3083892483934965,0.28499990003258896
1.4620129533448658,-2.3033118452618426,0.28499992228475934
1.4689646149226028,-2.2980559515179904,0.2849999473599399
1.4761092914149645,-2.2925267264828237,0.2849999977360616
1.4835467469954087,-2.286655697702367,0.2850000013960733
1.4912417249697867,-2.2805385685033555,0.28500000821716154
1.4992101221573229,-2.2741567652533603,0.28500001320320084
1.5074754978774374,-2.2674965196155177,0.28500001431662075
1.5160361054102662,-2.2605537247002205,0.2850000109464108
1.5248881841767148,-2.2533269232273545,0.28500000273738924
1.534022276581163,-2.245808073414246,0.28499998973204665
1.5434408137453828,-2.238000240101464,0.28499997269375765
1.5529877709402968,-2.2298098579308996,0.2849999867783043
1.5627901659405985,-2.2212779168029697,0.28500000949444376
1.5728700039647623,-2.2124466951428348,0.28500003228384646
1.5832255004352187,-2.2033139708108633,0.285000052854366
1.593775010240461,-2.1939465738278003,0.2850000686649917
1.604342998276794,-2.1845082525677317,0.2850000776579919
1.6149254108895021,-2.1750146219589355,0.28500007884277284
1.6255238720593208,-2.1654649672617206,0.28500007201836614
1.6361410924480604,-2.15585588389833,0.2850000578003131
1.646778369114878,-2.146107028837391,0.28500003738718094
1.6575125738866616,-2.1360587292834166,0.2850000124405581
1.6687145177509044,-2.125703600142013,0.2850000019302109
1.6802409167657932,-2.115038970191517,0.2849995497496647
1.6917963467996069,-2.1042966882263756,0.2849994285668688
1.703473742542407,-2.0932118593059243,0.28499950409134145
1.7152385195557682,-2.0822069002585337,0.28499951629360837
1.726863803229488,-2.071291686935985,0.28500099683110636
1.7384317225570132,-2.0601866875485673,0.2849996234743507
1.7498811465382138,-2.049039849996637,0.2849997030906722
1.7613898262055983,-2.0378768756868784,0.2849999112520193
1.772781463435388,-2.0268624800083495,0.28499996777569764
1.7841583652812456,-2.0156784331476922,0.28500000335313525
1.7955432455790452,-2.004400379305432,0.28500003167507704
1.8068980198116604,-1.9930955289406864,0.28500005041666354
1.8182232947811945,-1.9817658989451234,0.28500005820039764
1.829520365245137,-1.9704132731014044,0.2850000548494855
1.8407922003832458,-1.9590398795668729,0.28500004158823794
1.8520428205046648,-1.9476529755488006,0.28500002178479733
1.8632644036418207,-1.9362493568327233,0.2849999988138746
1.8744741635402375,-1.9248262316179252,0.28499997798472904
1.8857269787747137,-1.9133908491245295,0.28499998787142466
1.896924650085836,-1.9019617394030515,0.28500000725187813
1.9080992209316112,-1.8905089661351226,0.2850000182351089
1.9192514731822838,-1.8790335448334479,0.28500001941931485
1.9303813772783183,-1.8675361853717292,0.28500001065638536
1.9414951242482825,-1.8560048894681056,0.28499999933340453
1.95259311300917,-1.8444055785805018,0.2850000093375436
1.963666005140308,-1.8327812577691363,0.28500001833000416
1.9747134628387906,-1.8211325196001191,0.28500002514028516
1.9856810301946661,-1.8094722608104843,0.28500004944777524
1.9966161038050905,-1.7977985409907262,0.28500006738216405
2.0075129861344263,-1.786091471629584,0.28500007667629407
2.018366466807097,-1.7743458740297906,0.28500007618591383
2.0291748229168047,-1.7625614540022987,0.2850000660205939
2.039934275332386,-1.7507374760535672,0.28500004750086283
2.050475958572084,-1.7390042591055583,0.285000023389965
2.0606947708672707,-1.7275135421592025,0.284999997235883
2.070591175330683,-1.716277059750371,0.28499997434932145
2.080215782318207,-1.7053683006951212,0.2849999866102398
2.0895545567676796,-1.6946998172887477,0.28500000232824685
2.098580999435191,-1.6842853573511065,0.28500001148910414
2.1072956816808186,-1.674125549593876,0.28500001386487905
2.1156997128635533,-1.6642194003242003,0.2850000099134675
2.1237984164756183,-1.6545614162513238,0.2850000022360588
2.131581096009907,-1.645039477875688,0.2850000134757911
2.139053501293551,-1.6357693448125887,0.28500002383695083
2.1462487621022466,-1.6267164311984885,0.2850000326005143
2.1533625270158194,-1.617655669882014,0.2850000392940506
2.160429945457163,-1.608545852041948,0.2850000433171278
2.1674685150726254,-1.599363913237995,0.2850000443079402
2.174478441505962,-1.590098594081825,0.28500005044736954
2.181567468331661,-1.5807253313733676,0.28500005966852116
2.188875407070842,-1.5710548912435434,0.2850000650131429
2.1963749720205765,-1.5610413364038191,0.285000065389348
2.204065078729572,-1.5506838671473915,0.2850000603982913
2.211960756541394,-1.5399891272908421,0.2850000501943203
2.220064232943031,-1.5289571105696547,0.28500003544180064
2.228343369387926,-1.5176217865267876,0.2850000174724672
2.2365890872760836,-1.506262460643366,0.2850000103660749
2.2447876750546625,-1.4949195258058259,0.2850000037950899
2.2529380320891885,-1.4835519267682868,0.28499917996708146
2.2611441710153666,-1.4721307189934405,0.2849993856600713
2.2693094062459562,-1.4604340659805817,0.2849995054968725
2.2774869001698845,-1.4484397589997278,0.28499961701718335
2.2855840003339662,-1.4364700306095488,0.28499972780051197
2.293523034615387,-1.424476749632651,0.284999705226124
2.3013234061394185,-1.4123934371811708,0.2849994825966143
2.3092739433880896,-1.3999600158763925,0.284999598734205
2.3174891200874352,-1.38714588223627,0.2849997793565036
2.325804497841951,-1.3740019258658989,0.2849985941951627
2.3342964683925067,-1.3606629114982285,0.28499943202549344
2.342921926295252,-1.3473186509906236,0.28499955115026254
2.3515059120245816,-1.334004345135571,0.28499964572269537
2.3600364726672045,-1.3207341807006665,0.2849997720981646
2.368518140716314,-1.3075230670546898,0.28499986828052243
2.3769515111277144,-1.2943766127541847,0.28499991657228085
2.3853376268217334,-1.2809860452864756,0.2849999437611989
2.3936700964396764,-1.267526752316685,0.2849994185474871
2.401962027752359,-1.2540976394907064,0.28499944900385416
2.410119171915565,-1.240702876767718,0.2849996370183525
2.4179707086143356,-1.2270789549662533,0.28499970954501924
2.42551847614645,-1.2136733177288554,0.28499995706006565
2.432839894702467,-1.2004973589830812,0.28499998715263997
2.4398933740020263,-1.1874894778801175,0.2850000150677979
2.446680653020699,-1.1746642679712753,0.2850000385911681
2.453203581356616,-1.16211121496177,0.2850000561338786
2.4594932334919144,-1.149804105455465,0.285000066858101
2.465610487652773,-1.1376808570751344,0.28500007052822585
2.4716350133794545,-1.1256758741828057,0.28500006715615755
2.47752920949958,-1.1138008674612252,0.2850000573281752
2.4833475492099653,-1.1020376034414685,0.2850000420060277
2.4890295067764994,-1.0904061602058484,0.2850000229212396
2.4944515016337783,-1.0789433113403124,0.2850000045283397
2.4995441086582417,-1.0676948187028361,0.28500000263193354
2.504502453413053,-1.056827338211716,0.2850000008581374
2.5093948194964457,-1.0461697951761466,0.285000008382956
2.5142303562114594,-1.036305639731175,0.28500002165783117
2.519007601294059,-1.0265946198497045,0.28499915073228904
2.523712012786198,-1.0168389033103686,0.28500029014767686
2.528402314680851,-1.0072074708209042,0.28500024037372446
2.533048467010679,-0.9976833788913089,0.28500019164023416
2.5376489779518203,-0.9882712368955098,0.2850001174582547
2.542207840017118,-0.9785830226206165,0.28499990477534287
2.546792190122213,-0.9681375852797451,0.28499996255216864
2.5513006413666504,-0.9574440830552775,0.28499999745919374
2.5557836466388464,-0.946725496108604,0.28500002394450863
2.5603279775721246,-0.9357876132664387,0.28500003441573585
2.5648516094424743,-0.9239288066451391,0.28500005184019855
2.569456209360113,-0.9115557602711915,0.2850000654446326
2.574243527845276,-0.8987906618057685,0.2850000735074655
2.57923055923289,-0.885632393094359,0.2850000748350268
2.584432219980785,-0.8720800695223468,0.2850000688321952
2.5898255857476604,-0.8581417837749087,0.28500005564642705
2.595343617756441,-0.843833442217264,0.28500003630452375
2.600983431552938,-0.8291553285244203,0.28500001271939795
2.606743789286823,-0.8141081632179616,0.2849999877475774
2.6125977423927753,-0.7988986393236276,0.28499998133882604
2.6184514024922647,-0.7838723802992261,0.2849999905737139
2.6242446230030456,-0.7695178458805725,0.285000007693426
2.6300038078686643,-0.7551947099501027,0.2850000181681861
2.6356449176722276,-0.7410418764482996,0.2850000207637349
2.6410855030332243,-0.7272169119855685,0.28500002523606627
2.64632450437701,-0.7134306194218097,0.2850000392559928
2.6513626983828265,-0.6996270295867991,0.2850000492483058
2.6562021513864,-0.6858042174444243,0.28500005425504576
2.660844982754988,-0.6721006143969704,0.285000053907858
2.6652932361056374,-0.6587282801017976,0.2850000485718285
2.6695802730251046,-0.6456826585932457,0.28500005037038617
2.6736986705500474,-0.6329688126822411,0.2850000540261122
2.677631079642163,-0.6205917777034345,0.2850000527595167
2.6813795948698536,-0.6085524632851669,0.285000047267252
2.6849463873742625,-0.5968527090244593,0.28500003853131467
2.6883336931360917,-0.5854925133720468,0.28500002767436605
2.6915464074712783,-0.5744801208107192,0.285000015864739
2.6945921532075325,-0.563831765507901,0.2850000044321273
2.6974798698390328,-0.553656166654678,0.28500000698096484
2.7002018998605477,-0.5438906521953065,0.2850000108305286
2.702766195973029,-0.534501693285182,0.2850000116380638
2.7051556668565313,-0.525518518598407,0.2849990673643819
2.707407298485987,-0.5169348748600924,0.2849992343666836
2.7094505507110234,-0.509052486322352,0.284999369535033
2.7113465743280267,-0.5017201103669152,0.284999480835581
2.7131943972297528,-0.49445364123550295,0.28499957429050776
2.7150211345147444,-0.48726868115002664,0.2849996529825727
2.7168424111733813,-0.4804442801792801,0.28499971785705286
2.7184476216600975,-0.47406811858084125,0.28499982276994
2.7196469152883567,-0.46782154706879403,0.28499986186851367
2.720830222793884,-0.4615853824761994,0.284999894227655
2.721981129184119,-0.4553177549588746,0.2849999282185028
2.7231006967259366,-0.4489846110148349,0.28499995366625563
2.724185400765947,-0.44266140850931746,0.2849999758469934
2.7251924376647416,-0.43647432781725526,0.28499999478427085
2.726086216263959,-0.4306338910094355,0.2850000106429797
2.726870699233443,-0.4251461748701916,0.28500002379322714
2.72755256205334,-0.42000823091376294,0.28500003460513673
2.72819587493306,-0.4149864747993979,0.28500004341239094
2.728821691496628,-0.410016903474456,0.2850000669081317
2.7294438963825525,-0.4050688156060262,0.2850000703512495
2.7300605826519173,-0.40012014021507974,0.28500007307399927
2.7306837780409547,-0.39517090752114425,0.28500007508888825
2.731359039606343,-0.3902211113102429,0.28500007642301006
2.7320933667336273,-0.3851804888581063,0.2849999304257172
2.732930694321059,-0.3800387589594132,0.2849999566007061
2.733851358020286,-0.3748965326282508,0.28499997668549226
2.734853859904517,-0.36975360705476734,0.28499999136531157
2.7359365601348373,-0.36447800346534326,0.2850000012391547
2.7370978995251485,-0.3588004169632597,0.28500000672568515
2.738336397592487,-0.35271236509190834,0.2850000082310475
2.7396508825702446,-0.3462135754602606,0.2850000227158394
2.741039599650293,-0.33930227625628046,0.2850000155126486
2.74249893173384,-0.3319882385012129,0.28500000722356933
2.7440269096754633,-0.32428618879062254,0.28499999844348756
2.7456223638180446,-0.31623032483989166,0.28499999108719093
2.7472832306091406,-0.3077735342724685,0.28499946955003924
2.748972511856698,-0.2990609051031777,0.2849995580549859
2.750580804835687,-0.290665604931566,0.28499962803476386
2.7520900614328268,-0.2826236191933529,0.28499991001891195
2.7535164980701574,-0.27460166525029434,0.28499938963396243
2.754845743303606,-0.2665918679441629,0.28499950292447274
2.7560770208532284,-0.25799140143457294,0.2849996177054375
2.757214229953048,-0.2494584186742257,0.28499969280310317
2.7583140221377445,-0.24129263215613697,0.28499951968150605
2.7592705453630018,-0.23345843495367652,0.28499960751031106
2.7601456093055154,-0.22601518311746466,0.2849996813177073
2.7609497126616196,-0.2189624617004179,0.2849997507574998
2.761676135496374,-0.2123176173156861,0.284999809695643
2.7623296230535668,-0.20607729186226298,0.28499991945314995
2.762903920656929,-0.20020103373074,0.28499994813235274
2.7634045779064933,-0.19471753315780502,0.2849999718585118
2.763833174762247,-0.1896579642316935,0.2849999913127953
2.764193391929283,-0.18501925828419707,0.28500005207643864
2.7644825317094037,-0.18077559109496605,0.2850000569402487
2.7647042100468346,-0.17692444766022758,0.2850000608994269
2.7648599851507285,-0.1734656670024417,0.2850000641076338
2.7649844722926415,-0.1701891212088525,0.285000066824441
2.765105304261056,-0.1669226068578666,0.2850000690847739
2.7652276259375275,-0.16363325176559043,0.28500007092575885
2.7653534606769834,-0.1603074849250703,0.285000072344452
2.7654779328057026,-0.1569770401374243,0.2850000733568746
2.7656012931636687,-0.1536403641334283,0.28500007397356386
2.7657226834324864,-0.150303395462724,0.2850000742060784
2.765842470649366,-0.14696267619007314,0.28500007242125897
2.765960002204759,-0.14362514807458926,0.28500007229487306
2.7660766049230308,-0.14028074746625352,0.28500007164725566
2.76619078602039,-0.13694009891736267,0.28500007062325194
2.7663032997194397,-0.13359809572899062,0.28500006923972976
2.7664174365885987,-0.13023086447026655,0.28500006750285933
2.766534818649019,-0.12682618129262696,0.2850000653939586
2.7666502458746556,-0.12342217539105584,0.2850000629737857
2.766764010879007,-0.12001689460665826,0.2850000602583912
2.7668777589565843,-0.11659790719453604,0.2850000572612149
2.766992631838436,-0.11315633988829325,0.28500005398537936
2.7671126256092955,-0.1096605740497441,0.28500005040271836
2.7672318930718793,-0.10615589675767491,0.28500004658933276
2.7673491289922225,-0.10265280507674195,0.2850000425816695
2.7674650951826463,-0.09914538723025233,0.28500003839856536
2.7675788903054435,-0.09564118080331455,0.2850000340745378
2.767691455994206,-0.0921326890628023,0.2850000296249916
2.767802335341423,-0.08862388946421905,0.2850000250832774
2.7679115972595767,-0.08511440626863297,0.285000020476585
2.7680228600313943,-0.08159223367150963,0.28500008700885004
2.768128724873406,-0.07807989223621854,0.2850000694311594
2.7682375968315887,-0.07453203564502413,0.28500005414511026
2.7685037921129636,-0.07098365631443133,0.28500001782568535
2.7688380385824245,-0.06741047405584008,0.2849995438388966
2.768944679901284,-0.06388732959211656,0.28499962172551885
2.7690449904781076,-0.060365453035834515,0.28499968482786864
2.7691456331181907,-0.056843754945042305,0.284999913912377
2.7692453682556377,-0.05334642731983766,0.2849992857852739
2.769429363851086,-0.04983375494820241,0.28499975607926886
2.7697438766888265,-0.04631349230718379,0.2849998040816233
2.770082009672686,-0.04280411432155479,0.2849998419081239
2.7704139942653527,-0.03933225472411428,0.2849998723187653
2.770741653696846,-0.035864574824788276,0.2849998969070533
2.771030057896214,-0.03245713692354053,0.28499991400619995
2.7712595931177186,-0.02910472824942424,0.2849999278796282
2.771431265523068,-0.02581076127745946,0.28499993906955506
2.771547238221244,-0.022597432596217062,0.2849999480249563
2.7716095066664455,-0.01943704368107596,0.2849999551115783
2.771650561220029,-0.016321785056221394,0.28499996050750465
2.771681987647211,-0.013261712057068428,0.2849999645784614
2.7717039496143063,-0.01025282514870264,0.28499996755741874
2.771709587017779,-0.0073118058429674365,0.28499996964791346
2.771608894480483,-0.0047376170970433035,0.2849992967990719
2.7715724630912635,-0.002398617982072679,0.28499942331023576
2.7715627207947304,-0.0008271530139541822,0.28499952380533844
2.7715546011969066,0.000286958791236816,0.28499960601034807
2.7715503996651414,0.0013509046482529097,0.28499967307595486
2.7715515791801435,0.0023770243247961675,0.284999727859401
2.7715588869054293,0.00340091135437158,0.28499977315863445
2.7715727486197914,0.004430497977947423,0.2849998108879019
2.771593612925325,0.0054644284713983166,0.28499984244069
2.7716207740530363,0.0065016868914793136,0.28499986895719126
2.771648624657002,0.007542803741167836,0.28499989138071075
2.7716778190978717,0.008586631171955822,0.28499991053096974
2.7717166095537533,0.009726259634391027,0.2849999273982599
2.7717716092463216,0.01124300408640587,0.28499994274383844
2.771843380644916,0.013169262179599059,0.2849999569466707
2.771908780958728,0.015226229614283132,0.28499996881366485
2.771958024284865,0.017357866273217726,0.2849999922241575
2.7720158353768256,0.019653562883581985,0.2850001379488603
2.7720335478099556,0.021889215170737275,0.2850000712993316
2.7720358090238957,0.024073617312754855,0.28500006313066983
2.772023153947302,0.026143539986517708,0.2850000561378636
2.7719959049018135,0.02780372356528496,0.2850000500002552
2.7719543678718574,0.029039161604052857,0.2850000444488578
2.771906823444518,0.030054945260492308,0.2850000396652287
2.7718609162825953,0.03104562421492689,0.28500003575499067
2.7718166087460663,0.03201118006737899,0.28500003261511436
2.7717739735264435,0.03295162585568856,0.2850000300771709
2.7717330141935954,0.033866952948305176,0.2850000280446683
2.7716938143580006,0.034757176764081466,0.28500002648896805
2.7716752520584134,0.03562773736549406,0.28500002533263935
2.771702744360443,0.03648593188988403,0.2850000244994546
2.7717312173480337,0.03731870200946476,0.2850000240628198
2.7717021830891877,0.0381091776978215,0.28500002440847644
2.7716693521778084,0.03887291450050333,0.28500002488025467
2.7716378400225037,0.03961138469955615,0.28500002545681447
2.771607622202848,0.040324574672829544,0.2850000261102308
2.7715786753832163,0.04101247136622006,0.2850000268176723
2.7715509772854294,0.04167506228778632,0.28500002756058157
2.771524506662583,0.04231233550074796,0.28500002832389815
2.7714992432741337,0.04292427961564585,0.28500002909542216
2.7714751678622034,0.04351088378193506,0.28500002986529244
2.771452262129059,0.04407213767923003,0.28500003062555934
2.7714305087157713,0.044608031508378415,0.2850000313698346
2.7714098911819693,0.04511855598250482,0.285000032093004
2.771390393986716,0.04560370231813772,0.28500003279099184
2.771372002470443,0.0460634622265097,0.28500003346056796
2.771354702837942,0.04649782790510229,0.2850000340991888
2.771338482142367,0.046906792029492286,0.28500003470486746
2.771323328270244,0.04729034774554257,0.2850000352760667
2.7713092299274757,0.04764848866197367,0.28500003581161065
2.7712961766262794,0.04798120884334005,0.28500003631061305
2.771284158673088,0.04828850280343383,0.28500003677241725
2.7712731671573776,0.048570365499129145,0.2850000371965479
2.771263193941395,0.04882679232467957,0.2850000375826697
2.771254231650795,0.049057779106476185,0.2850000379305554
2.7712462736661556,0.0492633220982721,0.2850000382400573
2.771239314115364,0.049443417976877665,0.2850000385110857
2.7712333478668736,0.04959806383832853,0.28500003874358937
2.771228370523801,0.04972725719452917,0.2850000389375414
2.7712243784188773,0.049830995970370884,0.28500003909292565
2.7712213686102367,0.049909278501327606,0.2850000392097273
2.771219338878028,0.04996210353152754,0.28500003928792395
2.771218287721868,0.049989470212302295,0.28500003932747897
2.7712181508394025,0.04999303392143925,0.28500003933218443
2.7712181508394025,0.04999303392143925,0.28500003933218443
2.7712181508394025,0.04999303392143925,0.28500003933218443
2.7712181508394025,0.04999303392143925,0.28500003933218443
2.7712181508394025,0.04999303392143925,0.28500003933218443
2.7712181508394025,0.04999303392143925,0.28500003933218443
2.7712181508394025,0.04999303392143925,0.28500003933218443
2.7712181508394025,0.04999303392143925,0.28500003933218443
2.7712181508394025,0.04999303392143925,0.28500003933218443
2.7712181508394025,0.04999303392143925,0.28500003933218443
2.7712181508394025,0.04999303392143925,0.28500003933218443
2.7712181508394025,0.04999303392143925,0.28500003933218443
2.7712181508394025,0.04999303392143925,0.28500003933218443
2.7712181508394025,0.04999303392143925,0.28500003933218443
2.7712181508394025,0.04999303392143925,0.28500003933218443
2.7712181508394025,0.04999303392143925,0.28500003933218443
2.7712181508394025,0.04999303392143925,0.28500003933218443
2.7712181508394025,0.04999303392143925,0.28500003933218443
2.7712181508394025,0.04999303392143925,0.28500003933218443
2.7712181508394025,0.04999303392143925,0.28500003933218443
2.7712181508394025,0.04999303392143925,0.28500003933218443
2.7712181508394025,0.04999303392143925,0.28500003933218443
2.7712181508394025,0.04999303392143925,0.28500003933218443
2.7712181508394025,0.04999303392143925,0.28500003933218443
2.7712181508394025,0.04999303392143925,0.28500003933218443
2.7712181508394025,0.04999303392143925,0.28500003933218443
2.771218158805173,0.049994669488189314,0.2850000393486313
2.7712256144990843,0.05022454814068872,0.2850000394573676
2.771246036610341,0.050854216962742976,0.2850000396204251
2.771279336565577,0.05188596902863142,0.28500003971810156
2.7713247816115727,0.053338764829632054,0.28500004001928486
2.771382192784779,0.05521681091158882,0.28500004034915727
2.7714515438866387,0.05752010892002307,0.28500004066089435
2.771532799605809,0.06024866120797759,0.28500004090043607
2.7716259149931037,0.06340247068701996,0.2850000410345732
2.7717312158372254,0.06698165035385178,0.2850000411948467
2.771847834678915,0.07080470468728935,0.28500004530940376
2.771976115286958,0.07483125713062562,0.2850000499589275
2.7721159817383496,0.07923220494735297,0.2850000545289899
2.772267345468729,0.08400754686371525,0.2850000588103174
2.77243010925253,0.08915728137197801,0.2850000625690063
2.772604167295039,0.09468140675930707,0.28500006554802176
2.7727894053332274,0.10057992109445363,0.28500006746712436
2.7729857007218888,0.10685282220475364,0.2850000680400782
2.7731929225372736,0.11350010766016101,0.2850000669905302
2.773410931691998,0.12052177475656163,0.28500006407242034
2.7736395810693417,0.1279178204806668,0.28500005909464815
2.7738787157073617,0.13568824142990818,0.285000051954709
2.7741281731316128,0.1438330335734539,0.28500004266667933
2.7743872751927348,0.15235334701007308,0.2849993221115187
2.774653091476384,0.16124747984877652,0.2849995239296983
2.7749301057686995,0.17054943674578954,0.28499983725865863
2.7752165382956564,0.1802078646940678,0.2849998683304518
2.7755097632206662,0.19025079827542027,0.28499989624369754
2.7758119888158324,0.2006739328330816,0.28500007222670304
2.776132937410395,0.21147507203881633,0.2850000647985721
2.776474821353826,0.22265693187467006,0.2850000321906903
2.776816285318325,0.2341594029696098,0.2850000093111622
2.777106799620343,0.24622340140777865,0.28499943377149
2.777386595377774,0.25835386444421726,0.28499954954716145
2.7776592827190894,0.2700636088429322,0.28499979151836097
2.777916349363871,0.2813561774211294,0.2849998459239702
2.7781623136407587,0.2922181763572485,0.2849996575866966
2.7784163500857146,0.302659998735097,0.2849997746629894
2.7786432735995508,0.31267743379411006,0.2849998310389447
2.7788559389390812,0.32226877551483174,0.2849998755474164
2.779057693602479,0.33143200356787145,0.2849997243156793
2.779249072381775,0.34017258973270165,0.28499978543715176
2.7794332538386315,0.34848880238233404,0.2849998342903614
2.779613238096003,0.35638113174302,0.2849998741104075
2.7797741708422032,0.3638455495522805,0.2849999076407739
2.779925104209651,0.37088456775745554,0.2849999345702538
2.7800661661558124,0.3774981771067046,0.2849999560087714
2.7801974762056596,0.38368636901357395,0.28499997291218937
2.7803191457093157,0.3894491355294222,0.2849999861005476
2.780403538053809,0.3947779465754684,0.28500001176941164
2.780516661727003,0.39969402385501895,0.2850000253825133
2.780628104071063,0.40419019181305016,0.28500002740768393
2.7807277403026305,0.40825918587368176,0.28500002861230483
2.7808032312944384,0.4118946678341314,0.2850000291581924
2.7808695122520426,0.4151046992611542,0.285000029306772
2.780926641949358,0.4178892716575656,0.28500002921650575
2.78097481276763,0.42024744007823966,0.2850000837948313
2.781002977516972,0.4221755030863008,0.2850000756050922
2.781032856357844,0.4236837907261305,0.2850000669463037
2.7810537711727736,0.4247665863709166,0.2850000599238398
2.7810657453839824,0.4254238917787087,0.2850000542977522
2.7810688029059487,0.42565601665196073,0.28500004987743094
2.7810681555057384,0.42567845238550694,0.2850000464441823
2.781068122305345,0.42567960948839656,0.2850000459884114
2.781068122305345,0.42567960948839656,0.2850000459884114
2.781068122305345,0.42567960948839656,0.2850000459884114
2.781068122305345,0.42567960948839656,0.2850000459884114
2.781068122305345,0.42567960948839656,0.2850000459884114
2.781068122305345,0.42567960948839656,0.2850000459884114
2.781068122305345,0.42567960948839656,0.2850000459884114
2.781068122305345,0.42567960948839656,0.2850000459884114
2.781068122305345,0.42567960948839656,0.2850000459884114
2.781068122305345,0.42567960948839656,0.2850000459884114
2.781068122305345,0.42567960948839656,0.2850000459884114
2.781068122305345,0.42567960948839656,0.2850000459884114
2.781068122305345,0.42567960948839656,0.2850000459884114
2.781068122305345,0.42567960948839656,0.2850000459884114
2.781068122305345,0.42567960948839656,0.2850000459884114
2.781068122305345,0.42567960948839656,0.2850000459884114
2.781068122305345,0.42567960948839656,0.2850000459884114
2.781068122305345,0.42567960948839656,0.2850000459884114
