x,y,z
0.27066975701858786,-2.97887524121984,2.6880238264906304
0.27066975701858786,-2.97887524121984,2.6880238264906304
0.27066975701858786,-2.97887524121984,2.6880238264906304
0.27066975701858786,-2.97887524121984,2.6880238264906304
0.27066975701858786,-2.97887524121984,2.6880238264906304
0.27066975701858786,-2.97887524121984,2.6880238264906304
0.27066975701858786,-2.97887524121984,2.6880238264906304
0.27066975701858786,-2.97887524121984,2.6880238264906304
0.27066975701858786,-2.97887524121984,2.6880238264906304
0.27066975701858786,-2.97887524121984,2.6880238264906304
0.27066975701858786,-2.97887524121984,2.6880238264906304
0.27066975701858786,-2.97887524121984,2.6880238264906304
0.27066975701858786,-2.97887524121984,2.6880238264906304
0.27066975701858786,-2.97887524121984,2.6880238264906304
0.27066975701858786,-2.97887524121984,2.6880238264906304
0.27066975701858786,-2.97887524121984,2.6880238264906304
0.27066975701858786,-2.97887524121984,2.6880238264906304
0.27066975701858786,-2.97887524121984,2.6880238264906304
0.27066975701858786,-2.97887524121984,2.6880238264906304
0.27066975701858786,-2.97887524121984,2.6880238264906304
0.27066975701858786,-2.97887524121984,2.6880238264906304
0.27066975701858786,-2.97887524121984,2.6880238264906304
0.27066975701858786,-2.97887524121984,2.6880238264906304
0.27066975701858786,-2.97887524121984,2.6880238264906304
0.27066975701858786,-2.97887524121984,2.6880238264906304
0.27066975701858786,-2.97887524121984,2.6880238264906304
0.27066975701858786,-2.97887524121984,2.6880238264906304
0.27066975701858786,-2.97887524121984,2.6880238264906304
0.27066975701858786,-2.97887524121984,2.6880238264906304
0.27066975701858786,-2.97887524121984,2.6880238264906304
0.27066975701858786,-2.97887524121984,2.6880238264906304
0.27066975701858786,-2.97887524121984,2.6880238264906304
0.27066975701858786,-2.97887524121984,2.6880238264906304
0.27066975701858786,-2.97887524121984,2.6880238264906304
0.27066975701858786,-2.97887524121984,2.6880238264906304
0.27066975701858786,-2.97887524121984,2.6880238264906304
0.27066975701858786,-2.97887524121984,2.6880238264906304
0.27066975701858786,-2.97887524121984,2.6880238264906304
0.27066975701858786,-2.97887524121984,2.6880238264906304
0.27066975701858786,-2.97887524121984,2.6880238264906304
0.27066975701858786,-2.97887524121984,2.6880238264906304
0.27066975701858786,-2.97887524121984,2.6880238264906304
0.27066975701858786,-2.97887524121984,2.6880238264906304
0.27066975701858786,-2.97887524121984,2.6880238264906304
0.27066975701858786,-2.97887524121984,2.6880238264906304
0.27066975701858786,-2.97887524121984,2.6880238264906304
0.27066975701858786,-2.97887524121984,2.6880238264906304
0.27066975701858786,-2.97887524121984,2.6880238264906304
0.27066975701858786,-2.97887524121984,2.6880238264906304
0.27066975701858786,-2.97887524121984,2.6880238264906304
0.27066975701858786,-2.97887524121984,2.6880238264906304
0.27066975701858786,-2.97887524121984,2.6880238264906304
0.27066975701858786,-2.97887524121984,2.6880238264906304
0.27066975701858786,-2.97887524121984,2.6880238264906304
0.27066975701858786,-2.97887524121984,2.6880238264906304
0.27066975701858786,-2.97887524121984,2.6880238264906304
0.27066975701858786,-2.97887524121984,2.6880238264906304
0.27066975701858786,-2.97887524121984,2.6880238264906304
0.27066975701858786,-2.97887524121984,2.6880238264906304
0.27066975701858786,-2.97887524121984,2.6880238264906304
0.27066975701858786,-2.97887524121984,2.6880238264906304
0.27066975701858786,-2.97887524121984,2.6880238264906304
0.27066975701858786,-2.97887524121984,2.6880238264906304
0.27066975701858786,-2.97887524121984,2.6880238264906304
0.27066975701858786,-2.97887524121984,2.6880238264906304
0.27066975701858786,-2.97887524121984,2.6880238264906304
0.27066975701858786,-2.97887524121984,2.6880238264906304
0.27066975701858786,-2.97887524121984,2.6880238264906304
0.27066975701858786,-2.97887524121984,2.6880238264906304
0.27066975701858786,-2.97887524121984,2.6880238264906304
0.27066975701858786,-2.97887524121984,2.6880238264906304
0.27066975701858786,-2.97887524121984,2.6880238264906304
0.27066975701858786,-2.97887524121984,2.6880238264906304
0.27066975701858786,-2.97887524121984,2.6880238264906304
0.27066975701858786,-2.97887524121984,2.6880238264906304
0.27066975701858786,-2.97887524121984,2.6880238264906304
0.27066975701858786,-2.97887524121984,2.6880238264906304
0.27066975701858786,-2.97887524121984,2.6880238264906304
0.27066975701858786,-2.97887524121984,2.6880238264906304
0.27066975701858786,-2.97887524121984,2.6880238264906304
0.27066975701858786,-2.97887524121984,2.6880238264906304
0.27066975701858786,-2.97887524121984,2.6880238264906304
0.27066975701858786,-2.97887524121984,2.6880238264906304
0.27066975701858786,-2.97887524121984,2.6880238264906304
0.27066975701858786,-2.97887524121984,2.6880238264906304
0.27066975701858786,-2.97887524121984,2.6880238264906304
0.27066975701858786,-2.97887524121984,2.6880238264906304
0.27066975701858786,-2.97887524121984,2.6880238264906304
0.27066975701858786,-2.97887524121984,2.6880238264906304
0.27066975701858786,-2.97887524121984,2.6880238264906304
0.27066975701858786,-2.97887524121984,2.6880238264906304
0.27066975701858786,-2.97887524121984,2.6880238264906304
0.27066975701858786,-2.97887524121984,2.6880238264906304
0.27066975701858786,-2.97887524121984,2.6880238264906304
0.27066975701858786,-2.97887524121984,2.6880238264906304
0.27066975701858786,-2.97887524121984,2.6880238264906304
0.27066975701858786,-2.97887524121984,2.6880238264906304
0.27066975701858786,-2.97887524121984,2.6880238264906304
0.27066975701858786,-2.97887524121984,2.6880238264906304
0.27066975701858786,-2.97887524121984,2.6880238264906304
0.27066975701858786,-2.97887524121984,2.6880238264906304
0.27066975701858786,-2.97887524121984,2.6880238264906304
0.27066975701858786,-2.97887524121984,2.6880238264906304
0.27066975701858786,-2.97887524121984,2.6880238264906304
0.27066975701858786,-2.97887524121984,2.6880238264906304
0.27066975701858786,-2.97887524121984,2.6880238264906304
0.27066975701858786,-2.97887524121984,2.6880238264906304
0.27066975701858786,-2.97887524121984,2.6880238264906304
0.27066975701858786,-2.97887524121984,2.6880238264906304
0.27066975701858786,-2.97887524121984,2.6880238264906304
0.27066975701858786,-2.97887524121984,2.6880238264906304
0.27066975701858786,-2.97887524121984,2.6880238264906304
0.27066975701858786,-2.97887524121984,2.6880238264906304
0.27066975701858786,-2.97887524121984,2.6880238264906304
0.27066975701858786,-2.97887524121984,2.6880238264906304
0.27066975701858786,-2.97887524121984,2.6880238264906304
0.27066975701858786,-2.97887524121984,2.6880238264906304
0.27066975701858786,-2.97887524121984,2.6880238264906304
0.27066975701858786,-2.97887524121984,2.6880238264906304
0.27066975701858786,-2.97887524121984,2.6880238264906304
0.27066975701858786,-2.97887524121984,2.6880238264906304
0.27066975701858786,-2.97887524121984,2.6880238264906304
0.27066975701858786,-2.97887524121984,2.6880238264906304
0.27066975701858786,-2.97887524121984,2.6880238264906304
0.27066975701858786,-2.97887524121984,2.6880238264906304
0.27066975701858786,-2.97887524121984,2.6880238264906304
0.27066975701858786,-2.97887524121984,2.6880238264906304
0.27066975701858786,-2.97887524121984,2.6880238264906304
0.27066975701858786,-2.97887524121984,2.6880238264906304
0.27066975701858786,-2.97887524121984,2.6880238264906304
0.27066975701858786,-2.97887524121984,2.6880238264906304
0.27066975701858786,-2.97887524121984,2.6880238264906304
0.27066975701858786,-2.97887524121984,2.6880238264906304
0.27066975701858786,-2.97887524121984,2.6880238264906304
0.27066975701858786,-2.97887524121984,2.6880238264906304
0.2706694252189471,-2.9788289265252796,2.6879922423863616
0.2706698156615415,-2.9785032053662523,2.687770111725465
0.2706705765233845,-2.977868495933353,2.6873372617291755
0.2706717078424904,-2.9769247982319484,2.686693692403582
0.27067320967577224,-2.975672112262371,2.6858394037276145
0.27067508209832714,-2.974110438031853,2.6847743956882404
0.2706773252012613,-2.9722397755681893,2.683498668319464
0.27067993909269544,-2.9700601249101926,2.682012221665425
0.27068292389427706,-2.967571486149387,2.6803150558092357
0.27068627974622705,-2.9647738592828334,2.6784071707558423
0.2706900067873001,-2.961667244447608,2.676288566611763
0.2706941051612024,-2.9582516417614384,2.673959243460462
0.2706985749956814,-2.9545270514204405,2.671419201413633
0.2707034163784008,-2.9504934736349204,2.668668440532597
0.2707086292440524,-2.9461509085329407,2.66570696060029
0.2707142046530404,-2.941499366825527,2.6625347446335144
0.27072058368743124,-2.936512206368575,2.6591346598450496
0.27072682603333026,-2.9312427847389984,2.655540869635581
0.2707335740445579,-2.925632939439681,2.651714725217966
0.2707408640073302,-2.919645870036073,2.647663736808412
0.27074844403149273,-2.9131585506618283,2.64323813884572
0.2707563532860934,-2.9064412658537226,2.638660355705534
0.27076419402235274,-2.899867320096205,2.6341715708419087
0.2707719096178627,-2.893400445232312,2.6298444717376146
0.2707793513535727,-2.887206146314745,2.625719956137592
0.270786415154855,-2.8813136506727206,2.6217305019692554
0.2707937745747158,-2.8757337841314485,2.6179041114243833
0.2707999572531604,-2.8704592281266565,2.614287926594304
0.27080579570773705,-2.865493163249395,2.610883314078127
0.27081090767894034,-2.8608358580376803,2.6077590420610726
0.27081652423726993,-2.8564951401729637,2.6048611015272036
0.2708215095209237,-2.852282749601396,2.6019900079451936
0.2708263901527801,-2.8480593132166705,2.599088820461968
0.27083143469097426,-2.8438093152870114,2.596169199492954
0.2708365409925215,-2.8395328778436197,2.5932299973432436
0.2708416678914807,-2.835234160500943,2.590301114611808
0.27084722937298233,-2.8309406228080496,2.5875089176676123
0.2708524038955803,-2.826605603975966,2.584649878123488
0.27085714256530624,-2.8222536445850475,2.581718455940331
0.2708624259671638,-2.8181389102728565,2.5788523048215484
0.27086753300469535,-2.81382456836284,2.5758673656265056
0.2708727352537022,-2.8094559335823366,2.572845891677641
0.27087796285312216,-2.805069523586778,2.5698118673760506
0.2708831634804968,-2.800692660715854,2.566853270495404
0.27088845346718554,-2.796297221956795,2.5639288555389
0.2708937616844521,-2.7918971009070024,2.5609801583245027
0.27089907487837966,-2.7874814120190248,2.5580213454475356
0.27090441688452305,-2.7830436806518235,2.5550522360175147
0.2709097766303128,-2.7785967044384474,2.5520913718145444
0.27091514251676296,-2.774149931313765,2.5491438857888338
0.2709216225239157,-2.769707740534474,2.5462057247741297
0.27092618153163384,-2.7657572981356826,2.5435738545614295
0.27092986066173785,-2.762554096697998,2.541403331305767
0.27093237572163825,-2.7599073583237486,2.539609214390269
0.27093540966570107,-2.757331423836008,2.537825031424405
0.2709384263632096,-2.7547770380048577,2.536005494700802
0.27094142901528007,-2.752230962853548,2.534178795693141
0.27094443466162765,-2.749689298490295,2.5323615422204764
0.2709473594957913,-2.7472156995584256,2.5305906591650507
0.2709501726866927,-2.7448287595183847,2.5288604160710646
0.270952941528893,-2.7424893357138593,2.5271552721924455
0.2709555279141772,-2.7402880745450133,2.5255520977409565
0.27095798523355874,-2.738197025166726,2.524029915009129
0.2709603571517224,-2.7361778117923796,2.522558418284476
0.2709627237984045,-2.734163142514676,2.5210906522487466
0.27096563197967904,-2.73214246144279,2.519664210129895
0.2709679965941315,-2.7300506474376,2.518140006999973
0.2709703314720656,-2.727971832609179,2.5166230853591407
0.27097271751070273,-2.7258909333657604,2.515100573130434
0.27097517646611535,-2.723756741769319,2.5135380137284495
0.2709777386897818,-2.721542268179453,2.5119166270632585
0.27098030858230554,-2.719327101868969,2.5102934000448993
0.2709828849038751,-2.7171112702458817,2.5086683762853417
0.2709854664504844,-2.7148948911218143,2.5070414802316705
0.2709880251555149,-2.712682343353187,2.5054004481261907
0.27099099109364044,-2.710448302657257,2.5036935417154815
0.27099369325085454,-2.7080844134285504,2.5019650581937447
0.27099640674585457,-2.7057213164354303,2.5002306657098607
0.2709991359731653,-2.7033556753397794,2.4984951388488206
0.2710018779192668,-2.700987879331297,2.4967578309684098
0.271004630980356,-2.6986178243535175,2.4950187318021415
0.27100739271650565,-2.696245966004403,2.4932770969190536
0.2710099718959912,-2.694017764909706,2.4916739352021655
0.2710122521349977,-2.692045406405289,2.49025663405769
0.27101454195797825,-2.6900935486245645,2.48881001228835
0.27101683112807196,-2.6881406448880356,2.4873556672290187
0.27101912862908617,-2.686182352583016,2.485899810731207
0.27102143459344297,-2.6842185806473147,2.48444302809009
0.2710237422806546,-2.6822537021805246,2.4829852792194607
0.27102605013918163,-2.6802886330023044,2.4815257026710777
0.2710283587861639,-2.6783229245703293,2.4800643385304073
0.27103066818331745,-2.676356473588568,2.478600955928389
0.2710329782369325,-2.6743892507390434,2.4771354485788866
0.27103528070145666,-2.672428066701905,2.475672604227081
0.27103800543281154,-2.670470391291973,2.474221789955735
0.27104017446938244,-2.668554611633268,2.472786768569282
0.27104235796795373,-2.666637070754294,2.4713488480471275
0.2710445505413195,-2.664720359484512,2.4699098809586197
0.2710467483749407,-2.6628060988079367,2.4684710202810694
0.271048927659886,-2.6609131584353864,2.467045976010914
0.2710510803016878,-2.659047322044295,2.4656389531750476
0.2710532480034882,-2.657172348983176,2.464223549832496
0.27105542667244054,-2.655290991056098,2.4628017406479996
0.2710576006161839,-2.653415969332773,2.4613827793682295
0.2710597267177615,-2.6515462337169393,2.4599647351910825
0.27106196330789756,-2.649628038717373,2.4585105547080577
0.27106419844823554,-2.6477109867055892,2.457055371125146
0.2710664271825638,-2.645799220272327,2.4556021640695693
0.27106865508042804,-2.643887963398166,2.4541474121785396
0.2710708818924103,-2.6419773804196707,2.452691221464808
0.2710731068691528,-2.640068049057894,2.451233980413367
0.2710753336646703,-2.6381567633551346,2.449773319688981
0.2710775588161144,-2.6362463723703637,2.448312144467536
0.27107982124560104,-2.6343050524980334,2.446837306990628
0.27108218452691735,-2.632285548892466,2.4453251406018945
0.27108470564737913,-2.6301391519607975,2.4437394003137536
0.27108741206936826,-2.6278412050677744,2.44205890112112
0.27109051437020615,-2.625208208698744,2.4401461063000127
0.27109500841818224,-2.621781168932001,2.4376559834280327
0.27109963024860706,-2.617785817039766,2.4347499176435834
0.27110424379544285,-2.613808503250925,2.4318521600352216
0.27110890699020984,-2.609854981424755,2.4289625753619113
0.2711135626562322,-2.605848254793968,2.4260379208325955
0.27111817163411145,-2.6018896161802054,2.4231466532415373
0.27112267110858185,-2.597962413498956,2.420310625302779
0.2711272887105728,-2.5940287361164667,2.417534202641077
0.2711319118462643,-2.5901013309246785,2.414707050468369
0.2711365197943847,-2.5861776620875854,2.4118279895147445
0.27114111849421885,-2.582256143794661,2.4089439934046144
0.2711457189301745,-2.5783376438512,2.406059611290268
0.27115031593278155,-2.574421591127959,2.40317427529865
0.27115491281852266,-2.5705051484423826,2.4002858047055056
0.27115950068179284,-2.566595966016651,2.39739995959352
0.27116409245440665,-2.562682949510803,2.3945082961670248
0.2711686690704589,-2.55878247021964,2.391623210615491
0.27117324657162206,-2.5548807521915533,2.3887342053205467
0.2711780770369453,-2.5510457206784056,2.385892730071403
0.2711822071341039,-2.547475606063629,2.3832507726888412
0.27118597571772307,-2.5442251405311005,2.3808503917692314
0.2711893812609918,-2.541294017366119,2.3786920003258896
0.2711923060542042,-2.5386818330216636,2.3767791992066165
0.2711950158930285,-2.536379227245644,2.3751528633195487
0.2711973595086673,-2.5343979608197658,2.373726958774417
0.27119949858974,-2.532589243204452,2.3724237665048302
0.27120200258839366,-2.530787524240142,2.3711225321722456
0.27120406153224363,-2.5289883923334324,2.3698241984386237
0.27120594914786955,-2.527189274124593,2.3685330508239124
0.2712080182581328,-2.5253958060040462,2.367192355298624
0.2712101019269,-2.5235965041844715,2.365803419807525
0.27121217921536966,-2.5218012943581583,2.364411173777518
0.2712142614774501,-2.5200026132891358,2.3630162422022924
0.27121634380453896,-2.5182045570143963,2.3616218004587775
0.2712184235053221,-2.5164093313256126,2.3602295582335175
0.27122050887272564,-2.5146096923342647,2.3588338970071416
0.27122294508371564,-2.512814400063152,2.3574413572607744
0.2712249846302029,-2.5110181152115443,2.356100343548663
0.2712268683206147,-2.5092254407728056,2.3548015288787707
0.27122941618857993,-2.5074305427913783,2.353496543083174
0.2712314497185294,-2.505634165755623,2.3521948138131994
0.2712334929394221,-2.5038433418781803,2.350896866275939
0.27123555099360125,-2.5020508532287256,2.349596508698553
0.27123761561402693,-2.5002617364722646,2.3482976702249516
0.2712396844307573,-2.498476316103225,2.3470006007028124
0.27124167163466983,-2.496692276222224,2.345699043802724
0.27124376975152253,-2.4949055324017166,2.3443986007543436
0.2712458603061957,-2.493122647470673,2.343099431434015
0.27124793631353106,-2.4913436777802556,2.3417938924307786
0.27125003469577,-2.489562396714595,2.3404943000282676
0.2712521308331828,-2.487783119943657,2.3391950783872453
0.2712542256478631,-2.486004940713347,2.337895493128492
0.271256320743404,-2.4842263736836294,2.3365943401243094
0.2712584099532212,-2.482452701925685,2.3352958148919307
0.2712605009214296,-2.480677211188847,2.3339945365675545
0.2712625884937695,-2.4789043218737423,2.332694008974221
0.2712650844735994,-2.477130170990047,2.331403928556425
0.2712670955227575,-2.47535951839812,2.3301027586878496
0.2712691151634772,-2.4735925282400792,2.328803145790781
0.2712711466906792,-2.471821155373351,2.32749884255803
0.271273183103808,-2.4700563164284084,2.326198488012856
0.2712751047900057,-2.468300037466433,2.324904581251375
0.27127717195118195,-2.4665470347463074,2.3237026743881124
0.2712792377146019,-2.4648270750536425,2.3225465888042427
0.27128127100778043,-2.4631427139627915,2.321437651037331
0.2712833013656803,-2.461480403251613,2.3203978780865344
0.27128533369146995,-2.459836241392333,2.3194252629662677
0.27128736150467825,-2.4582158526105253,2.318524331604765
0.27128938810218567,-2.4566166029069834,2.3176937000473288
0.27129166567747426,-2.455078004619374,2.3168773132509455
0.27129352226190206,-2.453563746391156,2.3160880940155297
0.2712954704802678,-2.452018146081217,2.315377402564184
0.2712974198037503,-2.450486324356855,2.3146955368157465
0.2712993679943324,-2.4489672695407947,2.31403766162199
0.2713013060811484,-2.447467420672222,2.313408435837715
0.2713032372495926,-2.4459829824052868,2.3128047109052106
0.27130509622153354,-2.4445347738869776,2.3122379028543016
0.27130699295588634,-2.4431011950030115,2.31169661440576
0.2713086319685061,-2.44187604032875,2.311282803628808
0.2713098771460124,-2.4409720038152534,2.3110556325820037
0.2713110865991748,-2.4401034545525064,2.310865764269807
0.2713122995770492,-2.439238351458316,2.31069419525391
0.2713135141588411,-2.438376433593218,2.3105358621911867
0.2713147145308195,-2.4375234156821968,2.3103740121496164
0.27131588481374264,-2.436655606415304,2.3100907557863977
0.2713171235288366,-2.4356651677241605,2.3095457315968524
0.2713185061421628,-2.4345262634987908,2.30881413972312
0.27131993678182365,-2.4333588027114366,2.308087935487738
0.2713214108307992,-2.4321650784235453,2.3073715577853733
0.27132291324662716,-2.4309583159236663,2.3066760450414443
0.27132416583009367,-2.4299667172585537,2.306146231225887
0.2713251604181159,-2.4291872359096605,2.3057523228702914
0.2713260751797304,-2.428450428192132,2.30532058583853
0.27132687886540274,-2.427807152711297,2.304955695207264
0.27132766161728994,-2.427194807900552,2.304649579219702
0.2713284258917264,-2.4266111391598795,2.304400151366875
0.2713291711910337,-2.42605539213064,2.3042036347032036
0.271329897078984,-2.425526880097162,2.304056629854954
0.27133060268345854,-2.4250247695193003,2.3039542059453937
0.2713312696679781,-2.4245379174196344,2.3038146402693473
0.2713319003344386,-2.424048163004146,2.3035800181694492
0.2713325932255849,-2.423466700923152,2.303171359156212
0.27133351950872486,-2.422637139614332,2.3024445479670295
0.2713348980546973,-2.421356191082217,2.30120964215076
0.2713369866016032,-2.419423088559263,2.2993643829295345
0.2713393220700246,-2.4172169589578365,2.2971465736353838
0.27134209193844416,-2.4147754295680546,2.2945675902223046
0.271344804568166,-2.4120958253916758,2.291685518755908
0.2713477520634441,-2.4091852743572386,2.2885307416837177
0.27135094418840777,-2.406031600456094,2.285086810611492
0.27135439442866044,-2.4026175884455325,2.2813315272182524
0.2713580858841999,-2.3989600486281604,2.2772779913974226
0.27136201701794904,-2.3950573574375533,2.2729549856544033
0.27136618025224696,-2.3909029296630067,2.268319498786877
0.27137060341800984,-2.386496353332096,2.263335786114337
0.2713760366134257,-2.3818986790630006,2.2580482750819186
0.2713799137712099,-2.3775050400320543,2.2526102570541773
0.2713837513493103,-2.373265468234038,2.247028242724832
0.2713877886374567,-2.3687749687176076,2.2411826298357025
0.27139235257425554,-2.363926972086957,2.235206204323573
0.27139680971655145,-2.359009106156104,2.2286563175418124
0.27140128822381143,-2.3540413591821547,2.2219068678459486
0.27140623875478864,-2.3486881292294637,2.214839733014769
0.27141160377925516,-2.3429480994523395,2.207382555572621
0.2714172320193546,-2.3369384234060173,2.1994953727815774
0.2714228983056908,-2.3307773283607536,2.1913542027900776
0.2714289953279428,-2.3242873088231293,2.182984365439958
0.2714355100980879,-2.3174540499606073,2.174392929676684
0.27144227383445885,-2.310355314717503,2.1654707262243513
0.2714491992335947,-2.3030402835691195,2.1561931475500042
0.27145628409810096,-2.2955202817595004,2.1465609844668117
0.27146352493824455,-2.2877986703382267,2.136575894025956
0.2714709234169908,-2.279873261344499,2.1262333139996716
0.2714784768141082,-2.271745504003568,2.1155328585535007
0.27148618091267734,-2.2634150354431175,2.1044719018794966
0.27149397458569846,-2.254881418212934,2.0929130903264395
0.27150180505362315,-2.2461063125697405,2.080728219245404
0.27150996292286356,-2.237014446806535,2.0681799743792153
0.27151820399830406,-2.227774947850278,2.0553099657149647
0.27152639373555154,-2.218534160355255,2.0422855793973107
0.2715349009001363,-2.209363348528322,2.0292129471147766
0.2715425795987594,-2.2002922688985547,2.0160496606090086
0.27155017788346875,-2.191276633572513,2.0027995177116
0.2715579506317283,-2.1822404238692354,1.989444791580361
0.27156558284757193,-2.173294123480371,1.9760705400038274
0.27157302670039196,-2.1644386973625545,1.9627149417303025
0.27158043168483736,-2.1557627929899383,1.94955010205197
0.27158766050037975,-2.147152439512383,1.9364793893185548
0.2715944938035416,-2.1387529953409654,1.923236982131688
0.27160107685311796,-2.130507258162847,1.9099172162729083
0.2716073211169576,-2.122449951273382,1.8964435992482704
0.27161389845162964,-2.11452289880377,1.8827767004024838
0.2716197089687705,-2.1066113192514146,1.8690586232888708
0.27162557866136144,-2.0986378613860914,1.8552149298026728
0.2716315947014525,-2.0905483727344185,1.841244470469638
0.2716376617330851,-2.0823986820086104,1.8271787278428022
0.2716445645051756,-2.0742007487454917,1.8130757625469023
0.2716531474057726,-2.06609619988889,1.7989688440316571
0.27166291841162044,-2.058178971780663,1.7852157528797346
0.27165554408802095,-2.0503739588718495,1.7711254304003212
0.27166264436633625,-2.0427527735331976,1.756979176655789
0.2716736942574313,-2.0350393067059933,1.7428639171238844
0.2716684928019554,-2.027371527437999,1.7291895853026928
0.27166187847861645,-2.0200674826791687,1.7149128074285394
0.2716877548144264,-2.012738730084689,1.7008188179548431
0.2716886280002999,-2.005491010645969,1.6868175575968365
0.2716955740879965,-1.9983613404461433,1.672541257350157
0.27169890366227534,-1.9912628685949594,1.65824243803885
0.27170543992099394,-1.9842231600854343,1.6439541818933776
0.2717132863658889,-1.977065784322689,1.6296911107184584
0.271715046991445,-1.9700102107315431,1.615210039550543
0.2717213976226616,-1.9630316674919701,1.6005660724495472
0.27172282359161115,-1.9560128322965067,1.5859369009207664
0.2717267480159744,-1.9490774277891125,1.5712755645337677
0.27173089726325633,-1.942044545201127,1.5565366660538447
0.27173509606906787,-1.9349524953394677,1.541721107111232
0.2717393800679466,-1.9280554763178945,1.5272402062206965
0.27174301428886544,-1.9214722866696312,1.513039351665444
0.27174655058055885,-1.9150345362346592,1.4990284743134787
0.27175019209404216,-1.9085628183051382,1.4850055549075771
0.27175385145032593,-1.901986716953754,1.470599027814607
0.27175734634960574,-1.8954658452574429,1.4560336088532186
0.2717605767726358,-1.889125885672434,1.4415166747204993
0.27176358967179015,-1.8829374776031145,1.42702767894334
0.2717665560302752,-1.8767776275398358,1.4125132970784287
0.2717697180443631,-1.8706401173250677,1.3979519135473706
0.27177257768434293,-1.8644841053167238,1.383317655394778
0.2717755594750504,-1.8583048286545591,1.368629119226658
0.27177848748200145,-1.8520450526579912,1.3538420060984333
0.27178153322979554,-1.8458201132406749,1.3390406164598503
0.27178480921495674,-1.8395412473525772,1.3241343917365698
0.2717875433668139,-1.83333597600025,1.3092686098110125
0.2717901631659084,-1.8272206937345432,1.294422035359225
0.27179280966368635,-1.8211353293908514,1.2795457871559255
0.271795594680518,-1.81499226097191,1.2647915277587922
0.2718002114767297,-1.809083432599671,1.2499700562415412
0.271801733956043,-1.8032889823647191,1.2350343696000639
0.27180076013086246,-1.7974686672104565,1.2204086276281152
0.27180206168613885,-1.7918763274933447,1.2063271491896657
0.2718079162842365,-1.786495768064766,1.1927328804982953
0.27180915328856337,-1.781343965536934,1.179375019261305
0.2718122444596598,-1.7763244260750382,1.1664441091042754
0.27181450334241347,-1.7715147645159774,1.1537125890882078
0.2718148287977075,-1.7668762158861053,1.1412971982703912
0.27181770783613374,-1.7622488915035808,1.1289632802077212
0.2718209121853252,-1.7577639852688076,1.1165864114097808
0.27182118752731277,-1.7535463634053077,1.1041959761266635
0.27182037225822664,-1.7491409444991386,1.0920233412458682
0.27182112968177596,-1.745029518689698,1.080247385937231
0.27182227672684667,-1.7408584591483636,1.0685268574559446
0.27182330310282676,-1.736726751552513,1.0567369859875728
0.2718243244827089,-1.7326355075524376,1.044968474243644
0.27182530577476083,-1.7286529299262408,1.033471076429285
0.27182613744286477,-1.7248984448598197,1.022343382266725
0.2718269296016034,-1.721270581588172,1.011549379657715
0.27182771552449314,-1.7176857712196294,1.0009174010278403
0.27182848985381897,-1.7141308500112702,0.9903256975464122
0.27182917061205614,-1.7106180381574498,0.9796588593226342
0.27182966744023085,-1.7071392230860374,0.968696806268529
0.27182992794738836,-1.7036994954375912,0.9573333272319767
0.2718310944735475,-1.7002526333184207,0.945528171076291
0.2718287054042042,-1.6968019720601721,0.9332250565631631
0.2718301122224793,-1.6932630031604345,0.9207934830516913
0.2718302930340857,-1.6894822197624868,0.9081155522211896
0.2718296961796084,-1.6860348732939654,0.8947802231569626
0.27182861188783725,-1.68256907022712,0.8813151057798829
0.27182929027501596,-1.679078171506121,0.8676157410001144
0.27182833194662614,-1.675654940988753,0.8539307597653187
0.27182711156958045,-1.6724316767904228,0.8402932236832545
0.27182592396363975,-1.6691609310529376,0.8265613154613017
0.27182452435969295,-1.6660386911460714,0.8128752543377858
0.27182313224996724,-1.662994022312088,0.7992509001714608
0.27182168464127676,-1.6600194727542839,0.7856008474044599
0.27181982953684736,-1.6572375351613604,0.7717836686945007
0.27181809841214266,-1.654465648396806,0.7580335229845966
0.2718162956653352,-1.6517426921068648,0.744277627909707
0.2718143309707912,-1.6490865912836958,0.7303954179914455
0.2718122027286715,-1.6464762425847153,0.7162990695594187
0.2718098856318302,-1.6438873123881357,0.701886787047354
0.27180738804162985,-1.64131404394929,0.6871046449452387
0.2718047216423686,-1.638743752590135,0.671918416423374
0.27180188353830836,-1.6361796172384442,0.6563291980231243
0.2717989630989226,-1.6336142529586168,0.6405204475276615
0.27179590041903273,-1.6311207175252056,0.6246461183372412
0.27179302948780915,-1.6287168118694235,0.6086978784640876
0.2717897402748065,-1.6262946179359328,0.5927801063444674
0.27178622330695484,-1.6239947704285043,0.576879342235488
0.27178248749532097,-1.6218700468026244,0.5609071684185033
0.2717787951194057,-1.6197675882379672,0.5450173125833948
0.27177492921922186,-1.6177422865396078,0.5290995258762743
0.2717710838521815,-1.6157631595815007,0.5131950354349654
0.27176754634131917,-1.6138297339857237,0.4973648402976787
0.2717637336447608,-1.6118560865948233,0.48167892099155496
0.2717637709158343,-1.6099577073652775,0.4658236560028721
0.271756559409746,-1.6081619270522496,0.4499254652505784
0.27175547334830996,-1.60643806586546,0.4339060995926487
0.27174915654783105,-1.60452330408781,0.41786034929224214
0.2717433890998153,-1.602795318862873,0.4020694465310376
0.271738728851242,-1.6011554393721088,0.386127600627993
0.27173432048152624,-1.5994944227594088,0.3700936174451672
0.27172985735835803,-1.5978614645293194,0.3540240838287464
0.2717251342462923,-1.5964012461961463,0.3379773295597087
0.27172027247363706,-1.5950220863785516,0.321876749428183
0.27171545649597284,-1.593643168818089,0.3058316039058705
0.2717105695764857,-1.5923124125753314,0.2898037031304137
0.2717056544538057,-1.5910122372413995,0.2738149250893466
0.2717009302008758,-1.589769176060789,0.25781120136586755
0.2716958205780533,-1.5886160002234742,0.2419564829295002
0.271690568137448,-1.587585524931046,0.22644571792201793
0.2716857093388815,-1.5865547897260535,0.21148847193444886
0.2716813628704986,-1.5855217528738303,0.19704953084574703
0.271676666186614,-1.5846017556402248,0.1829731267903113
0.27167202433678406,-1.58376306255653,0.16928150757149754
0.2716674590530509,-1.5829610148868576,0.15590210574472474
0.271663047699241,-1.5821395930540731,0.1428107927012782
0.2716586226213603,-1.581449915961203,0.13012063733124787
0.27165425020205347,-1.5808256647308156,0.11782561920783644
0.27164977137929125,-1.5803602434184487,0.10575129353584163
0.2716452034633103,-1.5799900984889952,0.09379557637828803
0.2716405193206049,-1.57971767533786,0.08192174261095833
0.2716357023716376,-1.5795187941441706,0.0700083494691492
0.27163099443149696,-1.57923380735547,0.05802833636864532
0.27162646373536564,-1.5788171841203398,0.04600088042690761
0.2716220573475999,-1.5783033245270754,0.03391758847087274
0.27161777447115987,-1.5776924246451611,0.021775696114469244
0.2716135575506613,-1.577020576766735,0.00956552930661848
0.2716092519279309,-1.5764051152976393,-0.002665725223734032
0.2716048363576901,-1.5758615071044613,-0.014906330340036522
0.27159970222363033,-1.575891101102739,-0.02680527151565995
0.27159441601206413,-1.5760425482914417,-0.0386435992019709
0.2715890664398426,-1.576234482963097,-0.05049727128146148
0.27158345077021795,-1.5765371523416603,-0.06259514783923625
0.2715774570880839,-1.577002927851813,-0.07501516788227308
0.2715711976594479,-1.5775684735638777,-0.08770636793988915
0.2715649278492236,-1.5781107048675636,-0.10047373581886915
0.2715585782361797,-1.5787354194091492,-0.11315331986919396
0.27155217036497514,-1.5794415333133025,-0.1256985547657873
0.27154571442842257,-1.5802150983326833,-0.13813323155017396
0.27153919772567825,-1.5810379298278758,-0.15054845996329028
0.2715326115971819,-1.581913456358739,-0.16294872052445783
0.27152542426146603,-1.5830410456849133,-0.17579388097513562
0.27151736263734483,-1.5845805681479321,-0.18923398602759986
0.27150903172478824,-1.586213839557705,-0.20297761637427475
0.2715003977560415,-1.5879414784254098,-0.21710672744669776
0.2714914616404474,-1.5897647193845152,-0.23162056884112092
0.27148222420210266,-1.5916847020003018,-0.24651837326830148
0.27147268581280615,-1.593702531346501,-0.2617992059649019
0.27146284681956395,-1.5958187317485302,-0.27746220450470827
0.2714527055359056,-1.5980342939330558,-0.293506921538106
0.2714423394816218,-1.6003332800185963,-0.3098028742958998
0.2714323400571479,-1.6026045189881382,-0.32589257251934445
0.2714227556605579,-1.6045331482982395,-0.34136694318401495
0.2714132821433959,-1.6064478650189074,-0.35674544443284717
0.2714039047437684,-1.6083375211990742,-0.3720134662038428
0.2713945036572197,-1.6102587520464833,-0.3872565591193936
0.2713850280367126,-1.6122351747136068,-0.40251183399796286
0.2713754971439659,-1.6143107272809734,-0.4179458640052911
0.27136492074682783,-1.616797913085617,-0.43391897419540226
0.27135390228659473,-1.6195177904794122,-0.4501058190209297
0.27134283702163053,-1.622328564254493,-0.4660878577512121
0.27133299822262125,-1.625072236221452,-0.48161277074262676
0.2713224327483169,-1.6276817102240262,-0.49661200384657445
0.2713120850459583,-1.6303280255638692,-0.5112487384690515
0.2713019814927112,-1.6329624845245148,-0.5255128529700189
0.2712919370746488,-1.6356377588298878,-0.5394651085004188
0.2712819150729199,-1.6383258854254992,-0.5530752257383434
0.27127214788079645,-1.6410470739230987,-0.5663783210760601
0.271262582632692,-1.6437592075565157,-0.579261256361697
0.27125347865509786,-1.6463338463166166,-0.591564240804435
0.2712444416261039,-1.6489445875427342,-0.6035652548674922
0.27123587011971273,-1.6514676969282114,-0.6150802675364427
0.27122824881054575,-1.6535357919706466,-0.6255854102617715
0.27122154366077833,-1.6552487584654467,-0.6352104478029968
0.27121517868622946,-1.6568722189268632,-0.6443684430735198
0.27120908537310273,-1.6584373998290243,-0.6531096474474749
0.271203238588572,-1.6599498241983013,-0.6614721170071336
0.2711974183016875,-1.661471574297681,-0.6697524354590059
0.27119154653609334,-1.6630158586342851,-0.6780514029796973
0.27118619323724535,-1.6645667595622506,-0.6863533596112771
0.27117992543259034,-1.6662914725695348,-0.6947633681331147
0.27117353873348016,-1.6681276100988,-0.7031079348775781
0.27116744892821837,-1.6699411014791643,-0.711348156164272
0.2711613691583191,-1.6715869556845786,-0.7192827783401419
0.2711557066904166,-1.6732667262947305,-0.7272050088802843
0.27114896435882574,-1.675302462727975,-0.73566341554502
0.2711417619804889,-1.6778753113633438,-0.744845610720247
0.2711340155072942,-1.6805261472751694,-0.7540811606207249
0.2711257780423221,-1.6832497671433524,-0.7633718412844752
0.27111753294259694,-1.6860061026504232,-0.7726563532769196
0.27110907854328437,-1.6888118217857087,-0.7819595533831112
0.2711006804850613,-1.6915715548475059,-0.7912557404875966
0.27109261020560615,-1.6943106943631556,-0.8005393926781225
0.27108430607828604,-1.6971936731173982,-0.8098067190277446
0.2710764493687535,-1.7001127256216932,-0.8190652150642823
0.27106819511871494,-1.7029678727246744,-0.8282202458924367
0.2710599580678886,-1.705818378687912,-0.8373834099802906
0.271051542712506,-1.7087195594817115,-0.8466929327985923
0.2710432838943765,-1.7116666977643007,-0.8560232474209817
0.2710346989899747,-1.7146567933391146,-0.8654463681603799
0.2710261505486381,-1.7175946962905013,-0.8748990271816128
0.27101888408129005,-1.7206131034876844,-0.8846132836892378
0.2710096269747236,-1.7237515956318892,-0.8947103350526039
0.27100033005234947,-1.7269142476985948,-0.9049297553716872
0.2709912328272852,-1.7299642156655088,-0.9151630218834068
0.2709820952135099,-1.733075000181707,-0.9253424343964527
0.27097284990720244,-1.736289250995442,-0.9354652583780982
0.27096396059820027,-1.739526206603045,-0.9455185234158546
0.2709544639313776,-1.7429293698967236,-0.9555084251583095
0.27094481168855333,-1.7464805196853135,-0.965407816502656
0.2709347368800559,-1.7501647447896156,-0.9752400721002437
0.2709248929691794,-1.7538914018667597,-0.9850298735866083
0.2709151840400038,-1.757592323594579,-0.994803254986465
0.2709054687483622,-1.7613108067692163,-1.004538854100753
0.27089561558085445,-1.7651483774465468,-1.014193774051823
0.27088572239171876,-1.7690204292335876,-1.0238328544221815
0.27087580475773976,-1.7729138931738975,-1.033464768852211
0.2708658849147128,-1.7768100344250803,-1.0431022681571898
0.2708559873060699,-1.780688140031132,-1.0527598020606064
0.27084609632658385,-1.7845411661943706,-1.0624973547182965
0.2708361055256895,-1.7884195700528691,-1.0723857795284353
0.27082601345102664,-1.7923241655721562,-1.0824231916357687
0.2708157976054425,-1.7962655210692344,-1.0926218560680536
0.2708049315146952,-1.8004844475799753,-1.103344696097891
0.27079353618273405,-1.8049230619487413,-1.1144909522447046
0.27078218627644063,-1.80932439243634,-1.1256674543066094
0.2707706366721425,-1.8138055128884432,-1.1370453184611442
0.2707587503864163,-1.8184284894064593,-1.1487313560026198
0.2707467970679781,-1.8230852030410656,-1.1604724027082236
0.27073473522219715,-1.8278262771860492,-1.1721863571183988
0.2707221696218011,-1.8328339135807292,-1.184112609415592
0.27070933483098747,-1.8380271654968228,-1.1960101407193897
0.27069672897626024,-1.8431702151739504,-1.2075498969736618
0.27068446011324465,-1.8481924174173088,-1.2187271947015692
0.27067255423969283,-1.8530800530521239,-1.2295302965962869
0.27066101462809067,-1.8578309970753448,-1.23995936157113
0.27064983265253084,-1.8624468883097838,-1.250010181119639
0.2706389378637086,-1.8669560270379555,-1.25975853935739
0.2706282581851399,-1.8713880067619866,-1.2692799530793917
0.27061795383650067,-1.8756768389710339,-1.2784296209037054
0.27060797054369273,-1.8798438006929867,-1.2872595217311047
0.27059805093094486,-1.883992840972617,-1.2960086175086527
0.2705881554343746,-1.8881410462784611,-1.3047092874760822
0.2705783506664187,-1.8922604085347428,-1.3133024341879296
0.27056876929129114,-1.8962955407925834,-1.321669498885387
0.270560576278352,-1.9000585975635977,-1.3295272367840898
0.27055261306798034,-1.9033047319768688,-1.3365143653126648
0.2705458176859158,-1.9060254169304711,-1.3426621567464514
0.27053946483535707,-1.9085760004089956,-1.3485425630319876
0.2705330529650959,-1.9111546720334136,-1.3543827033811606
0.27052690229957777,-1.9136203088618036,-1.3600300132902936
0.27052115904260177,-1.9159262543754694,-1.365309265186137
0.2705155658056414,-1.9181368355205675,-1.370360154626208
0.270510169624703,-1.9203205661892873,-1.3753113911634527
0.2705049039003738,-1.9224628779995165,-1.3801323284944886
0.27049973218917517,-1.9245717854122506,-1.3848556036428286
0.2704945052534241,-1.9267167321589413,-1.3895879734925203
0.2704891486493781,-1.928935501580085,-1.3943707002439578
0.27048324080506353,-1.931427464354547,-1.3994806856148372
0.27047643939571997,-1.934364526133122,-1.4051262675613971
0.2704696473877381,-1.937307070543235,-1.4107310521924525
0.2704628869331649,-1.9402201919525357,-1.4163478691318814
0.27045612757363724,-1.943156614799538,-1.421901347915951
0.2704493671229371,-1.9460969798128076,-1.427443720956941
0.2704427051852633,-1.9489988320597904,-1.4328907300208915
0.27043622104986326,-1.951828232790295,-1.4381758039123935
0.27042973910586043,-1.9546600394020959,-1.4434484480544594
0.27042325063394884,-1.9574979909924082,-1.448716294582505
0.2704167776115573,-1.9603326783318016,-1.453961071504313
0.27041030196750204,-1.9631718431077902,-1.4591982543154893
0.2704037826797304,-1.9660331284800252,-1.4644624394403494
0.27039724996078635,-1.9689035695580013,-1.4697284264304415
0.2703908066245523,-1.971767695040337,-1.4750038995200763
0.27038424349877244,-1.974651445359735,-1.4802643298157792
0.27037767337628327,-1.977542736011349,-1.4855239255852526
0.2703710929007097,-1.9804427793251054,-1.490785168226888
0.2703644691282856,-1.9833656634505643,-1.4960750723607186
0.2703578303573012,-1.986298951203897,-1.5013699642086653
0.2703511821308522,-1.9892400764866087,-1.5066650847389074
0.27034452555762273,-1.992188405648018,-1.5119593845037809
0.2703378647697475,-1.9951419919803914,-1.5172493522978747
0.2703312290434951,-1.9980879123580415,-1.522510900414361
0.27032460456844276,-2.001032043237162,-1.5277553277816025
0.2703195806168412,-2.0039673011147245,-1.5329957659850364
0.27031268587946866,-2.0069018879086467,-1.5382032431246722
0.2703058434778729,-2.0098470363376055,-1.5434103103534333
0.2702984282241343,-2.012804527014748,-1.548626091661444
0.27029186012497464,-2.0157042973939157,-1.5537844673145265
0.2702852935919784,-2.018609963857137,-1.5589373485748161
0.27027876104029785,-2.021506745465258,-1.564056380435346
0.270272208397197,-2.0244208930096987,-1.5691745501141534
0.27026590652798754,-2.027228471127615,-1.5740863831862402
0.27026048362772986,-2.029625597404373,-1.5783786831644466
0.2702560826727048,-2.031543458032113,-1.5819537785204605
0.27025241520288423,-2.033116418408519,-1.5850183182809134
0.2702487138089332,-2.0347067474148837,-1.58810587632774
0.27024498577744493,-2.036301636322145,-1.5911924028686104
0.2702413616038155,-2.037864247744709,-1.594213198904052
0.2702377242122662,-2.039434841179765,-1.597238385989447
0.2702340602413956,-2.041019312060387,-1.600278672731421
0.27023042156078236,-2.0425947156865187,-1.603292847430189
0.2702267852667539,-2.044171065330308,-1.6062994876267234
0.2702231244785189,-2.0457605628699724,-1.6093186499766134
0.270219776949912,-2.0473492824062567,-1.6123256490683116
0.27021611848016036,-2.0489194559440036,-1.61526890134222
0.27021248793143826,-2.050495019116338,-1.6181549847083705
0.2702088836208397,-2.0520531723721076,-1.6209513851707582
0.2702053524423391,-2.0536181998981022,-1.6236959737023189
0.27020179064769456,-2.0552119823172936,-1.626421996705197
0.2701981983667826,-2.0568338624718385,-1.6291299239931425
0.2701946750856253,-2.058436313625057,-1.6317514322498679
0.2701915919218698,-2.0598435595638533,-1.6340300744749114
0.2701889842457196,-2.0610384696651782,-1.6359419751045705
0.2701868525476793,-2.0620204307976473,-1.6374874202369827
0.27018519733657775,-2.0627888595769015,-1.6386666824387779
0.2701839650446619,-2.063367466395776,-1.639521798643833
0.2701828200810602,-2.0639065780446813,-1.6403123280210539
0.27018170451759876,-2.0644321051001717,-1.6410829373942832
0.27018061829673357,-2.0649440209982632,-1.6418335878439632
0.27017956137906124,-2.065442300297308,-1.6425642420906634
0.2701785337396688,-2.0659269186398217,-1.6432748644401074
0.27017753536516,-2.0663978527158364,-1.6439654207302545
0.2701765634352927,-2.066856410101823,-1.644637828332141
0.2701755981633963,-2.067310545812633,-1.6453103223587224
0.2701746538758818,-2.067746073156789,-1.6459976223141275
0.27017372463272,-2.0681681390612274,-1.6466959622642139
0.27017279379552533,-2.0685909220887835,-1.6473957613698722
0.27017186044439845,-2.069015150757722,-1.6480966420068845
0.27017092703031886,-2.0694386918873837,-1.6488001277431867
0.2701699887816711,-2.0698655541735387,-1.6495036597038935
0.270169047356345,-2.070294247120748,-1.6502084296290442
0.27016810062078717,-2.070725110832944,-1.6509155162851759
0.2701671494991178,-2.0711590084914717,-1.6516254950269191
0.27016619196686253,-2.0715965377986625,-1.6523379739240118
0.2701652272856623,-2.072037930634805,-1.653053857783897
0.27016425505476593,-2.0724831950912543,-1.6537740342953284
0.2701632734942162,-2.0729335476603743,-1.6544984919655137
0.27016228339915316,-2.0733880101253606,-1.6552286936799658
0.27016128445438686,-2.0738465779210173,-1.6559653785919224
0.27016027489720906,-2.074310460212461,-1.6567085229138936
0.2701592530720557,-2.0747807361837105,-1.657458284696117
0.2701582189422551,-2.0752570861964106,-1.658215811423969
0.27015717165287767,-2.0757398664474818,-1.6589818580129743
0.2701561097856006,-2.076229845958207,-1.6597570793896261
0.2701550327457162,-2.076727047408747,-1.660542752326856
0.2701539386458027,-2.0772325202452087,-1.6613396609439295
0.2701528256317962,-2.077747161565047,-1.6621490208567156
0.27015169205534095,-2.07827158725721,-1.6629725201505776
0.2701505356848496,-2.0788067852420604,-1.6638119294184475
0.2701493528495442,-2.0793547338645078,-1.6646689761356672
0.2701481395481548,-2.079917392208967,-1.6655462013636984
0.2701468911267253,-2.08049688450088,-1.666447077175361
0.2701456017737094,-2.081095817422585,-1.667376093554978
0.2701442637521151,-2.081717817085356,-1.6683387062906876
0.27014286588608094,-2.082368308642922,-1.669342164485773
0.27014139324275643,-2.083054232826013,-1.6703971889510212
0.27013982993761226,-2.083781972593524,-1.671517077096992
0.2701381778353926,-2.0845601285368285,-1.6726701130264798
0.27013639800963263,-2.085403177627593,-1.6738966946995333
0.270134335998346,-2.0863647539089376,-1.6753701884098355
0.27013217811308676,-2.0873746836967917,-1.6768976293314368
0.2701300884204112,-2.0883539087919694,-1.6783729111108083
0.2701280191363815,-2.0893238759227146,-1.6798327291774569
0.2701259582094687,-2.090290131018315,-1.6812860414586288
0.27012394002089035,-2.0912368530975445,-1.6827074891691118
0.2701219187649875,-2.0921851040467763,-1.6841308989237274
0.27011989353516497,-2.093135302619801,-1.6855569412589984
0.27011787214548094,-2.094083850849009,-1.686979866316291
0.2701158553055081,-2.0950304192287024,-1.6883991637181694
0.2701138806916387,-2.0959576405029368,-1.6897871436284166
0.27011193858806787,-2.0968699763187986,-1.6911509986732935
0.27011023488551966,-2.0976724510174813,-1.6923396093525924
0.2701086043274038,-2.0984412329607856,-1.6934744520121634
0.27010703014545623,-2.0991840359852976,-1.6945678990711317
0.27010551833008123,-2.0998980784276897,-1.6956156101145288
0.27010400603502493,-2.100612365698168,-1.6966636640816293
0.27010249326785385,-2.101326894466783,-1.6977120564711794
0.27010098003590366,-2.1020416614503024,-1.6987607828416267
0.2700994663462973,-2.1027566634115336,-1.6998098388102973
0.27009795220595845,-2.1034718971586703,-1.7008592200525834
0.2700964376216242,-2.104187359544635,-1.7019089223011452
0.27009492259985557,-2.104903047466432,-1.7029589413451285
0.2700934071470471,-2.105618957864511,-1.7040092730293894
0.27009189126943384,-2.106335087722132,-1.7050599132537394
0.27009071278436725,-2.1070492707311415,-1.70611147737806
0.2700891350116481,-2.107765880379641,-1.7071628007697166
0.27008737795873994,-2.1084571161228656,-1.708234281586334
0.2700858740436921,-2.1091518512026686,-1.709330354214228
0.270084364009384,-2.1098507889556433,-1.7104264781160021
0.27008285411532673,-2.1105497255160275,-1.711522601682168
0.27008134433979736,-2.1112486610946952,-1.7126187249603786
0.2700798346651442,-2.1119475958656753,-1.7137148479905562
0.2700787003293721,-2.1126478968298965,-1.7148074103693587
0.27007711477733076,-2.1133638314011987,-1.7158616343286064
0.27007554090120744,-2.1140809750754888,-1.7169136931506457
0.2700739768573619,-2.1147983286631935,-1.7179660494326345
0.2700724207889361,-2.115515888034018,-1.7190186971720711
0.2700708711780068,-2.116233649349445,-1.7200716308294435
0.2700693267838502,-2.116951609016144,-1.7211248452521373
0.27006778659244735,-2.1176697636477355,-1.722178335612112
0.2700662497751867,-2.118388110033406,-1.7232320973548345
0.2700647156550857,-2.11910664511213,-1.7242861261574105
0.27006314776206397,-2.119825350083781,-1.725335972972861
0.27006162490561736,-2.1205440170134215,-1.7263905548732341
0.27006010168068983,-2.1212631326578064,-1.7274453880862672
0.2700585784228378,-2.1219824239205822,-1.7285004731867732
0.2700570550786663,-2.122701888550808,-1.7295558064674106
0.27005553160515117,-2.1234215243082626,-1.7306113843444184
0.27005400796771983,-2.124141328967051,-1.7316672033423819
0.27005248413868244,-2.1248613003184738,-1.7327232600816658
0.27005096008944185,-2.125581436188125,-1.7337795512769885
0.270049435816287,-2.1263017343781896,-1.73483607369188
0.27004791129792727,-2.127022192758255,-1.7358928241887173
0.2700463865234607,-2.127742809206624,-1.7369497996833563
0.2700448614843463,-2.1284635816260717,-1.7380069971503158
0.27004333607736963,-2.1291845065870745,-1.7390644122859527
0.27004181031125807,-2.1299055816787167,-1.7401220414312895
0.27004028427285776,-2.1306268058144533,-1.7411798824137221
0.27003875845204794,-2.131347948598521,-1.7422375974854367
0.27003723399016205,-2.1320684657944295,-1.743294388744167
0.27003574468785757,-2.132772593411917,-1.7443260656756685
0.27003465358107176,-2.133290953097953,-1.745073168781893
0.27003352653344936,-2.133825847408897,-1.745846821055759
0.27003210246745146,-2.1344990159786623,-1.7468337407828791
0.2700306979878762,-2.1351627880769115,-1.747807225337982
0.27002932765534027,-2.1358100741783694,-1.748757321800566
0.27002802311769525,-2.1364208128002415,-1.7496789830843806
0.27002679291709003,-2.1369894444799735,-1.7505734502599275
0.2700256372123503,-2.1375158644149397,-1.751440828633233
0.27002455242744094,-2.1380016945891827,-1.7522838368574825
0.27002350043631657,-2.138464592849333,-1.7531300707361546
0.270022471209688,-2.138909152139413,-1.7539869858693578
0.27002146486493195,-2.1393352513714503,-1.7548547471460434
0.27002048155668856,-2.1397427431286133,-1.755733524520944
0.27001953846961946,-2.1401235475788623,-1.7566113312110059
0.2700186690160261,-2.140462290881218,-1.7574636117367841
0.27001787396740284,-2.140758631025524,-1.7582897517641056
0.2700171461396586,-2.141015891567206,-1.7590949641263294
0.2700164473181452,-2.1412516366846828,-1.759907393593353
0.27001577083234407,-2.141469289113421,-1.760730718778792
0.27001511356618785,-2.141671455635869,-1.7615631509061263
0.27001447506497045,-2.1418584794616455,-1.7624045596557212
0.2700138629874652,-2.142026828164016,-1.7632493716701438
0.2700133174495626,-2.1421579924447216,-1.7640682618693886
0.270012844661185,-2.142249055398767,-1.7648568652081469
0.27001241646156793,-2.1423130502844474,-1.7656356211048099
0.2700120070709457,-2.1423619935142866,-1.7664229534042621
0.2700116164239411,-2.142395976447854,-1.7672187043825958
0.270011244469037,-2.142415085351163,-1.7680227016084786
0.2700108911698926,-2.142419400892026,-1.7688347566222973
0.27001055650702954,-2.142408997464145,-1.7696546633375796
0.27001022878464154,-2.1423934811287144,-1.77047585588978
0.2700098951891168,-2.142383182353122,-1.7712919102426172
0.27000955233401513,-2.142380615012702,-1.7721020356251527
0.27000914011493377,-2.142411364304704,-1.7729581381598796
0.27000875239140687,-2.142416190273571,-1.7738482095773969
0.27000842083492926,-2.142377561228221,-1.7747592265346759
0.27000842543229114,-2.1421669836443953,-1.77548399890694
0.2700085869314919,-2.141874775761362,-1.7761264823929823
0.270008829010128,-2.14153767537122,-1.7767370230414983
0.27000915241245904,-2.1411551753323503,-1.777315640218031
0.2700095578941945,-2.1407267578784053,-1.7778623637434674
0.2700100462230973,-2.1402518942007744,-1.7783772339488857
0.27001061817764704,-2.1397300452513357,-1.7788603020122131
0.27001111404818356,-2.139246750745904,-1.7793866816941564
0.2700110811703539,-2.1390326642344917,-1.7802109491756324
0.27001048159868885,-2.139110836813026,-1.781341580666002
0.27000931642946124,-2.1394900459596218,-1.7827454963537637
0.2700075814325548,-2.140174770098711,-1.7844171028017377
0.27000527490034587,-2.141166873897785,-1.7863540360657029
0.27000239380242314,-2.1424693487152338,-1.7885531652130195
0.27000015468923355,-2.1439532963624885,-1.7908717257533684
0.2699960376448063,-2.145788202640216,-1.7935587522847949
0.26999130638701263,-2.1480027626933795,-1.7965993769214303
0.26998575373999356,-2.1506887559304433,-1.7999680076973714
0.2699795494275428,-2.153748290859418,-1.8036014116574879
0.2699725753119151,-2.1571052045472334,-1.8073622226232922
0.26996532887580904,-2.1608109591553806,-1.8113144367644614
0.26995720694421527,-2.165008849764089,-1.8156597140051003
0.26994834474540763,-2.1696272763962963,-1.8202725577620027
0.2699387650558899,-2.174652942359394,-1.825137396594507
0.26992885157921453,-2.1800225440265892,-1.8302529483571721
0.26991807239202226,-2.1856775819928225,-1.8356185757196681
0.2699071734760993,-2.1915912792730285,-1.8412156034866336
0.26989539029183207,-2.197736684475277,-1.8470283792341424
0.2698828599725536,-2.204276473920257,-1.8531776174789805
0.26987037477671905,-2.2109051561148805,-1.8593433308922462
0.269857610199013,-2.2176026013985433,-1.865539215802189
0.2698445008956034,-2.224582042652419,-1.871809015349785
0.26983111466967336,-2.2318767372311417,-1.8783612650061565
0.2698167636506967,-2.2394745822075723,-1.8851796051077105
0.2698018511394562,-2.2473736757100493,-1.8922477895441911
0.26978640843195456,-2.2555517977736694,-1.8995511686453554
0.26977058463198755,-2.264010797013704,-1.907079250440008
0.26975425606732445,-2.272709742497708,-1.9149273597483054
0.26973753141849266,-2.2816034332387747,-1.9230728792559164
0.2697202914715218,-2.290767750943207,-1.931467600114458
0.2697025200628117,-2.300220442643142,-1.9400867760692049
0.269684230685155,-2.30996081502017,-1.9489289991018863
0.26966543258627124,-2.3199830262341625,-1.957992987077458
0.26964677328123865,-2.32994256624525,-1.9669617507469923
0.26962838387016885,-2.339803806447025,-1.97563016994426
0.2696102968990983,-2.349657812038496,-1.9843654261411003
0.26959169367290026,-2.359645607076832,-1.9934098598773793
0.26957330990800976,-2.3693713717417566,-2.002228935013672
0.2695554358174471,-2.3788235832383204,-2.010778981100505
0.269538427313648,-2.3879974368617707,-2.0190649612051312
0.26952120498537707,-2.396973813926807,-2.0271407046595016
0.26950487132555534,-2.405653443056812,-2.03498702568103
0.26948948535479533,-2.4140468842440166,-2.0425352794084217
0.2694742920383754,-2.4221155080870105,-2.0497721902648034
0.2694595428060038,-2.429934470496462,-2.056795714665848
0.2694453192327795,-2.437499402121385,-2.0636069707676032
0.26943933193897285,-2.4446776264671652,-2.070078212632733
0.2694213957513142,-2.451576354894129,-2.0761779871420964
0.2694080101730877,-2.45820103853144,-2.0820561980308763
0.2693989792852348,-2.4642245209533304,-2.0872738591950237
0.26938834536617007,-2.4696271880295724,-2.091707236464611
0.26937671986357725,-2.474433879142565,-2.0954388641928943
0.26936851861111233,-2.4789300535970042,-2.0988508962217893
0.26936041523862997,-2.4833834044554743,-2.102199092967379
0.2693525353129402,-2.4878713178228953,-2.1055460001264046
0.26934426066725015,-2.4924103623130067,-2.1089055495296667
0.2693359865614227,-2.496962148553452,-2.1122508217831326
0.2693276931959152,-2.5015362434899746,-2.115589922086646
0.26931921524057123,-2.5061457489796597,-2.1189324718210103
0.26931084776917996,-2.5107954212724604,-2.1222829825224716
0.2693027613145743,-2.5154732087687917,-2.125631324768892
0.26929413797388946,-2.5202455015356033,-2.1290281209068977
0.2692849640434658,-2.5253326311750373,-2.1326454122513696
0.2692752491963717,-2.5307437651811684,-2.1365331098582336
0.2692648853259939,-2.536510114016598,-2.140577904968692
0.2692538981190951,-2.5426217096896044,-2.144892612171317
0.2692422849531747,-2.5490948212725266,-2.149424044703862
0.26923041795600583,-2.555962305214437,-2.1542752745226066
0.2692169785947846,-2.5633743613192888,-2.1596205075660593
0.2692030080257751,-2.5713576112379926,-2.165575356626199
0.2691872860907025,-2.5799027898285747,-2.172143160246444
0.26917080666497684,-2.5888820044734775,-2.1790546606778904
0.2691531534632726,-2.5983039879225265,-2.1861678937776143
0.26913531455651396,-2.608160668727354,-2.1935029127633703
0.2691176867103335,-2.6182972089667,-2.200917536289361
0.26909421428134017,-2.6285293863516275,-2.208408630803504
0.26908203704371064,-2.639397111328754,-2.215685333836467
0.26906050549767446,-2.6497599254862663,-2.2233020359961233
0.26902788242865977,-2.660566438860836,-2.230270983586244
0.2690039087718873,-2.6709378338950387,-2.2375312237183076
0.26897550895007594,-2.6817587504511287,-2.2443495855041813
0.26897459755508446,-2.6920789084209256,-2.251512124003989
0.26895991787964524,-2.7027543445757924,-2.2581655826097555
0.2689348230472268,-2.7137199133770498,-2.264831205254323
0.26890455936850177,-2.724298857764495,-2.271526428535097
0.2688819220953581,-2.734799701121082,-2.278191012702022
0.26887844321864773,-2.7463322768739453,-2.2842252147916957
0.26884655141625724,-2.7567408198702936,-2.2910173774604967
0.2688222336948477,-2.7671661273284496,-2.2971129931400753
0.26881025241199746,-2.7779426260421785,-2.302336520147829
0.26879453074300863,-2.7873512936106115,-2.3084381033984154
0.26876323773386357,-2.7971861574336314,-2.313521987915737
0.2687608698221621,-2.8077063063943735,-2.317714657179912
0.2687585620756146,-2.8176381651347056,-2.323594216239175
0.26873613112123845,-2.8288196847251528,-2.3276870540270918
0.2687267567786382,-2.839988711250231,-2.333001587141888
0.2686692222679945,-2.851400042977377,-2.337800163387558
0.26866303518689827,-2.863403999625792,-2.342583730114988
0.2686722803152151,-2.8757733134526795,-2.347734789394161
0.268650603982118,-2.888463681055181,-2.3529692432245026
0.26862886934468055,-2.90149950262085,-2.3578854759990495
0.2686074456355505,-2.9148927059956664,-2.3627963128638383
0.2685842885986463,-2.9287649645693516,-2.3679300560588543
0.26855949684327735,-2.943184101213853,-2.373373433713267
0.2685352083846105,-2.957926558802898,-2.378675708431684
0.2685169798294326,-2.973010594140256,-2.3839764463725164
0.26848755706330096,-2.987923470242454,-2.3893310172626965
0.2684627181708007,-3.002840420796401,-2.3945841228799645
0.26843844766414815,-3.0174691084781595,-2.399559906823379
0.26841459759827757,-3.031861067641806,-2.4046225728820274
0.2683910727349461,-3.0458872416585696,-2.4094751269980863
0.2683686279128815,-3.059549537038274,-2.4141452066232625
0.2683467955476806,-3.0728882187369972,-2.4183952679630214
0.26832532826104194,-3.0859645336978514,-2.4227015870648003
0.26830482836045144,-3.0985420399581454,-2.4268073589758052
0.26828577976975543,-3.110758209527127,-2.4307428397832855
0.2682665598501117,-3.122518196413775,-2.434376884713445
0.2682507223651164,-3.134012603017855,-2.43777497668107
0.2682311981092363,-3.1452442711801325,-2.4411803734655018
0.2682134134550961,-3.155960998362627,-2.444425238672683
0.26819406972040893,-3.166423211563637,-2.447332783460634
0.268178982064187,-3.1762876263810105,-2.450272031932156
0.26816375937936876,-3.1856623749550517,-2.4530999035528933
0.2681490177260003,-3.1948059619546436,-2.4556940642985756
0.2681348632731311,-3.203601913860836,-2.4581346548964023
0.2681213364469802,-3.212012167061958,-2.4604594652699734
0.2681084326814284,-3.2200336357165904,-2.4626889422248586
0.26809614099293944,-3.2276731414136175,-2.464822764783925
0.2680844760200516,-3.234929353065139,-2.4668293604627105
0.2680732649827015,-3.2418810588532527,-2.468836054790837
0.26806254960110804,-3.248510086576575,-2.470793583327474
0.26805246321742077,-3.254750320028794,-2.47262645459498
0.26804302497869614,-3.260592726090728,-2.4743303481962413
0.26803423429729945,-3.2660369908116644,-2.4759068382696605
0.26802652945227673,-3.2710601026937347,-2.477333492750235
0.2680189820171527,-3.2756910784165596,-2.478664702460887
0.26801255689362774,-3.2798575774667516,-2.479775271708716
0.2680063948262065,-3.2836317676833087,-2.4807710092071154
0.2680008765179991,-3.2870178312845213,-2.4816605749165066
0.267995998328458,-3.2900155425756044,-2.4824450922586703
0.2679917572603814,-3.292624710776326,-2.4831255033637682
0.26798808338584773,-3.29485225369122,-2.483696496170294
0.26798508630304796,-3.2966893145079923,-2.484179893249758
0.2679827289358824,-3.2981332920317907,-2.484553662290725
0.2679809992793215,-3.299188614502901,-2.4848258700709986
0.26797991973445967,-3.299856759304464,-2.484998121815738
0.2679794684240019,-3.300137568393512,-2.4850705260881076
0.26797945426905634,-3.3001462823295724,-2.485072773580648
0.26797945426905634,-3.3001462823295724,-2.485072773580648
0.26797945426905634,-3.3001462823295724,-2.485072773580648
0.26797945426905634,-3.3001462823295724,-2.485072773580648
0.26797945426905634,-3.3001462823295724,-2.485072773580648
0.26797945426905634,-3.3001462823295724,-2.485072773580648
0.26797945426905634,-3.3001462823295724,-2.485072773580648
0.26797945426905634,-3.3001462823295724,-2.485072773580648
0.26797945426905634,-3.3001462823295724,-2.485072773580648
0.26797945426905634,-3.3001462823295724,-2.485072773580648
0.26797945426905634,-3.3001462823295724,-2.485072773580648
0.26797945426905634,-3.3001462823295724,-2.485072773580648
0.26797945426905634,-3.3001462823295724,-2.485072773580648
0.26797945426905634,-3.3001462823295724,-2.485072773580648
0.26797945426905634,-3.3001462823295724,-2.485072773580648
0.26797945426905634,-3.3001462823295724,-2.485072773580648
0.2679792070383761,-3.300295377686129,-2.485111235468105
0.2679783537949569,-3.300827961416646,-2.485248545252002
0.26797734151448815,-3.3017481354725646,-2.485484716510447
0.26797513813012763,-3.303055315582461,-2.4858219549541594
0.26797233646925084,-3.304749846029069,-2.4862590189549847
0.2679689387094687,-3.3068317307210036,-2.486795911890633
0.2679649470729728,-3.309300973759754,-2.4874326375006475
0.26796034195548396,-3.312157548763213,-2.4881691927647664
0.2679551761569682,-3.3154015951004903,-2.489005788375273
0.2679492995605947,-3.319032827106318,-2.4899420447238922
0.26794284575616606,-3.32305136655188,-2.4909781310843204
0.267935775814912,-3.327457271323187,-2.492114056337795
0.26792808942888946,-3.3322505143960006,-2.493349844199032
0.26791978634116886,-3.3374310950279042,-2.4946854945399672
0.2679108304390564,-3.342998961476858,-2.4961209932234936
0.26790130012068536,-3.3489542244552712,-2.497656370539877
0.26789115169742184,-3.3552968214194188,-2.4992916093712965
0.2678803854030788,-3.362026752070716,-2.5010267095706884
0.2678690014234675,-3.3691440160381414,-2.5028616709377296
0.26785699985141526,-3.3766486129525255,-2.504796493289019
0.2678443806531803,-3.3845405424147814,-2.506831176442912
0.2678311436919486,-3.392819803717159,-2.508965720034266
0.2678172886514172,-3.401486395932526,-2.5112001236379093
0.26780313134306233,-3.4105407644091565,-2.513534503939735
0.2677879677913384,-3.4199819199324777,-2.5159686075070007
0.26777231796217504,-3.4298102689495265,-2.5185019701362417
0.26775579033693586,-3.4400261151893443,-2.521136050955686
0.26773874319158375,-3.4506258871372477,-2.5238690657628413
0.26772152177909336,-3.4613706351649345,-2.5266392804819096
0.267704307677591,-3.4721153866741674,-2.5294094919865895
0.26768709842500893,-3.482861292518889,-2.5321800018879794
0.26766985895204853,-3.4936043710589297,-2.5349517279614306
0.26765266396572485,-3.5043544540892393,-2.537721918376753
0.26763547781750274,-3.51510152276553,-2.5404885398080848
0.26761825750502943,-3.5258584577904832,-2.5432596396068705
0.2676010357397288,-3.5366176603248216,-2.546026072601236
0.26758381051375213,-3.5473802474792904,-2.548789621431139
0.2675665794021776,-3.5581466337758925,-2.551551334435401
0.267549349400636,-3.568906332841892,-2.554305430775163
0.26753211999577453,-3.5796690732491907,-2.557052899534455
0.26751489462286937,-3.590433189918083,-2.5597938634203903
0.2674976715243953,-3.6012002052815846,-2.5625289729115144
0.26748044347742705,-3.6119755469154433,-2.565257468347958
0.26746322247383203,-3.62275217900663,-2.5679764035355404
0.2674460059194662,-3.6335325962777527,-2.5706830240818954
0.2674287953678749,-3.6443151854333964,-2.5733785390850614
0.2674115849811335,-3.6551035954928346,-2.576062456166965
0.26739438013697847,-3.66589436231653,-2.5787322471507226
0.2673772294585871,-3.6766567015191782,-2.5813788797877146
0.26736021582638003,-3.68733836983639,-2.583987518892502
0.2673433766977652,-3.697915279076323,-2.586550712969386
0.26732659097351985,-3.708451755518277,-2.589075036614326
0.2673099331481732,-3.7189058936391857,-2.591564607242839
0.2672934521710971,-3.7292578915441137,-2.594004357680592
0.26727724438897527,-3.73944679555573,-2.5963827166394844
0.26726109168376366,-3.749608938908814,-2.5987349926146632
0.26724501656267086,-3.7597322913777766,-2.601050750932536
0.2672289198626686,-3.769879220985445,-2.60334434724179
0.2672129051568235,-3.779982555465928,-2.6056064838717763
0.26719678354481474,-3.79015561515783,-2.607854767613009
0.26718097435041804,-3.8003543401708577,-2.610077910296617
0.26716486516147886,-3.8105029882313426,-2.612191872429247
0.26714891477175484,-3.8206510541693723,-2.6143239544789307
0.2671328124410021,-3.8307964661078295,-2.616442366557486
0.26711670969993034,-3.8409543991336528,-2.618545755827584
0.26710062152881475,-3.8511178196411984,-2.6206210030472983
0.26708464462829284,-3.8612919340104273,-2.6226621892910944
0.2670685649583324,-3.8714659408980854,-2.6246814637465103
0.26705240946256276,-3.881647062966805,-2.6266696064521065
0.2670363800438642,-3.8918302811622123,-2.6286310256465817
0.26702036569874843,-3.9020165906411077,-2.6305618222288847
0.2670043623416283,-3.912208285075931,-2.632462098932621
0.2669883530186972,-3.9223962749894357,-2.6343224182870286
0.2669723753016883,-3.932600765115063,-2.6361545437524114
0.26695642345299114,-3.9427971954798116,-2.6379593652993956
0.2669404791846968,-3.952999477609314,-2.639729166611663
0.2669245505073503,-3.963200542011382,-2.6414672619593875
0.26690873448998986,-3.9733326148650647,-2.6431610036164903
0.2668930477189314,-3.983392153990793,-2.6448027114188495
0.2668775463406145,-3.9933396757526993,-2.646381104618435
0.26686209611307665,-4.003256331601802,-2.6479312387358465
0.2668468054402347,-4.013081909690543,-2.649432588611858
0.26683163819541933,-4.022839455886082,-2.650889790214821
0.26681646287000005,-4.032614193320351,-2.652313473098979
0.26680129275198883,-4.042397462088258,-2.6537023476050927
0.26678603302352777,-4.052257426200143,-2.6550183416697046
0.2667706214323017,-4.062238540361208,-2.6562478513216394
0.2667552040885366,-4.072238066775345,-2.6574278101574977
0.2667397867278517,-4.08225313198963,-2.658556429484754
0.2667243452361535,-4.0922999287641275,-2.659635199034363
0.2667086831570573,-4.102505853680667,-2.660680932807284
0.26669246776360267,-4.1130878079657,-2.6617171690234454
0.26667566115410546,-4.124071303398473,-2.6627451243832807
0.26665826533382975,-4.135455728248882,-2.6637632128114537
0.2666404854803647,-4.147107099075021,-2.6647582053574017
0.26662277251404065,-4.158720305261373,-2.665699163783588
0.26660506150694585,-4.170335681614574,-2.6666346281272615
0.2665873964294488,-4.181933257586068,-2.6675328224875354
0.26656978312039703,-4.193509062577644,-2.6683933748878776
0.26655223312735365,-4.205055658758915,-2.669214041996375
0.266534724240354,-4.216579883535536,-2.6700211933020666
0.26651728380493417,-4.2280552727912175,-2.670826244707659
0.26649996413956734,-4.2394557974231795,-2.6715955869205863
0.26648261906999077,-4.250886989295496,-2.6723277455118666
0.26646502750512785,-4.262494637911183,-2.6730318154873345
0.26644711117550357,-4.274330199806768,-2.673711097180299
0.2664286768280129,-4.28652114825459,-2.674372112417604
0.26640995724214905,-4.298912050857993,-2.67498569031419
0.26639087994653005,-4.311549315395323,-2.67554376731321
0.266371522467554,-4.324397454137065,-2.6759894750199593
0.2663521176985506,-4.3372849563277525,-2.6764089947785545
0.2663326985394073,-4.350191054340394,-2.6768019007024275
0.2663132236906437,-4.3631457196609675,-2.677163897402788
0.266293722507691,-4.3761309843405165,-2.677492101731716
0.26627416713351115,-4.3891664836628435,-2.6777854368957774
0.26625460221691,-4.402223296635437,-2.67804138159502
0.26623504359981953,-4.415291289476186,-2.6782580011294828
0.26621549084430407,-4.4283707894158555,-2.678433764695699
0.2661959472802159,-4.441459239233458,-2.678567003075
0.26617703217395505,-4.454258647558298,-2.678777374287593
0.2661619104413422,-4.466961796273345,-2.679015380662027
0.2661418020320131,-4.479643584108947,-2.6792421104014945
0.26612232509217265,-4.49228175650242,-2.679425253127842
0.26610354889789234,-4.504778821132512,-2.679616731962321
0.26608311122007827,-4.517359533666043,-2.6796824884368413
0.2660640150018984,-4.529799498023268,-2.679668454719061
0.2660456677056382,-4.5420851938166225,-2.679700348754069
0.2660275049669465,-4.554263463329483,-2.679677742983249
0.26600970510139377,-4.566280837679887,-2.679380762600357
0.26599241368628335,-4.577964495527854,-2.6789901107112324
0.26597559184163194,-4.589364265451415,-2.678543324673461
0.2659591159662495,-4.600557590785147,-2.6780299490984762
0.2659427601013121,-4.61168160249319,-2.6774663542126182
0.2659265459476246,-4.622725987066911,-2.6768518979524587
0.26591048799197503,-4.633681766434243,-2.6761865395723397
0.26589448838233154,-4.644616120502721,-2.675466938826436
0.2658784510238692,-4.655595197830957,-2.674688936958362
0.2658624239520002,-4.666587010172046,-2.673853028832868
0.2658463582688708,-4.677625447107113,-2.6729561054744013
0.26583024262920985,-4.688718658360663,-2.6719963630627506
0.26581398031671755,-4.699933039945869,-2.6709681224197563
0.2657973899263777,-4.711393372531376,-2.669859973941598
0.2657807512581121,-4.7229077949504426,-2.668683793055726
0.2657640572140336,-4.734479632120474,-2.6674419056945418
0.26574735613236666,-4.746074381670488,-2.6661381297833526
0.2657306816503415,-4.757663822249829,-2.664769359996017
0.2657142703719731,-4.7690499094459815,-2.66344709161139
0.26569874562403,-4.779720152154923,-2.6625307875792243
0.2656834421526286,-4.790238039104902,-2.6616352789924074
0.26566818267544834,-4.800742373517595,-2.6606930241422986
0.265652964466245,-4.81123520655063,-2.6597042176959134
0.26563778332707033,-4.821719410150575,-2.6586690585196306
0.2656226481286418,-4.832188690095327,-2.6575884178460285
0.26560753190931796,-4.842657109940504,-2.6564645384475685
0.2655923618490249,-4.85316470090525,-2.6553030987694783
0.26557723139125433,-4.863661367189389,-2.6540900674231045
0.26556214024681596,-4.874148422011173,-2.652823064710096
0.26554707898830476,-4.884632564040887,-2.6515020340859854
0.26553203774566886,-4.895122339829686,-2.6501209170963604
0.26551687596258416,-4.905722003875707,-2.6486295946062537
0.26550181853708943,-4.917054698160279,-2.646617296549034
0.265485273458957,-4.92868808609816,-2.644336865409831
0.26546877933362456,-4.940328019921832,-2.64200074993187
0.2654523438201444,-4.95196375158956,-2.6396144395445114
0.2654359113465124,-4.963573443902078,-2.6371942028965507
0.26541965574910154,-4.97504323906066,-2.6347885871013723
0.2654036407726059,-4.98644294919716,-2.632444124820976
0.2653876520348658,-4.997829499188495,-2.6300960940576124
0.265371707961237,-5.0091993689554535,-2.6277135629570574
0.26535577443145725,-5.02056821598424,-2.625322812018417
0.2653398395523914,-5.031924113960434,-2.6229240956475
0.2653239905935917,-5.043251698241004,-2.620517950656774
0.26530840918705423,-5.0544040611089285,-2.6181061160150776
0.26529453663462543,-5.0650702016949705,-2.615743459524667
0.26528008059103414,-5.075333836297033,-2.613334705434352
0.26526597002654306,-5.085433554985704,-2.6107614367258707
0.26525220370522695,-5.095122756879189,-2.608258991044632
0.2652398587506408,-5.1043455828251485,-2.605677054639523
0.26522745669958303,-5.11331394898796,-2.6031446086389263
0.26521610683626184,-5.121805091576962,-2.6006548429205463
0.26520483121820426,-5.129988153584049,-2.598168811831627
0.26519412758381994,-5.1377840655628715,-2.5957550448472513
0.26518399070745136,-5.145192092485102,-2.593418220120732
0.2651744146104652,-5.152212918716455,-2.591161459110502
0.2651652579753916,-5.158867927459426,-2.5889736491864843
0.26515710662295155,-5.1651173028190325,-2.5868980450935073
0.26514914451722094,-5.170979639001187,-2.5849007776906823
0.26514170008191135,-5.176411568526661,-2.5831507655498864
0.26513468429155185,-5.181577682842919,-2.581292987697368
0.2651283077731281,-5.186285903766578,-2.579585556526445
0.2651226078853651,-5.190556215027158,-2.57801571949237
0.26511745306673773,-5.194429086465883,-2.576560912165235
0.2651128408941684,-5.197905017372604,-2.5752239370315797
0.26510876909526576,-5.200984496200487,-2.5740074728290336
0.2651052355375155,-5.20366799971877,-2.5729140783268343
0.26510223821836376,-5.205955992244622,-2.5719461959448884
0.2650997752562658,-5.2078489249480455,-2.571106155216748
0.26509784488276567,-5.209347235224134,-2.570396176101705
0.2650964454356456,-5.210451346127279,-2.5698183721510017
0.2650955657640054,-5.211168786655856,-2.5693723827664834
0.2650948693669668,-5.211748885607914,-2.5689767808599493
0.2650941901684293,-5.212314842740731,-2.5685908230948007
0.26509352833965516,-5.212866478780249,-2.5682146317152
0.26509288405015885,-5.21340362225717,-2.5678483236453893
0.26509224863222036,-5.213931710279083,-2.567487559266788
0.26509164069125185,-5.214439027730003,-2.567141591910063
0.2650910507723872,-5.214931340754877,-2.5668058567891547
0.26509047903056737,-5.215408513770336,-2.566480446384258
0.265089925614839,-5.215870417101633,-2.56616544914313
0.2650893906683048,-5.216316926848074,-2.5658609495734126
0.26508974426319176,-5.216663444131692,-2.5656266463199926
0.2650892364779933,-5.21697045080713,-2.565417315204809
0.2650887541188205,-5.217277526686723,-2.5652079307595113
0.26508829254572536,-5.217584666083828,-2.5649984979623404
0.2650878125176724,-5.217908672838937,-2.5648136588873456
0.2650872317128692,-5.218287130817464,-2.564708407051327
0.26508643152154554,-5.218816195988403,-2.564619092879142
0.2650851338933904,-5.219726465283443,-2.564387450857927
0.2650833254090734,-5.221028070160627,-2.564005648747415
0.26508097156557603,-5.222696233792842,-2.563489728425615
0.26507819446346426,-5.224743896041309,-2.562830144085211
0.2650748608643949,-5.227216816844885,-2.5619949915865075
0.2650710104376346,-5.230082240914382,-2.5610060155756194
0.26506664596645735,-5.233337970911876,-2.559863851716762
0.2650617782218718,-5.2369655539548585,-2.558576266774635
0.2650564136330727,-5.24097695579545,-2.5571419892041125
0.2650505334490909,-5.245383207029659,-2.555553297850386
0.2650441346494108,-5.250182459257651,-2.5538086278060943
0.26503721680501025,-5.255373896731729,-2.5519078665598176
0.26502978080235184,-5.2609550429657785,-2.5498520438470766
0.26502186216751245,-5.266899534568382,-2.547660169379795
0.265013468375476,-5.273201321327621,-2.545334699831604
0.26500456880853673,-5.279881194455355,-2.542855822116128
0.264995176765935,-5.286926922143871,-2.540246312733987
0.26498531176297313,-5.294329579699017,-2.5375019686777662
0.2649749747635838,-5.302089132598344,-2.5346218005698553
0.2649641545659598,-5.310215645503797,-2.5315980080533027
0.264952856875575,-5.318704967010374,-2.5284327030751377
0.2649410909025811,-5.327550008345889,-2.5251296138401655
0.2649287710446383,-5.33681363061754,-2.5216472780627397
0.264915479652606,-5.346843918933928,-2.5177464715543287
0.2649015918982547,-5.357336059878774,-2.5136314439109833
0.26488719849582154,-5.368215664988954,-2.509351457084368
0.2648723018289359,-5.379482251366511,-2.5049052398172553
0.2648569039843236,-5.391135411827302,-2.5002915022671743
0.26484100696333146,-5.403174703480904,-2.495508906223367
0.2648246155503643,-5.415597337469936,-2.4905569258467377
0.26480802862881625,-5.428167432464837,-2.485522680915061
0.2647914759457123,-5.440718155238324,-2.48047832804051
0.26477495861775846,-5.453253865770548,-2.475415690330914
0.26475846819180343,-5.465778233434941,-2.470341487028731
0.2647420099043476,-5.4782872385787575,-2.4652562023593374
0.26472558757092624,-5.490776491257862,-2.460163904188533
0.2647092120745017,-5.5032367384891385,-2.4550680866657104
0.2646932620018031,-5.515342017363507,-2.450185692286769
0.26467800939421815,-5.526876149855168,-2.445668308698628
0.2646628325088732,-5.5383601674712395,-2.4411591673829447
0.26464770071743293,-5.549818239086628,-2.436643705618772
0.2646325398622361,-5.561295119314511,-2.4321043602881915
0.264617350925125,-5.572795785503308,-2.427535809415392
0.26460216070628745,-5.584326905754474,-2.4228584909561266
0.26458661861834354,-5.596195622136902,-2.41779683031207
0.2645715010554315,-5.6077667193422815,-2.4127820198325667
0.26455686583016574,-5.618980470639598,-2.4078899296083365
0.2645427127376121,-5.6298373480411374,-2.4031214865980233
0.26452904117909937,-5.640337844349628,-2.3984776604749016
0.26451585018095053,-5.650482472831748,-2.393959462184871
0.2645030727639859,-5.660322026055978,-2.3895463408799866
0.26449034528936927,-5.670134553403219,-2.385119454849174
0.2644779044001214,-5.679738487016027,-2.380757505019946
0.26446593907027327,-5.688988193043268,-2.3765245232899397
0.26445426768355745,-5.698022194600324,-2.3723612398512786
0.2644426294144624,-5.707040259599443,-2.368180398136909
0.264431067419023,-5.7160020772583655,-2.3639945919569096
0.26441984381771605,-5.724710337620387,-2.359897417502133
0.26440945981701125,-5.733156006537191,-2.3559088995752213
0.264398811073034,-5.741365974731449,-2.351996340312508
0.26438854577707704,-5.749298925299712,-2.348190833490088
0.26437849603509,-5.757081513965025,-2.3444362651643456
0.2643685659094668,-5.764782248386179,-2.340705606803592
0.2643588298021835,-5.7723136599601546,-2.3370532047941768
0.2643493393809279,-5.779694618153161,-2.3334416685772914
0.26434013598430484,-5.786773432889715,-2.3300097388299394
0.26433180847525195,-5.793215207180162,-2.32700903827728
0.26432438792316176,-5.798907982655773,-2.3245219339328025
0.2643171826631189,-5.80443570756575,-2.3221116627875693
0.26431003658777374,-5.809930387632937,-2.3196828208441054
0.26430319635075417,-5.815535222094468,-2.3171859288919667
0.26429581425293774,-5.821161517412295,-2.3146528824464108
0.26428845844468624,-5.826783722815662,-2.3121049607875768
0.2642811269347797,-5.832393119477862,-2.309550810024071
0.264273727871136,-5.838023800066734,-2.306964942342126
0.2642663873671893,-5.843690217696586,-2.3043464180249846
0.2642590325966781,-5.849344660666652,-2.3017243902691544
0.26425076147891546,-5.855755176029247,-2.298678055814871
0.26424141667346823,-5.8630162601473685,-2.2951832979879763
0.2642317327463335,-5.870526009529681,-2.2916204300537326
0.2642220670323082,-5.878033040627516,-2.2880299248919287
0.26421242509164666,-5.885536284856457,-2.2844027000222793
0.26420280144170216,-5.893039413052332,-2.2807389184479354
0.2641931537992799,-5.9005746134016155,-2.277025304114048
0.26418351372573956,-5.9081166609549625,-2.2732759992380465
0.2641738849028238,-5.91566158273934,-2.269496099751414
0.26416425979999525,-5.923208067995921,-2.2657074952371814
0.26415470031934307,-5.930716253068445,-2.2619034843165284
0.2641452789455695,-5.938142233616601,-2.2580674792604634
0.2641359763862909,-5.945499532714221,-2.254196793419416
0.2641266995768254,-5.952844183969001,-2.2503129515465456
0.26411743794820364,-5.960181949694106,-2.246419781451186
0.2641081850626432,-5.967517390892994,-2.242515423583968
0.26409894174638304,-5.974849449138524,-2.238600535796921
0.2640897126708821,-5.982173939862049,-2.2346774455083698
0.26408054735256503,-5.989439450551407,-2.230786184315069
0.26407170276556036,-5.996449841876728,-2.227033711466283
0.2640643630657876,-6.003091534193624,-2.2234572284079466
0.26405663833113624,-6.009366015123514,-2.220014678825199
0.2640489571540193,-6.015299941170839,-2.216798322470419
0.2640412959712387,-6.020857547705132,-2.213736247535835
0.2640356876777864,-6.026073521945667,-2.2108409483000746
0.2640293073275421,-6.030945078321136,-2.2081593627630993
0.26402405325819955,-6.034996838789251,-2.205932051267058
0.26401988554021405,-6.038189137250579,-2.2042320307092025
0.26401672929698283,-6.040578712952752,-2.203023391054621
0.2640135339955737,-6.042779341472964,-2.2018995558265364
0.2640106764318825,-6.045012274562023,-2.200754470928198
0.26400782140704815,-6.047245870020825,-2.1996090104569506
0.2640049689517415,-6.049479814148038,-2.198463110710588
0.2640021687750813,-6.051675157583467,-2.197335329465447
0.263999761540617,-6.053570250580282,-2.19634006867118
0.26399781072104894,-6.055116662638867,-2.195497062918121
0.2639963263102683,-6.056301544566939,-2.194823250874334
0.26399508794755766,-6.057319905837421,-2.1941561492169765
0.2639938867086473,-6.058316465565438,-2.19347977485171
0.26399268483425437,-6.059314039112822,-2.192802634519208
0.26399148223742164,-6.060312613228492,-2.192124738982247
0.26399027884995213,-6.061312174831681,-2.1914460988308777
0.263989629595176,-6.062256698939387,-2.1907727654958653
0.2639883560639617,-6.063244699303839,-2.190097519893346
0.2639868346392675,-6.064248470939235,-2.1894175904714643
0.2639855744888955,-6.0652542775605545,-2.188737206297035
0.26398436140532644,-6.066258938982076,-2.1880547457465154
0.2639831482451638,-6.067264507463411,-2.1873716025208383
0.26398193484356086,-6.068270971288634,-2.186687786437796
0.263980721068216,-6.069278318860553,-2.1860033071183835
0.26397950681348137,-6.070286538705524,-2.1853181740003045
0.2639782919955277,-6.071295619477043,-2.184632396349325
0.2639770765483772,-6.072305549958328,-2.183945983268836
0.2639758604197123,-6.073316319017471,-2.183258943738334
0.26397464356554334,-6.074327915637304,-2.182571286589116
0.2639734259631844,-6.075340328964919,-2.181883020529613
0.26397220758805173,-6.076353548351939,-2.1811941540471462
0.26397098842463795,-6.077367563263629,-2.18050469551996
0.2639697684609311,-6.0783823633097995,-2.179814653183404
0.2639685476920471,-6.079397938211786,-2.1791240351729257
0.26396732611662077,-6.080414277818779,-2.1784328495057883
0.2639660971382349,-6.081431627835668,-2.177741489640152
0.26396535442421104,-6.082441299443629,-2.177054524461058
0.26396404552227204,-6.083459964988623,-2.1763618477607896
0.2639627513004427,-6.084479339100783,-2.1756686043899824
0.2639614689492273,-6.085499415333155,-2.174974807244113
0.2639601961727789,-6.086520186807611,-2.1742804681176184
0.26395893109530844,-6.087541646312781,-2.1735855978877194
0.26395767218454713,-6.088563786384134,-2.172890206664868
0.26395641818915827,-6.089586599369508,-2.1721943039159015
0.2639551680875575,-6.09061007748273,-2.1714978985648377
0.263953921046062,-6.091634212847503,-2.1708009990754205
0.2639526763846668,-6.092658997533262,-2.1701036135187235
0.26395143354905437,-6.093684423584434,-2.1694057496285817
0.2639501920877029,-6.094710483044231,-2.1687074148470757
0.2639489516331586,-6.095737167973956,-2.1680086163619148
0.2639477118867167,-6.096764470468575,-2.167309361137203
0.26394647260588755,-6.097792382669237,-2.166609655938811
0.2639452335915682,-6.098820896809844,-2.1659095073201713
0.2639439946901779,-6.09985000507945,-2.165208921779561
0.2639427557706305,-6.100879699845501,-2.1645079055658143
0.2639415167297586,-6.1019099735150775,-2.1638064648285265
0.263940277484885,-6.102940818574239,-2.1631046055937904
0.2639390379700631,-6.103972227590847,-2.1624023337726004
0.26393779813279017,-6.105004193209876,-2.1616996551720895
0.26393655793059445,-6.1060367081431135,-2.16099657550667
0.2639353173316167,-6.107069765216849,-2.1602931003784693
0.2639340763100033,-6.108103357276085,-2.1595892353415955
0.2639328348511508,-6.109137477463485,-2.1588849857271013
0.2639315929395337,-6.110172118796884,-2.1581803569147304
0.2639303505655901,-6.11120727445151,-2.15747535415701
0.26392910772291767,-6.112242937688849,-2.156769982626397
0.2639278644076714,-6.113279101856167,-2.1560642474175036
0.26392662061806993,-6.114315760385926,-2.1553581535491135
0.26392537635399316,-6.115352906795106,-2.1546517059659895
0.26392413161665296,-6.116390534684463,-2.1539449095405265
0.2639228864083233,-6.117428637737722,-2.153237769074271
0.2639216407321206,-6.11846720972074,-2.152530289299338
0.26392039459182415,-6.119506244480624,-2.1518224748797197
0.26391914799133753,-6.120545735948174,-2.1511143304098828
0.26391790093620493,-6.1215856781236395,-2.1504058604263294
0.2639172124331324,-6.1226231905119315,-2.149699258380912
0.2639158644983755,-6.12366282965208,-2.1489912327533025
0.26391453306653684,-6.124704177129045,-2.1482819756097697
0.26391321632907894,-6.1257459348057015,-2.147572381662669
0.2639119115367832,-6.126788100243857,-2.146862460357624
0.2639106164420061,-6.127830670503123,-2.146152220127824
0.26390932920731613,-6.1288736422440495,-2.145441668568917
0.2639080483307752,-6.129917011812528,-2.144730812582099
0.26390677258483025,-6.130960775308815,-2.1440196584911826
0.2639055009663363,-6.13200492864399,-2.1433082121384066
0.26390423265568236,-6.13304946758607,-2.1425964789628655
0.2639029669833596,-6.134094387797671,-2.141884464064744
0.2639017034026181,-6.135139684866704,-2.1411721722579413
0.2639004414671002,-6.136185354331385,-2.140459608113229
0.2638991808135283,-6.1372313917505625,-2.1397467759609547
0.26389792114270194,-6.138277792523041,-2.1390336800487617
0.2638971738097444,-6.1393201660093055,-2.1383237450750134
0.26389582287058627,-6.140367384628995,-2.1376103107862843
0.2638944891683501,-6.141414937057206,-2.136896590134409
0.26389316950740827,-6.142462818835477,-2.136182595042664
0.2638918612711426,-6.143511028494494,-2.135468333822092
0.26389056232000996,-6.1445595640671495,-2.1347538138350703
0.2638892709046468,-6.145608423188621,-2.1340390416605763
0.2638879855948026,-6.146657603178264,-2.133324023229378
0.2638867052212198,-6.147707101106599,-2.1326087639346394
0.2638854288281008,-6.148756913850104,-2.1318932687224157
0.26388415563423057,-6.1498070381359895,-2.131177542165718
0.2638828850011812,-6.1508574705787815,-2.1304615885251663
0.263881616407304,-6.151908207710145,-2.129745411798646
0.26388034942645805,-6.152959246003217,-2.129029015762029
0.2638790837106103,-6.154010581892384,-2.1283124040025423
0.26387781031744184,-6.155063449759689,-2.1275970222489846
0.2638765315712767,-6.156124258202841,-2.1268886766609922
0.26387526893495783,-6.157176434608339,-2.126171456365088
0.2638740065653101,-6.158228894803141,-2.1254540334638867
0.2638727443618627,-6.159281635178781,-2.124736410847156
0.2638714822428788,-6.160334652154216,-2.1240185913378915
0.2638702201419289,-6.161387942179202,-2.1233005776980605
0.26386895800508936,-6.16244150173692,-2.1225823726333903
0.263867695779463,-6.1634953273105095,-2.121863978821204
0.2638664334563179,-6.164549363077853,-2.1211453781265575
0.26386517098971984,-6.165603606092442,-2.1204265748817654
0.26386390821656447,-6.166658103808652,-2.1197075880839313
0.2638626450943737,-6.1677128491891375,-2.1189884206040315
0.26386138155497474,-6.168767833649785,-2.1182690731866667
0.26386011698483886,-6.1698229890668905,-2.11754975737189
0.26385885267281817,-6.170877748755202,-2.1168304589482694
0.2638575888029484,-6.171932125835697,-2.116111421588003
0.2638563256853177,-6.172985866685215,-2.1153928182228983
0.2638550636282186,-6.17403871876035,-2.114674821056235
0.26385380292882415,-6.175090437919234,-2.113957596564639
0.2638525438780606,-6.176140784515138,-2.1132413081615575
0.2638512867651872,-6.17718951970593,-2.1125261187136437
0.263850031882223,-6.178236401866833,-2.111812192986772
0.26384877952835856,-6.179281182996134,-2.111099700096905
0.2638475289301737,-6.180323663189233,-2.110388988103982
0.2638462994942432,-6.18135242289183,-2.1096766330275325
0.2638450883717085,-6.1823638320250955,-2.1089847328674414
0.2638438767272753,-6.1833748354883475,-2.1082952749427357
0.26384266617444324,-6.184384931049584,-2.107606436128185
0.2638414569547776,-6.18539391770247,-2.1069183534992706
0.26384024963297903,-6.1864013249027,-2.106231347944954
0.2638390449985414,-6.187406494576768,-2.1055458682411063
0.2638378440053345,-6.1884086315018045,-2.104862456693566
0.2638366477392118,-6.189406830311096,-2.1041817307215203
0.2638354574075915,-6.190400084172247,-2.1035043769393895
0.2638342743478588,-6.1913872777670536,-2.1028311559442794
0.26383310005394606,-6.192367165106416,-2.102162917445325
0.2638319362230836,-6.193338330517219,-2.101500626869034
0.26383078457108877,-6.194299340560273,-2.100845261755768
0.2638296472029107,-6.195248442799681,-2.100198017200854
0.26382852731226725,-6.196182970291983,-2.0995607119421438
0.26382742844806717,-6.197099961565877,-2.0989353655774594
0.263826355358608,-6.197995455294555,-2.0983246795605646
0.2638253147599873,-6.198863848007902,-2.097732475218519
0.26382431587700894,-6.199696645030363,-2.0971650094501904
0.2638241037641929,-6.200143362241538,-2.096861017889331
0.26382427556115645,-6.199786678900249,-2.097109808604259
0.2638252916124193,-6.198897766477633,-2.0977201520548032
0.26382651606216,-6.197872791498569,-2.098419074309244
0.2638277156518574,-6.19686893517829,-2.099103586643757
0.2638288903367193,-6.195886211057266,-2.0997736845714914
0.263830040115887,-6.194924633159128,-2.1004293642806866
0.263831164863548,-6.193984232933845,-2.101070604311798
0.2638322637459371,-6.1930654175368645,-2.101697126221585
0.26383346859892165,-6.192059285109263,-2.1023809420466195
0.2638350891331497,-6.190709221771899,-2.1032920627997744
0.26383713885232873,-6.189003971937979,-2.104438142337496
0.2638396176271494,-6.186943606873214,-2.1058193023857115
0.2638425253481175,-6.184528198995436,-2.1074356664837115
0.26384586192402026,-6.181757822751736,-2.109287360029456
0.2638500236866986,-6.178818883374161,-2.1112475359295195
0.2638531134615447,-6.176159305898951,-2.113027798742775
0.2638558341037598,-6.173822237710658,-2.1145953916856444
0.26385816855942207,-6.171818770050543,-2.11594257352553
0.2638601138559277,-6.1701488247658585,-2.1170692209451913
0.26386161096364485,-6.1688124072548485,-2.1179745557485967
0.2638628757326287,-6.167731321057161,-2.1187114238939815
0.2638641263075714,-6.1666667122232575,-2.11943738167351
0.26386538171641005,-6.165601978323746,-2.1201634260048485
0.2638666411141475,-6.164537121523875,-2.1208895554246183
0.263867903809311,-6.1634721438631015,-2.1216157685469756
0.2638691692359926,-6.162407047274499,-2.122342064052058
0.2638704339132603,-6.161344332604755,-2.1230667813228177
0.26387147160741736,-6.160471041692746,-2.1236656935991904
0.2638721132696442,-6.159926951400864,-2.1240458589294238
0.2638723541631537,-6.159715836578351,-2.124204622505858
0.26387219425210845,-6.159837631792592,-2.1241418824380944
0.2638716335549852,-6.160292272832875,-2.123857538800771
0.2638706721384697,-6.161079696695728,-2.123351493599208
0.26386933841061494,-6.162176388973581,-2.122639258988316
0.2638679022262592,-6.163358722144532,-2.121869570851378
0.2638664636431084,-6.16454372394359,-2.1210976434891604
0.2638650253992304,-6.165729075489395,-2.120325026004033
0.26386358743944904,-6.166914780651665,-2.1195517214159505
0.26386214931610624,-6.16810117491624,-2.1187775115159413
0.26386071994761057,-6.169280750741547,-2.118007037538777
0.2638592935868028,-6.170459106461801,-2.1172338917267486
0.26385786640540126,-6.171637996942164,-2.1164634153029303
0.26385643848602924,-6.172817923088033,-2.115691824239429
0.2638550085962196,-6.173999883182766,-2.1149184573824016
0.26385358230118394,-6.175179238928657,-2.114146415487988
0.2638521551773797,-6.176359642205942,-2.113373267479123
0.2638507287931066,-6.177539769399746,-2.1125999010138057
0.2638493003123673,-6.178721944080353,-2.1118247687498295
0.26384787859370706,-6.1798987101853875,-2.1110528585435095
0.26384649429445695,-6.181042215317962,-2.1103026869479975
0.2638454470360653,-6.182178802060705,-2.1095533418586294
0.26384402617943614,-6.183303462285057,-2.1088096357777846
0.2638426194228929,-6.184426602354452,-2.108064022256243
0.2638410867096828,-6.185525122857059,-2.1073428079049847
0.2638398230126005,-6.186569792918508,-2.106643686016843
0.2638385596048741,-6.187615015316249,-2.1059434763928144
0.26383729609156115,-6.188660894987999,-2.10524243381173
0.2638360320409997,-6.189707562975363,-2.1045408417247584
0.26383476747319284,-6.190754965136755,-2.103838692161866
0.26383350256492005,-6.191802986959381,-2.1031358799499786
0.2638322371422046,-6.192851668909165,-2.102432539254965
0.2638309713484578,-6.1939009204843885,-2.1017285974855335
0.2638297052055737,-6.1949507074242804,-2.1010240637322286
0.26382843861372063,-6.196001050441535,-2.100319030358822
0.2638271732243141,-6.197051220095755,-2.099612437669761
0.2638259108142141,-6.19810041626058,-2.0989031943386416
0.26382464923147547,-6.199149526089539,-2.0981928022698315
0.26382338916573317,-6.200198234367846,-2.0974808477320805
0.263822135802051,-6.201239999159356,-2.0967734622513574
0.2638208919333723,-6.20227656078257,-2.096067538146093
0.2638196539838707,-6.203308399052719,-2.0953613567108444
0.2638184493839457,-6.204313563366048,-2.0946741905885022
0.26381724363662584,-6.205318896277836,-2.0939890644236776
0.2638160371946612,-6.206324627240052,-2.0933037090726248
0.26381482919282917,-6.207331584035201,-2.0926176872919298
0.26381361930256064,-6.208340151581643,-2.0919305764907676
0.2638124072419398,-6.209350555358615,-2.091242247922212
0.26381119285551613,-6.210362937396849,-2.0905525789959167
0.2638099760718295,-6.211377382402979,-2.089861457780031
0.2638092219743067,-6.212382623261683,-2.0891816614174026
0.26380799030843916,-6.213330879172046,-2.0885501500004975
0.26380685517108393,-6.214219792011754,-2.0879504385705014
0.26380573662673806,-6.2151073683062545,-2.0873456459886777
0.2638046240979529,-6.215998193959327,-2.086738660280133
0.2638035153917081,-6.2168926675255305,-2.0861290623713167
0.26380240856535775,-6.217791212266033,-2.085516501889993
0.26380130200535923,-6.218694218634442,-2.0849006152547047
0.26380019390952464,-6.21960223426508,-2.0842813252239374
0.2637990830177769,-6.220515640659425,-2.0836583693146276
0.2637979684373446,-6.221434541373778,-2.083031675264908
0.2637968533105929,-6.222355755965298,-2.082403410749918
0.2637956937301299,-6.223295074625746,-2.0817607778616867
0.2637945598566357,-6.224239275532493,-2.081116871130462
0.26379342128682937,-6.225187831817378,-2.080469993611
0.26379227676311345,-6.226141720022016,-2.0798194794638
0.26379112641408,-6.227100548546018,-2.079165641839119
0.26378997391283876,-6.228061386132181,-2.0785103869205757
0.2637888202942122,-6.229023394992489,-2.0778543330445327
0.26378766570760315,-6.229986439645618,-2.077197572798109
0.2637865099273594,-6.2309506746571754,-2.076540000779652
0.26378535244596,-6.231916396315714,-2.0758816332749976
0.26378419204379283,-6.232884150203649,-2.0752230937157283
0.26378303129011116,-6.233852914740339,-2.074562522426675
0.26378186827893324,-6.234823692620119,-2.073900488648897
0.26378070220824834,-6.235796954271457,-2.0732370784614864
0.26377993007862244,-6.236773153745142,-2.072574934823848
0.26377869086773686,-6.237745282446281,-2.0719161501832866
0.26377754175569185,-6.238668111674236,-2.0712449455451876
0.2637763888802098,-6.239593477964926,-2.070603861767065
0.26377522348030813,-6.240529852178761,-2.069974454514669
0.2637740632928425,-6.24146829746394,-2.0693430577405776
0.26377278725023634,-6.242410567132722,-2.0687095076904236
0.2637716335863318,-6.243364163263046,-2.0680803322933023
0.2637704959550389,-6.244313637299321,-2.0674357952240685
0.2637693553827246,-6.245266201185485,-2.066787568748779
0.26376820774703214,-6.246224340113594,-2.0661364526928923
0.2637670521607717,-6.2471888294544105,-2.065481848471516
0.26376588880329077,-6.248160001973344,-2.064822288928274
0.2637647165021686,-6.249138709314254,-2.0641574697658167
0.26376353484651655,-6.250125484803353,-2.063486509478003
0.263762342468503,-6.251121779099109,-2.0628075379890176
0.263761134862773,-6.252130836832807,-2.062119413745918
0.2637599175357442,-6.2531480879228765,-2.0614256843383525
0.2637587073323999,-6.2541592071358005,-2.0607366603279105
0.26375747884108325,-6.255185084166978,-2.0600390664911292
0.2637562345497574,-6.256223665114711,-2.059334288425934
0.26375498023057947,-6.257270122225338,-2.0586252649041348
0.2637537227323923,-6.258318869812882,-2.0579153919031703
0.26375246236861705,-6.259369881736287,-2.057204533859794
0.2637512948526398,-6.260358011314399,-2.0564925767160678
0.26375017345518836,-6.261293031129737,-2.0558615534334166
0.263749047393238,-6.262230981583578,-2.0552311544016484
0.26374792534616154,-6.263167970258797,-2.0545948756479233
0.26374680221650093,-6.264105604822033,-2.053959047188328
0.263745681676133,-6.265040937885186,-2.053325306041439
0.2637445671663885,-6.265971273272243,-2.0526948658550426
0.2637434620979243,-6.266893667071778,-2.052069983507934
0.2637423709561869,-6.267804590098303,-2.051452404481544
0.263741297304283,-6.268700960620535,-2.0508445274353266
0.26374024705087057,-6.269577972955049,-2.050249262827662
0.26373922378776493,-6.2704327447598995,-2.049668289740219
0.2637382309683144,-6.271262388976368,-2.0491036133964866
0.2637372752981454,-6.272061204182247,-2.0485594664096443
0.26373636308434295,-6.272823968929534,-2.0480393421756475
0.26373550530796447,-6.273541324552184,-2.047550134001297
0.2637347275720585,-6.274191885918476,-2.0471064766991507
0.26373408083309224,-6.274733131252385,-2.0467373683610344
0.2637336715102256,-6.2750762062085155,-2.046503403769626
0.26373373726738236,-6.275022589754524,-2.0465396449150255
0.26373470559071044,-6.27421555422155,-2.0470900060250354
0.263735992631024,-6.273142634196009,-2.047821689731311
0.2637372796754,-6.272069705712862,-2.0485533792290798
0.2637385667170571,-6.270996770551948,-2.0492850733269297
0.2637398537502319,-6.269923831449174,-2.050016770181863
0.2637411407620434,-6.268850893182961,-2.05074846656696
0.26374242772113077,-6.267777966185768,-2.051480155422129
0.2637437144645888,-6.266705078284335,-2.0522118179932827
0.26374499749583824,-6.265633955877529,-2.052943531513385
0.2637462449788494,-6.264585057960089,-2.0536782218484206
0.26374744826023894,-6.263564582738529,-2.054417160014544
0.2637486071237375,-6.262572627496853,-2.0551605427525192
0.2637497217041067,-6.261609130981926,-2.055908293429653
0.26375079341872065,-6.260673478827717,-2.056659259091906
0.2637518225892509,-6.259765550623063,-2.0574131248201084
0.263752809351369,-6.258885312327619,-2.0581697070329175
0.26375375381466626,-6.258032745867556,-2.0589288252819653
0.2637546560628462,-6.257207849142804,-2.0596903021618753
0.2637555161539189,-6.256410636014003,-2.060453963218079
0.263756334173261,-6.255641095915259,-2.0612196271326972
0.2637570882663627,-6.25491516501901,-2.06198046562268
0.2637577481398711,-6.254261942421081,-2.0627078057855366
0.26375840364276715,-6.25360486265147,-2.063462431596368
0.26375903673735746,-6.252958941451687,-2.0642306489137776
0.2637596354057275,-6.252334507522847,-2.0650045683055613
0.26376019236229914,-6.251737822923483,-2.065779407085743
0.2637607074520996,-6.251169036941005,-2.0665550120449585
0.2637611804721091,-6.250628329946262,-2.067331233996568
0.26376161118257846,-6.250115906119162,-2.068107926592248
0.26376199931502586,-6.249631988312547,-2.0688849454713707
0.2637623445778693,-6.249176814438728,-2.0696621476464543
0.26376264666038024,-6.248750634937162,-2.0704393910545416
0.2637629052354562,-6.248353711004941,-2.071216534223912
0.2637631199615671,-6.247986313359389,-2.0719934360194574
0.26376329048414104,-6.247648721364769,-2.072769955439826
0.2637633549439072,-6.247396627145324,-2.0734967680242113
0.2637630835183189,-6.2474379982114705,-2.0739869846253334
0.2637624589486768,-6.247790417191402,-2.0742197933194446
0.263761486222592,-6.248451486687855,-2.074191979376077
0.26376017036898003,-6.249418787337926,-2.0739003405453738
0.2637585164451657,-6.250689887485381,-2.073341685608388
0.26375690421297837,-6.2522555244659,-2.0725053715405264
0.26375452630016877,-6.254125607602712,-2.071401441020254
0.2637517551891889,-6.256374437696511,-2.0699253371499062
0.2637483280351643,-6.259225076829462,-2.067906744954284
0.263744230180745,-6.262689512079612,-2.0653340680630534
0.2637394307024032,-6.266790847841742,-2.062193135098035
0.2637341583559535,-6.271299818603284,-2.058601482948119
0.26372865126465633,-6.276093773414999,-2.054745376552187
0.26372286004039264,-6.281147548961919,-2.0506070678801587
0.26371680708369777,-6.2864707897983205,-2.0461928932505673
0.2637104823360924,-6.2920566656388335,-2.0414980209151454
0.2637046109939183,-6.297854691645123,-2.036485681273126
0.26369803375829926,-6.30366244216816,-2.0313257938170226
0.26369156278606576,-6.30943147498326,-2.0261021798588454
0.2636852541486825,-6.3151334688502985,-2.0207746551948564
0.26367906401631763,-6.320787773002213,-2.015372353440941
0.2636725318415656,-6.326682713242762,-2.009719676771204
0.2636659624752109,-6.332753354147612,-2.00385732810712
0.2636590777225186,-6.339125331196421,-1.997699801057052
0.2636518765255442,-6.345799614110321,-1.9912455013737207
0.2636446226307695,-6.352777721314139,-1.9844912945465902
0.26363684070388194,-6.3599685527081835,-1.9775124743776125
0.26362930043031074,-6.366954308083473,-1.9707083370764744
0.26362280087604223,-6.373688278761946,-1.9641658511563747
0.2636156112720446,-6.380206100639034,-1.9578068563662834
0.26360802946407713,-6.386607614122116,-1.951650804392008
0.2636011009785683,-6.392959128486184,-1.9457294952920168
0.26359416625177334,-6.399248274563678,-1.9400180162711922
0.26358787261522765,-6.405364076355748,-1.934218207906001
0.2635811640877461,-6.411608043778295,-1.9283636246216977
0.263574318016201,-6.417834145546582,-1.9224655022245722
0.26357543355296986,-6.423817360248403,-1.9166194869085977
0.2635677651718161,-6.429662447088731,-1.9108002910857687
0.2635569044830963,-6.435790887794017,-1.9046790108387037
0.26354904364572196,-6.442723843798299,-1.8979762470420936
0.2635378169178717,-6.449859676861724,-1.8911993969770133
0.2635290615678971,-6.456625440952804,-1.884831941158702
0.26352290795712807,-6.46286351210343,-1.8788857514347728
0.26350595254881537,-6.468829265128308,-1.8725342724810503
0.26350169240454846,-6.47459454613252,-1.8674348343986102
0.2634962016841377,-6.479663661323567,-1.8620200867994399
0.26346718475556785,-6.4843078988943414,-1.8578039868027563
0.263460299684957,-6.488938115190139,-1.8532620752803057
0.2634763434926293,-6.492871743704837,-1.8484261789072631
0.2634826160815909,-6.497579880723015,-1.8444865345744883
0.26348015498167443,-6.501096138136786,-1.8400912195730459
0.26345898079334645,-6.504439034057695,-1.8372471166107558
0.26345401585292766,-6.507398185301268,-1.8337838189907165
0.26345373732934674,-6.510092634733945,-1.8301246999964769
0.26346642220968763,-6.513299130345003,-1.8277570501059832
0.2634513395375039,-6.515084080097399,-1.8251312857305517
0.26345599833363514,-6.517217078418126,-1.8231850177933182
0.26343461277237923,-6.5184627291870525,-1.8210756504620187
0.26345027402856924,-6.520227579046102,-1.8202584900721301
0.2634322674446853,-6.521169968135108,-1.8175172190220736
0.2633978236115427,-6.522757744284401,-1.814866084523005
0.26341323888157386,-6.5252116453181,-1.8131769810285265
0.26344126130114837,-6.526476616569445,-1.8096881748641418
0.2634434176664724,-6.529100409385688,-1.8069651029875022
0.26343925694888504,-6.5311453242202795,-1.802938348957832
0.26343685742438,-6.533530057821598,-1.7989538645895518
0.2634550675547278,-6.536337019205918,-1.794774141316965
0.2634509571727138,-6.539145038739685,-1.7905152763323924
0.2634484439210881,-6.541926599732018,-1.7858132581125954
0.26344580441297033,-6.5449663246912175,-1.78094394510847
0.2634434365268979,-6.5482378228682085,-1.7757124120418881
0.26343999499279236,-6.551571425309205,-1.7700019859684852
0.2634376079632732,-6.554869620305987,-1.7640110547158765
0.2634351918810417,-6.558279367042283,-1.757714232453856
0.263432687752823,-6.561847844279351,-1.7510777626436371
0.26343017642576694,-6.565791783679668,-1.743980413448971
0.26342704512384607,-6.5699830026631405,-1.7364840025483061
0.2634235794389352,-6.574365972678001,-1.728619707807394
0.26342027146978186,-6.578943371619911,-1.7203670115090957
0.2634176909310604,-6.583723154958143,-1.711722758259133
0.2634191826170147,-6.588676185790457,-1.7027329209177162
0.26341033494142235,-6.593908885165861,-1.693389074809114
0.2634055503821305,-6.599475083837213,-1.6835760713744625
0.26340091101448143,-6.605524972313921,-1.673182134236883
0.2633962585480565,-6.611687641014461,-1.6623320605370002
0.2633914968365786,-6.618049686095966,-1.6512263280123192
0.2633865941336251,-6.624566046988031,-1.639878454400546
0.26338173375364893,-6.63117747003097,-1.6281567118343636
0.26337727314099546,-6.637913821025907,-1.616014160811308
0.2633723109992032,-6.644805910443222,-1.6034339398596755
0.2633673060491087,-6.651822472698592,-1.5904343124587774
0.2633621008692591,-6.659013975958317,-1.5771737631792828
0.2633571736571191,-6.666370477035078,-1.563416381518577
0.2633523593575057,-6.673565878904245,-1.549542403278789
0.2633484470468782,-6.680531280391744,-1.5359836192791356
0.2633439484825102,-6.686941991675578,-1.5229649710110098
0.26334011571652216,-6.693060791314795,-1.5103884789096758
0.263337432967107,-6.698956611809436,-1.4982301568796232
0.2633340035818842,-6.704875328782794,-1.4861075503190135
0.26333002527966975,-6.710782828817362,-1.4742031255415033
0.26332600342081314,-6.716537926857361,-1.4626727191406355
0.26332275500909763,-6.722214797586792,-1.4511873811380336
0.2633196238715991,-6.727635549397578,-1.4396538336753062
0.2633160104905446,-6.733317000089011,-1.4276095229714694
0.2633122366613725,-6.739332114977378,-1.415033830966355
0.2633083922872763,-6.745463968248563,-1.4021066764485395
0.26330498276327563,-6.75172572781128,-1.388833170782567
0.26330127620034327,-6.758047617936733,-1.3751932809999845
0.26329780949478265,-6.7642640954960225,-1.3612409640507563
0.2632943901270808,-6.770648671275284,-1.3467723676291246
0.26329200378738915,-6.7769966625682745,-1.3321287715394319
0.26328824171372256,-6.783481374807051,-1.3173547724723207
0.2632850873765841,-6.789691720872964,-1.302683160539066
0.2632821323182699,-6.795824175838806,-1.2879528184616456
0.2632791820746512,-6.801848770469208,-1.2734914949489455
0.26327658521547026,-6.807674852722716,-1.2591523538431983
0.26327417596838,-6.813287493151531,-1.2451589018139686
0.2632717676062465,-6.818842884272142,-1.2313738198069573
0.26327046025955114,-6.824375307524345,-1.217804291376733
0.26326773264223347,-6.829589283095464,-1.2046581813609134
0.26327213289594514,-6.834784707117573,-1.1917482918623048
0.2632664753888244,-6.839793015120299,-1.1791563312679503
0.2632625182993912,-6.844466740058078,-1.1669532019347821
0.26326569026058977,-6.849143872326975,-1.155041376687372
0.26325956771755965,-6.853520871862761,-1.1433884005905592
0.26325648188878237,-6.857768973853411,-1.1321952160911868
0.263254774928208,-6.862025318786515,-1.1211733840940552
0.2632533690113432,-6.865916950059114,-1.110501534328782
0.26325245074080994,-6.869579140317158,-1.1004104338468508
0.2632512989208321,-6.873079695968242,-1.09069394672789
0.2632554093496155,-6.8764449723120995,-1.081009606379388
0.26324989011806543,-6.8796775422316205,-1.0712012609861545
0.26324940818824344,-6.88264500416766,-1.06163617251021
0.2632492338588492,-6.885499306001295,-1.0519848170584143
0.2632489931037417,-6.888428017817223,-1.0422414379178737
0.26324860269356515,-6.891499494766556,-1.032382466532577
0.26324815457125905,-6.894510825570595,-1.0227619730930637
0.2632474953036228,-6.897517517103515,-1.0137617292879857
0.2632471059108833,-6.900340839791145,-1.0048406468813038
0.2632467673310263,-6.903127961106327,-0.9959377835027222
0.2632464792930416,-6.905876926061402,-0.9870558068497909
0.2632465743136865,-6.908466223510826,-0.977816578433466
0.2632469246914976,-6.911025176514656,-0.9680617777758868
0.2632473945507099,-6.913600927494754,-0.9579551787416181
0.26324811783332713,-6.916071607523442,-0.9476045252158877
0.263249063060202,-6.9184986145250935,-0.9368878798160329
0.26325015071043245,-6.920950768714258,-0.925754573641788
0.2632513899983687,-6.923422873731258,-0.914204576277598
0.26325307612122134,-6.925914460264616,-0.9022366223668572
0.26325453456429504,-6.9284171003166986,-0.8898544698697337
0.2632561176538162,-6.930916251268362,-0.8770692973202956
0.26325822794719694,-6.933264130328863,-0.8639590289119458
0.2632605380003429,-6.9355854630935685,-0.850446719515043
0.26326415067423214,-6.938156344691947,-0.8365411341446639
0.26326473490443725,-6.94092042656871,-0.8225088290106234
0.26326669366940036,-6.943696531175434,-0.8081214306627289
0.2632688241669394,-6.946450719035126,-0.7933308511751799
0.2632710872022798,-6.9492633029195705,-0.778186543736693
0.2632735100748243,-6.9520241806442415,-0.762867845550868
0.2632766188742213,-6.954454166742136,-0.7471194240898017
0.2632798672064456,-6.956843955315856,-0.7312045239757058
0.2632830999823915,-6.959276682552395,-0.7151585464969423
0.26328629776216095,-6.961759610020265,-0.6989914888536111
0.2632894612872422,-6.964299659460973,-0.68273145140304
0.2632930835591565,-6.966493315408718,-0.6666680389779274
0.263297561122701,-6.968428010731781,-0.6506883452399951
0.2633013424184929,-6.970352995141182,-0.6348445280771375
0.2633050541687145,-6.972215023731812,-0.6190162299598572
0.2633091924607278,-6.973943739127954,-0.6030890597192329
0.26331337706256175,-6.97568606252017,-0.5871962163151148
0.26331750456909064,-6.977460800922863,-0.5712213147468307
0.26332179725665333,-6.979180880571816,-0.5552239448286669
0.2633261366157632,-6.980882591101593,-0.539186087668976
0.2633304606958492,-6.982605566601522,-0.5230988328881584
0.2633349695720547,-6.984159076076033,-0.5071017926792919
0.2633395301731204,-6.9856879712698845,-0.49106955045742673
0.2633442349746612,-6.987115881520104,-0.47506942838589883
0.2633490383466923,-6.988482764510762,-0.4590713723929031
0.2633539227730869,-6.98980885938972,-0.44300990614362534
0.263358769589961,-6.991183926626283,-0.4268372072268163
0.2633635623510264,-6.992625430559473,-0.41056691337936146
0.2633683212723424,-6.994118989293633,-0.3942065159833036
0.2633731554190739,-6.9955749115215955,-0.3778166370765247
0.26337811394947475,-6.99695050614379,-0.36143146538460824
0.26338355856053597,-6.997914749555786,-0.3453068747860467
0.2633891802124064,-6.998742065056241,-0.3292603805863832
0.2633948946229801,-6.999502197242975,-0.31324932251756377
0.2634006942172359,-7.000198228575892,-0.29727914729855565
0.2634065656725335,-7.000836785877626,-0.28135412106878244
0.2634124593310717,-7.00144940249325,-0.26546782460847806
0.26341837954763225,-7.002021819071073,-0.24963158232652352
0.2634243697252948,-7.002552513249757,-0.23379305185813382
0.26343042869209277,-7.003042783254429,-0.21794292442053076
0.2634365655928327,-7.003496961834917,-0.20198011191656423
0.2634427704480471,-7.00392869186177,-0.1859521376618327
0.263449107318342,-7.004283943287655,-0.16985896065334513
0.2634556402931252,-7.0045124089820225,-0.15372856391517034
0.2634622445291551,-7.00469816989007,-0.13758834384009483
0.2634689147903764,-7.0048462941626966,-0.12143854681330178
0.2634756555914666,-7.004954897471766,-0.10527914814115157
0.2634824704767833,-7.005022088074023,-0.08911011864956694
0.26348936188762767,-7.005045994770377,-0.07293139461121717
0.2634963081105818,-7.005019872723368,-0.05677243560341244
0.26350385985440516,-7.004980665640896,-0.04072109593770286
0.2635102365670874,-7.005070463020229,-0.024939725046953694
0.2635168161723853,-7.00511296442996,-0.009157647481393858
0.26352349814139475,-7.00511332650167,0.006610850964492852
0.26353065140848775,-7.005069940273505,0.022383919716886976
0.26353718332997644,-7.0050277895259185,0.03810675296716917
0.263544019876471,-7.00495090808583,0.05384271536416646
0.26355095243255616,-7.004843665472563,0.06978198996563402
0.26355804881125267,-7.0046877080541545,0.08595751377280271
0.26356545662785913,-7.004245673622312,0.10187331788809292
0.26357312335348815,-7.003540841949061,0.11747266297359854
0.263580867733277,-7.002710916563098,0.1327945647007628
0.2635886713510106,-7.001764729241183,0.14782948806545562
0.2635961052006315,-7.000920427525751,0.16226787003825813
0.2636021719960064,-7.000067753307436,0.17623386396828367
0.26361039780031814,-6.999401465111729,0.18979475513230265
0.26361655287005065,-6.99901472449327,0.2029895721902376
0.2636233367975734,-6.998075445491171,0.21569322388999018
0.2636307540807558,-6.997015358064672,0.22804727485681572
0.26363671398373517,-6.9960194638390485,0.23985601540749904
0.26364287000940656,-6.995096113421929,0.25141067280727647
0.263649201043529,-6.994152740490639,0.26293136153388685
0.26365516574030046,-6.993373565888419,0.2741912510428828
0.26366098489786766,-6.992662686442832,0.28535570128522136
0.2636668888382331,-6.991908537696787,0.2965588306223138
0.2636728818118481,-6.991107251736365,0.3077946105355899
0.26367915784749696,-6.990181172501903,0.31924539669733054
0.2636858970638825,-6.9890561373663385,0.33107320348469127
0.2636931069527293,-6.987728604821948,0.34328320659774736
0.26370087407072396,-6.986114356366276,0.3558267781979174
0.2637092361586638,-6.984145133060933,0.36848201300437644
0.2637176411064206,-6.982183211857267,0.381318404631677
0.2637264385899424,-6.980069935043387,0.39458783700975397
0.26373539481933556,-6.977907291522655,0.40805210003059267
0.2637445320585039,-6.975603640166719,0.42143729103750427
0.26375375327142897,-6.973173440843878,0.4345634341403516
0.2637630578434983,-6.9706454430235905,0.44752818450145915
0.26377246010460975,-6.968055671581601,0.4604904930574084
0.2637818752599317,-6.965427957274542,0.4733361210990198
0.26379134025074785,-6.962755358645138,0.4861292984298162
0.2638008872994586,-6.960028992927614,0.49891724654758185
0.2638105186847932,-6.957247557001867,0.5117043977461061
0.26382027352291737,-6.954401072395122,0.5245516461252042
0.2638303448795013,-6.951438073144621,0.5377354523876284
0.26383870155973255,-6.948634372124658,0.5507378181897714
0.2638525379934191,-6.946136978885402,0.5634559743276516
0.2638600200880025,-6.943577847327488,0.5764615814146009
0.26386947971625174,-6.940895723888103,0.5898796584140547
0.26387937351617663,-6.938075458730866,0.6037184162293491
0.26389061204803266,-6.935052918628893,0.6179638074394175
0.2639006939890482,-6.931855126249349,0.6327191999686543
0.26391214605395813,-6.928451514403763,0.6479410017270578
0.26392475419526434,-6.924504311479938,0.6639296503260791
0.26393770124019356,-6.920349795415133,0.680144010250658
0.26395063514343214,-6.9162118724745945,0.6961712915253215
0.2639635629411322,-6.912034084309322,0.7119365334891044
0.26397630959190665,-6.907882995392429,0.7273402272159001
0.2639887269867077,-6.903826891384218,0.7422854629471176
0.2640010070959883,-6.899774187994062,0.7568997803362054
0.26401307109218397,-6.895762471209878,0.7711402335656689
0.2640249048162552,-6.891798176678327,0.7850000910246566
0.26403606683491065,-6.888108730917431,0.7982754962319873
0.2640465775714441,-6.88474228261186,0.8111366128127203
0.26405653755985226,-6.8816353206240315,0.8236020236715843
0.26406733094836754,-6.878640887225657,0.8353605077957819
0.2640756851606024,-6.875970503166984,0.8461676526224955
0.26408375531597805,-6.873378959569994,0.8564836794112023
0.2640916125347271,-6.870656478255778,0.866673019745293
0.264100538200463,-6.867699890956046,0.8767440403277735
0.26411084938235474,-6.864513192386704,0.8867742278803353
0.26411958009869135,-6.861232921904444,0.8965746549905738
0.26412819573326624,-6.857965598072839,0.9060055862051856
0.2641368322516495,-6.85467267244287,0.9152760675503757
0.2641455583386665,-6.851476132182534,0.9242568164673384
0.2641537671042388,-6.848315162725955,0.9329369480722274
0.2641616768724111,-6.845228985269722,0.9414303999618103
0.26417443499545934,-6.842116602314,0.949939768014798
0.2641818471705133,-6.838960993871228,0.9584444248812846
0.26418945237007374,-6.83579030738621,0.9669467096214649
0.2641971936914272,-6.832627966867155,0.9754670308394939
0.26420349009551736,-6.8292699111257615,0.9844194334729478
0.2642128423484016,-6.825675688694448,0.9939205154580409
0.26422265788431565,-6.82189958179325,1.0037689036615003
0.2642328729671112,-6.817971565753119,1.0139676288415547
0.26424345156411855,-6.813891484649085,1.0245240821062769
0.2642544119683453,-6.80965872958356,1.0354322396160864
0.26426577443883065,-6.805283516919382,1.0466699889504314
0.2642771114406333,-6.800883158383506,1.0580632539415622
0.2642885180985255,-6.796503469795886,1.0695210485768836
0.26429988854708664,-6.79216098216825,1.0810092067143262
0.2643112277615391,-6.787853757347046,1.0925305796935103
0.2643228312597506,-6.78344218349533,1.1042892360949115
0.2643348116512142,-6.778874420149574,1.1163695045230313
0.26434722490519763,-6.774154414612276,1.1287357457220775
0.2643599641304619,-6.769177283802213,1.1412641703923467
0.2643728276968593,-6.764100222291151,1.153732629316542
0.26438564793985114,-6.759004846679564,1.1660294275361842
0.26439816090670076,-6.754014592114116,1.1779652002787742
0.2644106437378345,-6.749144710415569,1.1895630496378815
0.26442247189262175,-6.744378699725065,1.2007768427801355
0.2644339924136836,-6.739725860155627,1.211630427290598
0.26444520114033887,-6.735187747503836,1.22212425875659
0.26445599735778813,-6.730758408704622,1.2322693729337355
0.2644666824038924,-6.72641143322039,1.24210862418258
0.26447701027200904,-6.722198049934624,1.2515699802220537
0.26448696221784146,-6.718127227733429,1.2606439330275543
0.26449654992816707,-6.714193653757184,1.2693418672834136
0.26450577039209855,-6.710399185477138,1.2776646072556757
0.26451462001076,-6.706746003914389,1.2856124511183533
0.26452332276093804,-6.703286777396761,1.2931382883473779
0.2645313845455615,-6.699996540807062,1.3003051909383199
0.26453895554761586,-6.6968089934808805,1.3070801945202903
0.2645461626825882,-6.693769406475198,1.313488211623888
0.26455300074560073,-6.690882918290734,1.31953673233502
0.264559713458436,-6.688045703206942,1.3254471346129262
0.26456641818127435,-6.685212718755037,1.3313367222642043
0.2645730773888644,-6.682407754755616,1.337203436456158
0.2645797049479024,-6.679626108969803,1.3430647264254338
0.26458628884705926,-6.676873072726657,1.348912801345331
0.2645928435214834,-6.674139075638976,1.3547498954837174
0.2645995660477155,-6.671302822756593,1.3606205980389274
0.2646064142593124,-6.668387713521441,1.3665073253941245
0.26461333718167024,-6.665432956838204,1.372432808526
0.2646202798511622,-6.662465362124236,1.3783600726246452
0.2646272392604122,-6.659486791968478,1.3842861725418143
0.26463421715990243,-6.656496277532248,1.390212968511586
0.2646412171007657,-6.65349241629567,1.3961436803068674
0.26464823661920067,-6.650476324379195,1.4020761559249226
0.2646552548024289,-6.647456877445647,1.407992048890336
0.2646622830311445,-6.6444294090096525,1.4139014510434882
0.2646693265974377,-6.64139179246477,1.4198090420842966
0.26467638216903755,-6.638345527340391,1.425711957811712
0.26468345629207457,-6.635287939896525,1.4316159434576678
0.2646905422921883,-6.632221934978761,1.4375152742831239
0.2646976425673908,-6.629146571898159,1.4434121074123876
0.2647047599219745,-6.626060725097293,1.4493089542930488
0.26471189048889704,-6.6229660850686765,1.4552026047358848
0.2647190357747313,-6.61986205152172,1.4610944974011715
0.2647261935141376,-6.6167496190974955,1.4669828585230613
0.2647333651785835,-6.613628178215996,1.4728691238039575
0.2647405436056699,-6.610500794003802,1.478747427746104
0.26474762374894334,-6.607412387930383,1.4845291848135185
0.26475450188931576,-6.604407455541733,1.4901276080009824
0.26476115932528477,-6.601494204496852,1.495528131625631
0.2647677239047951,-6.5986179627077854,1.5008392880433683
0.26477426232257206,-6.595750133016809,1.5061175337374022
0.2647807729620716,-6.592891435431898,1.5113619491966521
0.2647872759057999,-6.590033232977314,1.5165896832024344
0.26479354814185296,-6.587271686395436,1.5216154790789378
0.264799692730717,-6.584562511601732,1.5265261199666398
0.26480581914527823,-6.581857529370981,1.5314129908373872
0.2648118991199079,-6.579169323448918,1.5362605810890415
0.2648184033070131,-6.576505662355114,1.5410597064274976
0.2648243225036664,-6.573847318876277,1.5458413643123194
0.26483026321159603,-6.571183740104129,1.5506191306485824
0.26483621976961913,-6.568516499914034,1.5553917876576036
0.26484218649637015,-6.5658471884850815,1.5601572374511459
0.264848155369265,-6.5631785614839355,1.564910952704349
0.26485410892350164,-6.56051810335712,1.5696420686171133
0.26485993665675067,-6.55791596044522,1.5742758835753983
0.2648649372694287,-6.5556985223438575,1.5783355625011883
0.26486925850949505,-6.553796605132325,1.5819151843170827
0.26487261733891876,-6.55233036443843,1.584805294723909
0.264875438280204,-6.55113346315817,1.5872384005993312
0.26487817698203375,-6.549961116340207,1.5895626310156177
0.2648807802719617,-6.548837578758952,1.5917383879694442
0.2648833150459128,-6.547732724206153,1.593817487145845
0.2648857040219562,-6.5466828780610005,1.5957459924038544
0.2648879327997416,-6.545701752497648,1.5975391593548438
0.2648900915320388,-6.544751042727976,1.5992780763280627
0.2648925133128483,-6.543846923945402,1.601052038887724
0.2648945206802781,-6.542975455180463,1.6028555181044826
0.26489657605633304,-6.542073860593719,1.604641286021836
0.2648986964740151,-6.541125741316586,1.606395838233206
0.26490086409662983,-6.540144609789651,1.6081280199176764
0.26490307675934277,-6.539131216418389,1.6098383982604136
0.26490533260739346,-6.538086271455572,1.6115275709440553
0.2649073854649642,-6.537125987088611,1.613026739565027
0.26490900535092754,-6.536359018804829,1.614178329623146
0.26491044168750866,-6.53567464946209,1.615181856202871
0.26491188077860467,-6.534990003701296,1.616185788552701
0.26491332255212047,-6.534304932145615,1.6171903456147994
0.2649147452983668,-6.533621700206634,1.6181904470798667
0.26491617881551194,-6.532943152967647,1.6191846149543365
0.2649176148026494,-6.532265343602337,1.6201861749851671
0.2649190530892275,-6.531588337992554,1.6211955893630554
0.2649204933721989,-6.530912156354191,1.622213133477795
0.264921935718075,-6.530236772172552,1.6232385752073042
0.26492338071122257,-6.5295621813726,1.6242714775301805
0.26492484239841746,-6.528876548623764,1.625303600132857
0.2649262775016558,-6.52820030614146,1.6263062066462826
0.2649276049686847,-6.527573755034561,1.6272298296642005
0.26492889945999726,-6.526961880402057,1.6281270557255656
0.26493016602299574,-6.52636326960544,1.6290048322224542
0.2649314045534196,-6.5257779607450725,1.6298631033023907
0.2649326149533152,-6.525205990343101,1.6307018154305477
0.2649338104239658,-6.524641113688978,1.6315301255112118
0.26493500595519337,-6.524076244397502,1.6323584246344507
0.2649362020548316,-6.5235111395378205,1.6331870690300643
0.26493739923575566,-6.522945554559417,1.6340164173034009
0.2649385980205461,-6.522379240965494,1.634846833847033
0.2649397989486314,-6.52181194282212,1.6356786939596193
0.26494100258614056,-6.521243392006891,1.6365123908131696
0.264942209685179,-6.5206732318751826,1.6373484473997095
0.2649434217967804,-6.52010072849113,1.6381879399638855
0.26494464069927715,-6.5195220343854805,1.639024308032573
0.2649458562402839,-6.518948028058562,1.6398660043687034
0.26494707975143794,-6.518370271335183,1.640713200218467
0.2649488198858526,-6.517780095352118,1.641577582277807
0.2649499826589117,-6.517188931476715,1.642444789842829
0.2649511601994663,-6.516598480417511,1.6433108881508478
0.26495235165175346,-6.5160032720112095,1.6441768932031153
0.2649535634678223,-6.5154061210159,1.6450394463508007
0.26495478447234166,-6.514807462294552,1.6458979654844865
0.2649560156111639,-6.514210584841508,1.6467698505681867
0.26495740632161985,-6.513564740024313,1.6478318332010362
0.2649588562106932,-6.512879486402279,1.6488844491380843
0.26496031502893014,-6.512182535668506,1.649908656966403
0.26496171963492754,-6.5114845941701045,1.650930539449116
0.2649631963803437,-6.510786642930167,1.6519560496645205
0.2649646742486094,-6.5100882264882465,1.6529821929280573
0.26496615315593275,-6.509389350526963,1.6540089623008158
0.2649676330744378,-6.508690021504863,1.6550363494518636
0.26496911400002243,-6.507990245530623,1.6560643464729732
0.26497059590655303,-6.507290028882697,1.6570929452434782
0.26497207877768114,-6.506589377660907,1.6581221378548945
0.26497356259810134,-6.505888297876977,1.6591519165024218
0.26497504735338046,-6.505186795456094,1.6601822734837006
0.26497653302955926,-6.5044848762348355,1.6612132012012113
0.2649780196133991,-6.503782545966624,1.6622446921569127
0.2649795070924327,-6.503079810326334,1.6632767389475382
0.26498099545461806,-6.50237667490774,1.6643093342673738
0.26498248468828084,-6.501673145224821,1.665342470906991
0.2649839747820637,-6.500969226713009,1.6663761417519898
0.26498546572502435,-6.500264924732479,1.66741033977961
0.26498695750603846,-6.499560244561098,1.6684450580660577
0.26498845011463934,-6.498855191407882,1.6694802897725192
0.2649899435404014,-6.498149770405968,1.6705160281524254
0.26499143777307343,-6.497443986615745,1.6715522665481681
0.26499293280256253,-6.496737845025926,1.6725889983899247
0.2649944286197226,-6.49603135052997,1.6736262172321632
0.26499592521306636,-6.495324508024119,1.674663916604067
0.2649974225737834,-6.4946173222655,1.6757020902275324
0.26499892069230013,-6.493909797966536,1.6767407318725256
0.26500041955915254,-6.493201939773089,1.6777798353911715
0.26500191916498006,-6.492493752265428,1.678819394716673
0.2650034195005208,-6.491785239959189,1.6798594038622439
0.26500492055660674,-6.491076407306302,1.6808998569200553
0.2650064223241595,-6.4903672586959225,1.6819407480601982
0.2650079247941881,-6.489657798455335,1.6829820715296573
0.2650094279577845,-6.488948030850854,1.6840238216512962
0.2650109318061218,-6.488237960088694,1.685065992822859
0.26501243633045113,-6.48752759031585,1.686108579515987
0.2650139415221001,-6.486816925620944,1.6871515762752416
0.2650154473724702,-6.486105970035073,1.6881949777171446
0.2650169538730349,-6.48539472753264,1.6892387785292315
0.2650184610153385,-6.484683202032166,1.6902829734691125
0.2650199687895279,-6.483971397374624,1.6913275573939224
0.2650214771904897,-6.483259317414895,1.6923725251359036
0.26502298620818043,-6.482546965885357,1.6934178716900747
0.26502449583442056,-6.4818343464889825,1.6944635920851854
0.26502600606109217,-6.48112146287678,1.6955096814155632
0.2650275168801387,-6.48040831864855,1.6965561348402443
0.2650290282835641,-6.479694917353624,1.6976029475821197
0.265030540263431,-6.47898126249159,1.6986501149270872
0.2650320528118616,-6.4782673575130225,1.6996976322232178
0.26503356592103533,-6.47755320582018,1.700745494879932
0.2650350795831894,-6.476838810767704,1.701793698367182
0.26503659379061734,-6.4761241756633225,1.7028422382146515
0.26503810853304244,-6.475409303840222,1.7038911099025302
0.26503962380839896,-6.474694198374882,1.7049403092889424
0.2650411396062098,-6.473978862505506,1.705989831975807
0.2650432038647758,-6.473266357365791,1.7070335303175055
0.26504461926303263,-6.472550761754272,1.7080838050766143
0.265046053639684,-6.471834907391553,1.7091343729758195
0.26504750361779583,-6.4711188064848715,1.71018522968436
0.2650491994108187,-6.47041003346008,1.7112371444505448
0.26505062818175396,-6.469693586023975,1.7122885726052044
0.26505207379014073,-6.468976905300563,1.7133402658377463
0.26505353324436487,-6.468260000571141,1.714392222612842
0.26505500409589566,-6.467542880095307,1.7154444407411613
0.2650564843403784,-6.466825551294717,1.716496917500651
0.2650579723367402,-6.466108020904444,1.7175496497342007
0.2650594667683539,-6.465390282189031,1.7186026528570162
0.2650609666788635,-6.4646722725608345,1.7196560232174838
0.2650624710232453,-6.463954064822766,1.7207096578403775
0.2650639790641435,-6.463235662922649,1.7217635540687506
0.26506548255697526,-6.462519307213835,1.7228200141260315
0.26506699724532823,-6.461800531141512,1.7238744166027329
0.2650685139470701,-6.461081571475782,1.7249290724552147
0.26507003236068016,-6.460362431209465,1.725983978682095
0.26507155223831913,-6.459643113201858,1.7270391322604228
0.2650730733760498,-6.458923620197762,1.7280945301564052
0.26507459555976576,-6.458203975575861,1.7291501389284183
0.2650761187464452,-6.457484140325376,1.730206016517389
0.2650776425139737,-6.456764257849171,1.7312619532471152
0.2650791534134526,-6.456050632447678,1.732308702644375
0.26508063440214924,-6.455351269284126,1.7333345234850808
0.26508208531410477,-6.454666217714568,1.7343393442263213
0.26508350604932795,-6.453995500896009,1.7353231316798896
0.26508489650467604,-6.45333914731793,1.7362858447678415
0.26508625885140946,-6.452696115181254,1.7372290121868217
0.26508763566251503,-6.452046301786962,1.7381821197823997
0.2650890426817487,-6.451382252815042,1.7391560677831959
0.26509047900556776,-6.4507043300321225,1.7401503262710056
0.2650919369412687,-6.450016302466723,1.7411614942930265
0.2650932476168336,-6.449400885199491,1.742082248441966
0.26509409778858417,-6.449002575773256,1.742681358965101
0.265094816567801,-6.448673321173905,1.7432143689134103
0.26509551026594547,-6.448364799143274,1.7437616943135859
0.2650961823895426,-6.448074299032982,1.7443212986028176
0.2650968334981924,-6.447801359233905,1.7448928693294128
0.26509746342078755,-6.447546119489535,1.7454764898199133
0.26509807134578905,-6.447309028876607,1.7460718359749723
0.26509865571481994,-6.44709086589549,1.7466779703524455
0.2650992145116531,-6.446892796414366,1.7472942448726834
0.2650997462843392,-6.44671558204639,1.7479199260117042
0.2651016412741863,-6.44654567948295,1.7485546085615764
0.26510154490538856,-6.4465014610199365,1.7488556746546515
0.2651010380268614,-6.446710219655293,1.7488746886990183
0.2651006279476707,-6.4469138491488245,1.748994749884487
0.26510033910421815,-6.447079371851942,1.7491979622452893
0.265100158337705,-6.447210172875277,1.7494777339498004
0.2651000742569843,-6.447308474729631,1.7498261129881498
0.2651000737534391,-6.447381410837193,1.7502443419061966
0.2651001408926505,-6.447436423510105,1.7507275710089918
0.26510025255910374,-6.447482958707109,1.751260854734907
0.2651002236260587,-6.447616814567567,1.7517499467246542
0.2650997340649148,-6.447976632811882,1.7519332171164665
0.2650983337663678,-6.448767736768966,1.7514763483162135
0.2650967024001522,-6.449646860736755,1.7507755871147823
0.2650951194026551,-6.450474506720289,1.750000278049593
0.26509355376307475,-6.4512754291987395,1.7491653098816038
0.2650920041430603,-6.452050139213004,1.74827062099608
0.2650907049207024,-6.452682930776668,1.7474617193521509
0.2650899146502721,-6.453048012207777,1.7469052516522379
0.2650896387144356,-6.45316055034618,1.7466672706079394
0.265089889121812,-6.453018966222013,1.7467708195242801
0.2650906837549812,-6.45261447029054,1.7472280024263582
0.26509201349217903,-6.4519507336368305,1.7480319927768988
0.2650938689912248,-6.4510320943910076,1.749176499613162
0.2650962505736135,-6.449858271731139,1.7506613006167133
0.2650991585646937,-6.448428985330452,1.7524861404696626
0.26510259330020713,-6.4467439608589086,1.754650767794202
0.2651065551130737,-6.444802930035305,1.757154938068053
0.26511103819334847,-6.442606187321024,1.7599978124162727
0.2651174578633367,-6.440006315409322,1.7633927756369592
0.2651237892885907,-6.436826209522442,1.7676022545904806
0.26513072222209455,-6.433059844975681,1.7726194878977555
0.2651400688148263,-6.42882814524516,1.7782889786396803
0.2651491707611614,-6.424347616629197,1.7842881955075045
0.2651588155464526,-6.419613426179067,1.7906192320456578
0.26516900822865835,-6.414621208393263,1.7972876634494048
0.26517974627691515,-6.409370588599721,1.804293169057501
0.265192004994692,-6.403988606430914,1.8114276800407954
0.26520960808190397,-6.39882191833034,1.818311419339944
0.26521372781667407,-6.39387660717099,1.8248456029264746
0.26522271386844765,-6.389107566445606,1.8310024274744179
0.26523079160335006,-6.384599226643175,1.8369891132001483
0.2652444409403383,-6.3802975718112656,1.8426808238060786
0.26525182029353767,-6.376247056217747,1.8480755622047675
0.2652589106764475,-6.372423195873286,1.8531707953387588
0.26526567936787815,-6.368826341660177,1.8579667329159635
0.265271422723085,-6.365395805280185,1.8624134877242944
0.2652766686015173,-6.362224154273084,1.8665889194324676
0.26528338109952476,-6.359306083451745,1.8704392738188145
0.26528868514451975,-6.356639570380711,1.874011400716722
0.2652935706627988,-6.354175043085273,1.877227064584038
0.26529796022092256,-6.351845192178017,1.879984828243554
0.2653020160528413,-6.3497734337002605,1.8824445595874073
0.26530550639617717,-6.348036418131788,1.8846943397563727
0.2653085235493646,-6.346546733504707,1.886673939023306
0.26531109530093233,-6.345253716979158,1.8883368845792718
0.2653132101509505,-6.3442022363611015,1.8896853647839862
0.2653148849063828,-6.343369046731292,1.8907538950105203
0.2653164951122865,-6.3425696802729,1.8917790571539745
0.2653181089659812,-6.3417703166149195,1.8928042248373653
0.2653197258063493,-6.34097095524905,1.8938293970370914
0.26532133292190235,-6.340172439627882,1.894854480276602
0.26532287489124334,-6.339427381894517,1.895879422214164
0.2653243508355463,-6.338727337775716,1.8969037056086715
0.265325826752716,-6.338027851225774,1.8979273150448135
0.26532730263104976,-6.3373287957038045,1.898950241676622
0.2653287782976218,-6.336630176732131,1.8999724761856898
0.26533025360843976,-6.335931999918713,1.900994009108072
0.2653317284431413,-6.335234270955524,1.9020148308351592
0.2653332027006585,-6.334536995617375,1.903034931614031
0.26533467629566976,-6.333840179761136,1.9040543015474016
0.26533614915569814,-6.333143829325258,1.9050729305932095
0.2653376212127563,-6.332447950309454,1.9060908086003412
0.2653390924039609,-6.331752548777722,1.9071079253070191
0.2653405626861102,-6.331057630916195,1.908124270232959
0.2653420320099861,-6.330363203308722,1.90913983225235
0.26534350033140863,-6.329669272656302,1.91015460004154
0.2653449676222983,-6.328975845383131,1.9111685626917494
0.26534642686194904,-6.328286231320002,1.9121768652577764
0.2653478804902352,-6.32759927151578,1.9131812088056452
0.2653493093122405,-6.326924029469444,1.914168346197443
0.2653515325707925,-6.326267659873796,1.915104639081209
0.26535251848750185,-6.32574044507841,1.9159337415682725
0.2653535099041383,-6.325231952269761,1.9167757301776904
0.26535433821177823,-6.324731076860584,1.9176284350225115
0.26535540641217226,-6.324226008363384,1.9184873679070327
0.2653560699673969,-6.323882823257148,1.9190843162063689
0.26535623013772114,-6.323808709177515,1.9192702656036222
0.26535634401653807,-6.3237576603032695,1.9194021711290532
0.2653564739632458,-6.323695889046211,1.919526767759121
0.2653566152898815,-6.32362524317948,1.9196409144997824
0.26535675863818464,-6.323552558145445,1.919747523868338
0.2653569019908411,-6.323480728187496,1.9198528743005439
0.2653570445173872,-6.323409994590384,1.9199566129075452
0.2653571863467396,-6.3233401696293985,1.9200590157064217
0.26535732908967635,-6.323270381720307,1.9201613613257265
0.2653574726767556,-6.323200582844571,1.920263720680278
0.26535761696982413,-6.323130773557052,1.9203660933737452
0.2653577618587324,-6.323060957430658,1.920468474538533
0.26535790724996267,-6.322991138698528,1.9205708582826815
0.2653580530619941,-6.32292131832231,1.9206732434298184
0.26535818896464325,-6.322859763588337,1.9207817084220034
0.2653583043253892,-6.32281626761837,1.920904293357314
0.26535840072946326,-6.322789798423554,1.9210410874832113
0.26535847761650966,-6.322780923466828,1.9211928689217952
0.265358534639238,-6.322789946212421,1.9213599795361342
0.26535857222572135,-6.322816470406301,1.921542122132171
0.2653585906477945,-6.322860200775941,1.9217389708258394
0.2653585900718717,-6.322920915449307,1.921950196602289
0.2653585705941949,-6.322998446453724,1.9221754840950376
0.2653585322650938,-6.323092665966402,1.9224145422899797
0.2653584751054776,-6.323203476675826,1.9226671110408362
0.2653583991178379,-6.32333080508674,1.9229329647225932
0.2653583065313565,-6.323472963673982,1.9232126953660809
0.26535821403585624,-6.323622405534259,1.92351635330365
0.2653581030923948,-6.323787994866522,1.9238329874945928
0.26535797386848514,-6.323969553000642,1.9241623747585244
0.26535782653413753,-6.324166865247212,1.9245041690749731
0.26535766097563596,-6.324379924862784,1.9248580855886834
0.2653574926489969,-6.324601609202141,1.9252373357788073
0.2653573086556078,-6.324837592934575,1.925627569908436
0.2653571231451318,-6.325075280094347,1.9260201958974568
0.26535698359441695,-6.325275117776156,1.9263887262180095
0.26535684206697874,-6.325477447977972,1.9267612553277234
0.26535668395153217,-6.325694580994983,1.9271464084464545
0.2653565784925303,-6.325882880512866,1.9275542155250747
0.26535694708717306,-6.325817263219227,1.9281860665520756
0.26535788152220335,-6.325451135507977,1.9290941484851976
0.26535938580089236,-6.324781001072739,1.9302754971551452
0.26536146374744174,-6.323803229337429,1.9317262380572906
0.2653641192018929,-6.322514197521853,1.9334425456252242
0.26536735156868785,-6.32091747397952,1.9354374281074316
0.2653723857501802,-6.318969907307551,1.9377018727420676
0.26537677620460487,-6.316561682766611,1.9402884354490368
0.26538256512706404,-6.313523042926734,1.9436134183477842
0.26538925988294065,-6.309960232846558,1.9473867545807926
0.26539635947640755,-6.306091074533388,1.9512891062015683
0.265403665606811,-6.302162204744804,1.9548940164836806
0.26541207906619124,-6.297679007104959,1.9589959592206934
0.26542156852373056,-6.292627978164666,1.963628745307584
0.2654317062588014,-6.287203843436845,1.9684752164491794
0.26544247008277255,-6.28143036298724,1.9735303244949887
0.2654537383272586,-6.275368175132554,1.9787920907402936
0.26546551513030026,-6.269019325467525,1.9842539867279343
0.2654778063868549,-6.262383859791992,1.9899117775737492
0.26549062716078003,-6.255461167225177,1.9957602166820316
0.2655039562024124,-6.248247498325873,2.0017942382749334
0.2655178011567847,-6.240742056963535,2.0080088328405394
0.2655321549666242,-6.232944319134392,2.014398873260643
0.26554702849491435,-6.224852352253064,2.0209550471006374
0.2655627230484611,-6.216495040911484,2.027639460427152
0.26557840026770985,-6.208015576105731,2.034150238270851
0.26559422699586677,-6.199234259878072,2.0408480345977567
0.26561067359560514,-6.190066121012613,2.0476806411854884
0.2656278130779052,-6.180491120084003,2.0546403751145568
0.265645655547917,-6.170492826733508,2.061671018722304
0.2656641580651662,-6.16010072300554,2.0688311292184993
0.2656832158442738,-6.149355370142637,2.0761662770542966
0.2657029481070059,-6.138265926011323,2.0837236984455285
0.2657235005294958,-6.126688580962902,2.0914374040831105
0.2657446011299454,-6.1147675076668815,2.099238328978251
0.26576666968928375,-6.102472723859792,2.107238595504435
0.26578977971237316,-6.089557324048722,2.115825603162992
0.26581285591072756,-6.0763190957860616,2.124555774100476
0.26583681097065354,-6.062744977695151,2.133609175004139
0.2658608464708341,-6.049176064822906,2.1426437430838208
0.2658848314991964,-6.035637685011525,2.1516368310880027
0.2659087863436586,-6.022130177004318,2.1605844496457083
0.2659331699737264,-6.008593847736736,2.169463077448627
0.26596042366391426,-5.995156432738428,2.178195810395366
0.26598271838225995,-5.981878459984229,2.1867210953621514
0.26600459591559367,-5.9685697456985345,2.195159631690562
0.2660278931297545,-5.9551645905125286,2.20360334548268
0.26605114993206114,-5.94179418249169,2.2120548109109257
0.26607453887835386,-5.928432177454456,2.220469033896373
0.26610364451446084,-5.915077628702515,2.228834730469341
0.2661199563787226,-5.901671842378402,2.2371700492368545
0.2661451875636046,-5.888097889628551,2.245743191792098
0.266167923485346,-5.874567659263842,2.254344083195413
0.26619227929645106,-5.861414300243549,2.2626698779993197
0.26621513478424697,-5.8485403301204935,2.2707927421651917
0.26623702343595645,-5.83598035624277,2.2786790303034037
0.2662584080335192,-5.823749903105368,2.286368367735632
0.26627962654889153,-5.811818480780845,2.2938370327275956
0.26630003481224757,-5.800195873709127,2.3010431110730525
0.2663198267969832,-5.788871399135504,2.3080750519505324
0.2663392914535998,-5.777824666389201,2.3148641171956355
0.2663589224850419,-5.767164174156307,2.321450280840088
0.2663761555117299,-5.756884829654479,2.3277417054981746
0.2663933764722713,-5.74708256443248,2.3336273327714414
0.26640920173334937,-5.737881766465523,2.3388773820693234
0.26642439064599666,-5.729043443957207,2.343854395206128
0.266438992464024,-5.72054345564233,2.348595703404894
0.26645309877696466,-5.712292488059448,2.3531984223147036
0.26646662625021633,-5.704417470441987,2.3574975239963996
0.2664793489033086,-5.696909453285677,2.3615489998917663
0.26649189978997034,-5.689704303804101,2.365476945480495
0.26650375915243907,-5.682795634897864,2.3691948795930187
0.26651480041659126,-5.676336058639801,2.372549315382981
0.2665252395848384,-5.670219784962835,2.375679643960885
0.2665352865620386,-5.664336272286787,2.3786961259214405
0.2665451795798428,-5.658579985027277,2.381794093949527
0.26655491496085193,-5.652955933567894,2.3849825775973112
0.2665643007710723,-5.64755537503645,2.3881304676700545
0.2665731653927768,-5.642452639859993,2.3910955852321925
0.26658210613595423,-5.637444255027896,2.393912161032537
0.2665907824928614,-5.632495691659199,2.396615366944123
0.2665987516599694,-5.627738184137648,2.398972780534242
0.26660675667666156,-5.6229917090638475,2.4012939671562106
0.2666148076992644,-5.618220127180852,2.4036098844476217
0.26662290536983513,-5.613421403393618,2.4059196490340766
0.2666312878387212,-5.608481727494889,2.4083874637750853
0.26664019796365696,-5.603271373436901,2.4111334973840886
0.26664913541737256,-5.598037227883348,2.4138499850849757
0.2666580791985711,-5.592792540200392,2.4165353000163967
0.26666706738010143,-5.587697825640228,2.4192856062630637
0.26667559549441855,-5.582559404355211,2.421553779690807
0.26668471012625306,-5.577153917290404,2.4241539001969645
0.2666944414027228,-5.571376671742795,2.4269375332397933
0.26670436461978764,-5.565419825910992,2.429484727484073
0.2667151325575505,-5.5590056576197355,2.432327605423974
0.26672675571728294,-5.55210066706999,2.4354536411563052
0.2667389802671115,-5.54482315555052,2.4386817733477284
0.2667517916316894,-5.537189213497358,2.442008606826582
0.2667648791046278,-5.529400984570417,2.4454700896288704
0.2667782545582793,-5.521444092478925,2.449020938268243
0.2667921329044518,-5.513163155005619,2.4526209228473737
0.26680672038445175,-5.504418674995607,2.4562447121824893
0.26682186565562793,-5.495291481747229,2.4598658049949984
0.26683761130113254,-5.485767958155626,2.4635119491587036
0.2668539989965856,-5.475836440245702,2.4672286987558367
0.2668710307721871,-5.465494924427668,2.4710124074199653
0.26688870314359003,-5.4547458232764665,2.474862517229368
0.26690701154535273,-5.44359180802748,2.478777770463313
0.2669259552167299,-5.432032392746558,2.482756647422633
0.2669454068112838,-5.420070532165225,2.486593322332975
0.266965497716976,-5.407677078235383,2.4904409933691736
0.2669862201127829,-5.394878531799808,2.494353931338283
0.26700757649162166,-5.381673644310631,2.4983282479156252
0.26702940581377355,-5.368164070758883,2.502335750324156
0.26705133872899,-5.354584341376734,2.506325079522845
0.26707335608022886,-5.34094925312237,2.5103006692707273
0.26709546082292507,-5.32725708959179,2.5142629866925796
0.2671176590395674,-5.31350316999867,2.5182113807738924
0.2671400305852516,-5.299618219771483,2.5220939446552806
0.2671628232384414,-5.285424552726551,2.5258748047553907
0.2671864668791671,-5.270703760092317,2.5298424703955313
0.2672112481041676,-5.255531759258914,2.533865393920429
0.26723598414780025,-5.240273659514386,2.5378566261936593
0.2672606694885953,-5.22466168354503,2.541754636195592
0.2672855152354056,-5.20904987369817,2.545711755710438
0.2673101240615561,-5.193582126855494,2.5495818667086274
0.267335098753482,-5.177995264585502,2.553315463768038
0.2673597379618189,-5.16244456149786,2.5569570867502622
0.26738425491493445,-5.146846573633107,2.560644142239846
0.26740875285143406,-5.131437419698937,2.564328087436007
0.26743341019543554,-5.115887734174807,2.5678743167719515
0.2674581748949995,-5.100245167821919,2.5713331907186516
0.2674829395088252,-5.084592350392811,2.5747353257849053
0.267507704072832,-5.068930917871534,2.5780829919245747
0.26753246835064537,-5.053261728030517,2.581378021927144
0.26755723229852446,-5.037585007383784,2.584623637029968
0.2675819904997421,-5.021904434760225,2.587826227634017
0.26760673405525287,-5.006222980593964,2.5909828238579
0.2676314790346854,-4.990527169472134,2.5940980593602148
0.26765624996724907,-4.974787266468072,2.597195819383647
0.26768093738045873,-4.959080414492603,2.600237644532237
0.2677056299315561,-4.943366772518659,2.6032481568920662
0.2677303287914864,-4.927646517745586,2.6062274333209796
0.26775503341821444,-4.911920313643429,2.6091761690192983
0.267779756298014,-4.8961754605956305,2.612096528412123
0.2678045105649962,-4.880386865729171,2.614987816988289
0.26782926148240827,-4.864591092465821,2.617843865258354
0.26785400923902836,-4.848788811842491,2.620664658678309
0.26787866158062446,-4.833026874730075,2.6234439206839086
0.2679032963172976,-4.817271764788546,2.626190854918362
0.26792793044557395,-4.8015120205124004,2.62889998911236
0.267952565027413,-4.78574700558668,2.631568913161134
0.26797719837597556,-4.7699772788579615,2.6341958835070947
0.2680018255817462,-4.75420418623911,2.6367772011717516
0.268026113527816,-4.738630312184734,2.639246349518253
0.26804978316342354,-4.723439963944712,2.6416012562969535
0.26807281833590113,-4.708642368502965,2.6438485867727883
0.2680951646414283,-4.694262278648857,2.6460222430035185
0.2681169317700921,-4.680241611930851,2.6481023022787245
0.26813808678803663,-4.6666079233914575,2.6500840557045087
0.26815863025558206,-4.653361266899006,2.651968491429939
0.2681785645264555,-4.640500164465491,2.653757027132223
0.26819789960238927,-4.628017123617679,2.6554527957064424
0.2682167093121487,-4.615824341782079,2.6569760667172106
0.26823490624646196,-4.60401417802339,2.6583976189171996
0.2682525653139336,-4.592539322387851,2.6597260181868583
0.2682701436806979,-4.581103523483926,2.660996864993844
0.2682877247037637,-4.5696526647095315,2.6622151629766986
0.268305352734764,-4.558157665198019,2.6633824121516896
0.2683230371092198,-4.546610675003317,2.664509773481351
0.26834094218446347,-4.534934040355541,2.6657119335125916
0.2683594120927567,-4.522885353700658,2.666928865795623
0.26837846407131394,-4.510442962772523,2.6681232853997487
0.26839809690534977,-4.497606266635377,2.669289373377023
0.2684183143737414,-4.484370394957601,2.6704193533518685
0.26843911641772145,-4.470733995425387,2.671509963801235
0.2684604299495078,-4.456743718398494,2.672556161751961
0.2684817105838915,-4.442747715760508,2.6735310167875137
0.2685029092092671,-4.428787078632267,2.674437992500966
0.26852445192160246,-4.414831424036121,2.675292069534872
0.26854563368394163,-4.400795167643986,2.676118258773262
0.2685670822009536,-4.38655363062669,2.676782095990146
0.26858889165434613,-4.372061280759605,2.677400091867345
0.2686104654459904,-4.357632741362323,2.678006243058478
0.2686324135759352,-4.343270306703675,2.678489513427248
0.2686540838837739,-4.328907160174293,2.678759305755209
0.2686759959750694,-4.314165638035033,2.6788843356677687
0.2686984893071898,-4.298957239645662,2.6789564818350335
0.268721739172086,-4.283418736660837,2.6789133565594465
0.26874525745380295,-4.267615784937104,2.6789350376532735
0.26876891057680674,-4.251731805424506,2.679027581858762
0.26879249468954214,-4.235894068150658,2.6790876371875103
0.2688159485174055,-4.220121036798807,2.679130575745371
0.268839314482178,-4.204422572047572,2.679159512461764
0.2688625945346215,-4.188803049985665,2.6791788941412507
0.26888606237420626,-4.17300622393209,2.679047283000928
0.2689101049473479,-4.15718017113503,2.678861406799441
0.2689334810708657,-4.141401613760677,2.678592890136834
0.2689564987534687,-4.125726321756987,2.6782133844975884
0.2689795072153577,-4.110031213177249,2.677484294059128
0.2690017590811891,-4.094685514779313,2.6766352395598467
0.2690237466372377,-4.079655003500738,2.6757343897056347
0.2690452572324127,-4.064911973935435,2.6747165471929697
0.26906628088901785,-4.05046739608892,2.673591149912321
0.269086732949066,-4.036394052891339,2.672409917750926
0.26910667745578076,-4.022652675739345,2.6711835241204613
0.26912624887234227,-4.009157572092442,2.6699270520870284
0.2691456071693791,-3.9958095617755736,2.6686691260323663
0.26916469543273314,-3.98263940665369,2.6673850448886745
0.2691835966639569,-3.9696011380994687,2.6661108020294866
0.2692022166259123,-3.9567454116556,2.6648064940251825
0.26922036840109453,-3.944171953935684,2.6633925835711234
0.26923793211066016,-3.931953634380971,2.6618794942483435
0.26925496911300917,-3.9201214127587805,2.6604814762742053
0.26927173663839066,-3.908492628489103,2.6591841950305763
0.2692876424896018,-3.897549039380128,2.6582737350770405
0.26930418331075634,-3.886767827917424,2.6573437166966287
0.2693191590040241,-3.875989619815739,2.656308288747101
0.26933460081396415,-3.8653197573476605,2.6553317620069086
0.2693499028408768,-3.8547592680853957,2.6543897048297054
0.26936504952361306,-3.8443137810293377,2.653475215565419
0.269380391703203,-3.833662153243849,2.6523616932243583
0.2693965010734207,-3.8223734207430087,2.6508009511395123
0.2694128085500713,-3.810916720130405,2.649059971175156
0.2694291369902879,-3.799450066683523,2.6472894454893336
0.2694457666221344,-3.7877610693792056,2.6454705354043764
0.2694633332055293,-3.775307515693421,2.6431909902170125
0.2694815044634759,-3.762382362965502,2.6406727393726372
0.2695002568125838,-3.7490359037913366,2.6380321510918554
0.2695196079977922,-3.7352593825009124,2.635277446575954
0.26953957210943436,-3.721045513368499,2.6324147922101795
0.26956012256659867,-3.7064119976501737,2.6294440997536896
0.2695811869118786,-3.6914035520055983,2.6263541562166277
0.2696027597561468,-3.676022055162642,2.6231433914372486
0.26962483595996106,-3.660268884963613,2.6198114427399313
0.2696471612288719,-3.644329415016592,2.6164559799325997
0.2696692992813323,-3.628537934497205,2.613214847294342
0.26969067428427657,-3.6133397453372216,2.6102753152857034
0.2697119703213625,-3.5981899853277017,2.607304210140933
0.26973296828401316,-3.583245834341975,2.6043342198966957
0.26975341521039925,-3.5686806983755943,2.601400684490567
0.2697735916839399,-3.554255199485378,2.59834375837679
0.26979355670542526,-3.539925781649212,2.59511767634605
0.2698133154385232,-3.525689700285014,2.5917227066809643
0.2698327335082598,-3.5116601362099233,2.5882382707302596
0.26985160292847976,-3.498011127413921,2.584785288891293
0.26986994438119494,-3.484723592263952,2.581373943684996
0.2698877517452763,-3.4718051459515986,2.5780044411661347
0.26990501487406904,-3.459267072776686,2.5746762826303233
0.26992173459777746,-3.447108934021489,2.571391510696289
0.2699379106276861,-3.4353310185499124,2.568152753086856
0.2699535443772151,-3.4239320771441726,2.564961585559893
0.269968629789619,-3.41291695325516,2.5618234596143012
0.26998315420905844,-3.4022961662421602,2.558748456390076
0.2699970098767539,-3.3921535699802883,2.555808830980846
0.270010271667382,-3.382438655186151,2.5529741215922512
0.270022987772075,-3.373118824518676,2.550233042061934
0.270035802763852,-3.3642292004714673,2.5475835333812844
0.27004730396849297,-3.3557233926995176,2.5451218198119667
0.27005796427203144,-3.3478865329217418,2.5429702095413407
0.27006797202701976,-3.340568183533635,2.5410588419168154
0.2700779089600466,-3.3333158750039904,2.539182755027316
0.27008778310466997,-3.3261291162209616,2.537364555914541
0.27009732350638527,-3.319233468549288,2.5357603598320284
0.27010639036992334,-3.3128220939855826,2.5342372842436083
0.2701145853547674,-3.3067517732643306,2.5324207820490217
0.2701227217012895,-3.300711656911792,2.5305451203825156
0.27013084210710026,-3.2946667542693886,2.528603983051093
0.27013896017477046,-3.2885995767579512,2.5265480621743053
0.2701469881689942,-3.2825755988124694,2.524416232608808
0.2701547469476562,-3.276724452962333,2.5222429948188148
0.27016197898587635,-3.271242692512142,2.5201126045385833
0.2701686809315427,-3.266133910393635,2.5180315838620038
0.27017487455095884,-3.261387799997272,2.516016574234729
0.2701808786630265,-3.2567608991393495,2.514028548970049
0.2701868263413655,-3.2521872475993656,2.5120520650256983
0.2701927665963533,-3.2476336563368204,2.5100814677114642
0.27019869952686015,-3.243083061716309,2.5081025657546694
0.27020463943747886,-3.2385287278028354,2.5061253463978312
0.27021064064445044,-3.2339449971507683,2.504187477056839
0.2702169128058618,-3.229252043869843,2.5022473910922884
0.2702232738880046,-3.2244198663305994,2.5003271632563666
0.270229732090459,-3.21954293406043,2.4984668633492175
0.2702362852720537,-3.2146219937111775,2.4966651434114078
0.27024306193701897,-3.2095489160033464,2.494846501752337
0.2702503267384492,-3.2041020700388625,2.492858124337553
0.270258086130721,-3.1982752638944927,2.4906942065571753
0.2702663221156728,-3.192069157579538,2.4883532246835247
0.2702750686578815,-3.185483171180862,2.485833132310772
0.27028428217629463,-3.1785313252714715,2.483127197948889
0.27029394114154215,-3.1712285973865404,2.480238300215644
0.2703040105718739,-3.1636029808482555,2.4771872239425545
0.27031509942065635,-3.155596203053021,2.4739945223918807
0.2703258830312267,-3.147354781688948,2.4706972528311337
0.27033627792472487,-3.139419489440876,2.4675146017075313
0.2703464252719814,-3.1318251359966474,2.4644626718200153
0.27035629272614536,-3.1242775378314462,2.461392840892159
0.2703660425313345,-3.116784304172999,2.4582701447163506
0.2703762497680027,-3.10885936647327,2.454729138849881
0.2703862611535914,-3.1010638507829267,2.451099644259727
0.2703961444343653,-3.093600030522426,2.447628284996884
0.27040521004464063,-3.0864869141476383,2.444233237575648
0.2704138022720215,-3.0797433780606585,2.4409883322580614
0.27042191992564824,-3.0733650399930887,2.437897896687348
0.2704295515180052,-3.0673686868021495,2.4349691815852643
0.27043664149043756,-3.061747010434252,2.4322083699337127
0.2704433525665232,-3.0564719811607626,2.42958341973763
0.27044958979895606,-3.0515635011850755,2.4271165957559306
0.27045532335311984,-3.0470464405217186,2.4248267889997517
0.2704605980066168,-3.042916055243901,2.4227154369106207
0.2704653528031848,-3.039152829093438,2.4207655748093413
0.27046964018966535,-3.0357524922422274,2.4189788986824388
0.27047346153911456,-3.032714038165692,2.417356626423282
0.27047706564337093,-3.0298443660797028,2.415808988054394
0.2704806555627075,-3.026985641384199,2.4142618117562344
0.2704842696955405,-3.0241078108054382,2.4127008480958914
0.27048792366662516,-3.0211985256825193,2.4111201431190405
0.2704915800491078,-3.0182867536974376,2.4095335683894117
0.2704952405260451,-3.01537107308328,2.4079404762513272
0.27049889806522864,-3.012456876301614,2.4063435235623003
0.2705025473391708,-3.009541163530492,2.4047409837841522
0.27050620047506785,-3.0066299145352877,2.403136452141027
0.2705098577781079,-3.0037141338658415,2.4015252724005554
0.2705135070394862,-3.0008034416469553,2.399912217105558
0.27051715421718264,-2.9978931954667765,2.3982950515907575
0.2705208268910104,-2.9949618191628176,2.396663063040313
0.2705245391115405,-2.9919983010941937,2.3950107235384435
0.27052824687038496,-2.9890370733587766,2.39335523860145
0.27053195244289974,-2.986076359150031,2.3916957689931033
0.2705356701053555,-2.9831049614250675,2.390026688529774
0.27053941000964854,-2.9801149066345767,2.388343959759656
0.2705432082726323,-2.9770778212823017,2.386633088182811
0.27054701300042855,-2.974034414964474,2.384914776865081
0.2705508122119787,-2.970994095562529,2.3831938799319943
0.27055461266317693,-2.967951549672878,2.3814677141070826
0.2705584057854437,-2.9649135122986996,2.3797397995202143
0.2705622001200483,-2.961873259005489,2.37800670820366
0.27056599115812474,-2.9588343328446234,2.3762703213711793
0.27056977933541304,-2.955796383995219,2.3745305018618654
0.2705739373850498,-2.952747074286725,2.372783297776542
0.2705776565741508,-2.9497098596513833,2.37103600498938
0.2705814243889074,-2.9466423727160898,2.369269239784534
0.2705852503249754,-2.943492069380282,2.367620197988358
0.27058974205334785,-2.9402974657691257,2.365985359791889
0.27059343715755446,-2.937254931484228,2.3642232004318355
0.2705971409963477,-2.934216322162863,2.3624573995353306
0.2706005818778352,-2.931178762365212,2.360689726379144
0.270605022359378,-2.9281616991595216,2.358934557436784
0.2706083202684587,-2.9250873034022327,2.3572350550722097
0.27061230851985096,-2.92193790619244,2.35562961750077
0.27061630979298634,-2.918787573961456,2.354043295359047
0.2706202605410087,-2.9156754148614157,2.3524659349424057
0.2706242048014767,-2.9125682185763737,2.350888821538853
0.2706280842556615,-2.909513553245656,2.3493483973373253
0.270631908601378,-2.9065079480132043,2.347843769311182
0.2706356746009183,-2.9035537959626847,2.3463767359424823
0.270639360659534,-2.9006688508464373,2.344959576561139
0.2706429970053945,-2.897828605312347,2.343578214470604
0.2706466134762838,-2.8950151710065724,2.3422417630049037
0.2706501870623289,-2.892242245029089,2.340943601480562
0.2706537221974191,-2.889506196543393,2.3396815951693637
0.27065719367464675,-2.886824727673562,2.338458940242802
0.27066052429657295,-2.8845023368601783,2.337358357104551
0.2706632832987734,-2.8823429069984092,2.3364302822041925
0.2706653024506705,-2.8808119090634614,2.3359372153206395
0.270666832274269,-2.879678924299977,2.3356646986449214
0.27066826009636197,-2.8786141661506273,2.335373051641372
0.27066959697859716,-2.87760745132408,2.3350561760651134
0.27067087695921643,-2.8766292895895154,2.334694943917245
0.2706721066184543,-2.8756733629612095,2.334285154537023
0.27067328393737694,-2.8747408912877197,2.3338278954843106
0.27067441602442655,-2.87382882906401,2.3333304548925513
0.270675546638004,-2.8729168486818177,2.332825403063416
0.2706766820983768,-2.8720022821121427,2.3323191994455352
0.2706779238276676,-2.871003567004937,2.331766221835992
0.27067955766091506,-2.8696846211176457,2.331013344435085
0.2706816150514218,-2.868018867025453,2.330041967048123
0.2706837903057392,-2.8662498412483393,2.328989811098195
0.27068600966813205,-2.864429250679658,2.3278805281048323
0.27068885597834214,-2.862471532833291,2.3266795253399764
0.2706910720236927,-2.8605848534404914,2.3254824357847528
0.27069323207476886,-2.858750072989026,2.3242999022436726
0.27069527169760743,-2.85701920213451,2.323167990236475
0.27069689671601405,-2.8556359750673117,2.3222533607300107
0.27069809087986135,-2.8546125981180914,2.321564760174697
0.2706990653946496,-2.853774946397219,2.3209935151536576
0.2707000205298674,-2.852957963058297,2.3204363644188475
0.27070095525002835,-2.852161666802969,2.319893321094395
0.2707018687779602,-2.851386020056342,2.31936442060747
0.27070276042183217,-2.8506310222116515,2.3188496846388738
0.27070362968456674,-2.849896630984228,2.318349149900596
0.270704492313245,-2.8491731326512655,2.3178667457767554
0.27070536975372245,-2.848447449609546,2.3174078242501497
0.27070622317467097,-2.847742775260386,2.3169631505862482
0.2707070021594548,-2.8470892019044225,2.3165205897294245
0.27070775265083136,-2.846459093361717,2.3160911541135616
0.27070847887491667,-2.845849817688598,2.3156759127805757
0.2707091806959986,-2.8452613876629416,2.315274874881095
0.2707098580009214,-2.844693815493295,2.314888049153517
0.2707105106950428,-2.8441471128313194,2.3145154439336326
0.2707111386989668,-2.8436212907842884,2.3141570671641394
0.27071174194586967,-2.8431163599274605,2.3138129264040224
0.27071232037931175,-2.842632330316224,2.3134830288377124
0.2707128739514464,-2.8421692114979327,2.3131673812839835
0.2707134026215525,-2.8417270125233625,2.3128659902045636
0.27071390635483544,-2.8413057419577656,2.3125788617123817
0.2707143851214421,-2.8409054078914577,2.312306001579488
0.2707148388956564,-2.8405260179499336,2.312047415244587
0.27071526765523946,-2.84016757930348,2.3118031078202
0.2707156713808891,-2.8398300986762886,2.3115730840994235
0.27071605005579635,-2.839513582355041,2.3113573485623102
0.27071640366528327,-2.83921803619697,2.3111559053818533
0.27071673219650444,-2.838943465637411,2.3109687584295697
0.2707170356382031,-2.838689875696816,2.3107959112806937
0.2707173139805108,-2.8384572709872526,2.3106373672189915
0.27071756721478324,-2.838245655718384,2.3104931292411712
0.2707177953334649,-2.838055033702936,2.3103632000609267
0.27071799832997917,-2.837885408361645,2.310247582112596
0.2707181761986367,-2.8377367827277142,2.310146277554436
0.27071832893456155,-2.8376091594507526,2.310059288271544
0.27071845653362947,-2.8375025408002283,2.3099866158783926
0.27071855899241826,-2.8374169286684197,2.3099282617210077
0.27071863630816656,-2.8373523245728736,2.309884226878788
0.2707186884787401,-2.837308729658388,2.309854512165953
0.2707187155026049,-2.837286144698491,2.3098391181326425
0.2707187190198538,-2.8372832036500486,2.3098371135425086
0.2707187190198538,-2.8372832036500486,2.3098371135425086
0.2707187190198538,-2.8372832036500486,2.3098371135425086
0.2707187190198538,-2.8372832036500486,2.3098371135425086
0.2707187190198538,-2.8372832036500486,2.3098371135425086
0.2707187190198538,-2.8372832036500486,2.3098371135425086
0.2707187190198538,-2.8372832036500486,2.3098371135425086
0.2707187190198538,-2.8372832036500486,2.3098371135425086
0.2707187190198538,-2.8372832036500486,2.3098371135425086
0.2707187190198538,-2.8372832036500486,2.3098371135425086
0.2707187190198538,-2.8372832036500486,2.3098371135425086
0.2707187190198538,-2.8372832036500486,2.3098371135425086
0.2707187190198538,-2.8372832036500486,2.3098371135425086
0.2707187190198538,-2.8372832036500486,2.3098371135425086
0.2707187190198538,-2.8372832036500486,2.3098371135425086
0.2707187190198538,-2.8372832036500486,2.3098371135425086
0.2707187190198538,-2.8372832036500486,2.3098371135425086
0.2707187190198538,-2.8372832036500486,2.3098371135425086
0.2707187190198538,-2.8372832036500486,2.3098371135425086
0.2707187190198538,-2.8372832036500486,2.3098371135425086
0.2707187190198538,-2.8372832036500486,2.3098371135425086
0.2707187190198538,-2.8372832036500486,2.3098371135425086
0.2707187190198538,-2.8372832036500486,2.3098371135425086
0.2707187190198538,-2.8372832036500486,2.3098371135425086
0.2707187190198538,-2.8372832036500486,2.3098371135425086
0.2707187190198538,-2.8372832036500486,2.3098371135425086
0.27071872063157804,-2.837281834706873,2.309836219437944
0.270718957130784,-2.837087714350278,2.309712862079123
0.2707196049663452,-2.8365559924537114,2.3093749695698573
0.2707206652689922,-2.8356847778236194,2.3088212524847225
0.2707221591958541,-2.8344584234720696,2.3080410397124576
0.27072408964701533,-2.832873469073709,2.307031951010077
0.27072645663996575,-2.8309299286908214,2.3057939626754194
0.27072926018987203,-2.8286278212906155,2.304327042472678
0.2707325002945247,-2.8259671709863503,2.302631149537662
0.2707361771051013,-2.8229478123800456,2.3007063136843735
0.2707401062756666,-2.8197199472601326,2.2986544432097022
0.27074425144140746,-2.8163168652601627,2.296498373363406
0.27074878239722405,-2.8125974227298745,2.2941417481002735
0.270753699238717,-2.8085616739958548,2.2915844892674504
0.27075900207725745,-2.80420967880225,2.2888265111034976
0.2707646910369756,-2.7995415022264636,2.2858677203163453
0.2707707662504526,-2.7945572146269706,2.2827080161942255
0.27077722784525216,-2.789256891593713,2.279347290716376
0.2707840759282068,-2.78364061388727,2.2757854286740553
0.2707913105651474,-2.7777084673722823,2.272022307801376
0.27079893175635433,-2.7714605429572305,2.2680577989294
0.27080693940377143,-2.764896936552221,2.2638917661914597
0.27081533327931157,-2.758017749623654,2.259524066585555
0.27082443609611473,-2.750822378707399,2.254954267079816
0.27083382601604955,-2.7433124417215553,2.2501809003494664
0.2708431547376682,-2.735454760040734,2.245194755591993
0.2708530431907372,-2.72729788079413,2.2400147315622108
0.2708633403906779,-2.718813618265686,2.234632873446786
0.2708739683624558,-2.7100069933617688,2.2290490269731453
0.27088508833076674,-2.7008749536570313,2.22327182717337
0.2708966250770303,-2.6914109509245687,2.2173061977188646
0.2709085031503087,-2.681673392423268,2.211173380229198
0.270921146446961,-2.671497252849934,2.2046877774317575
0.2709334737147867,-2.6612978108934,2.1981153443755517
0.2709454067159486,-2.6514547638430406,2.1917662872802994
0.2709568719334138,-2.6419681402411053,2.185635157407752
0.2709673212401409,-2.632844604216438,2.179737226147925
0.2709787500735614,-2.6240643831128208,2.1740784421196224
0.27098889698118706,-2.615650507489889,2.1686372985389277
0.2709986191228092,-2.6075964122215756,2.1634248682284967
0.27100812597267604,-2.599902165293162,2.158444568796201
0.2710169595980345,-2.5925638881397823,2.1536923961027017
0.2710253743025325,-2.5855817118507085,2.1491711396986215
0.27103337131521515,-2.578954075651182,2.1448821730426366
0.27104093399388673,-2.572688643892326,2.1408217413495976
0.2710480700117217,-2.566780746933466,2.136992027871387
0.27105477824473534,-2.561230315288386,2.133393152160611
0.2710610577437629,-2.5560372839148675,2.1300252259574877
0.27106690771085984,-2.5512015921163957,2.1268883533929266
0.27107226680058866,-2.5467371115315522,2.123978075128016
0.2710772615474015,-2.5426109671399977,2.1213030930707117
0.27108183702841837,-2.5388385700213485,2.1188542108958877
0.27108597845441273,-2.5354244395239034,2.1166382687386873
0.2710896782221208,-2.5323743403676584,2.114658579024022
0.27109294491150837,-2.52968134219084,2.1129103418676842
0.27109577851102284,-2.527345416230304,2.111393614829575
0.27109845289671924,-2.525366754971653,2.1101092264798846
0.271100356647777,-2.523751609597345,2.1090561427921544
0.27110185076679816,-2.52248674247047,2.1082341006960954
0.27110291905862693,-2.5215788533341836,2.107643751008216
0.2711035601977496,-2.5210279277571512,2.1072851147863503
0.271103773411424,-2.520833696652468,2.107158039365236
0.2711037775559223,-2.5208151910722076,2.1071454202732154
0.2711037762895561,-2.5208142380760323,2.107144770494943
0.2711037762895561,-2.5208142380760323,2.107144770494943
0.2711037762895561,-2.5208142380760323,2.107144770494943
0.2711037762895561,-2.5208142380760323,2.107144770494943
0.2711037762895561,-2.5208142380760323,2.107144770494943
0.2711037762895561,-2.5208142380760323,2.107144770494943
0.2711037762895561,-2.5208142380760323,2.107144770494943
0.2711037762895561,-2.5208142380760323,2.107144770494943
0.2711037762895561,-2.5208142380760323,2.107144770494943
0.2711037762895561,-2.5208142380760323,2.107144770494943
0.2711037762895561,-2.5208142380760323,2.107144770494943
0.2711037762895561,-2.5208142380760323,2.107144770494943
0.2711037762895561,-2.5208142380760323,2.107144770494943
0.2711037762895561,-2.5208142380760323,2.107144770494943
0.2711037762895561,-2.5208142380760323,2.107144770494943
0.2711037762895561,-2.5208142380760323,2.107144770494943
0.2711037762895561,-2.5208142380760323,2.107144770494943
0.2711037762895561,-2.5208142380760323,2.107144770494943
